size_bytes	mtime	path
9	2026-09-20T20:50:34.2014265000	/data/BASELINE_2026/NNUE_TUNING/C54_ITERATIVE_OVERNIGHT_V1/GENERATIONS/GEN_0001/DONE
207702	2026-09-20T20:50:33.0238430000	/data/BASELINE_2026/NNUE_TUNING/C54_ITERATIVE_OVERNIGHT_V1/GENERATIONS/GEN_0001/MATCH/games.pgn
18806	2026-09-20T20:50:33.0283549000	/data/BASELINE_2026/NNUE_TUNING/C54_ITERATIVE_OVERNIGHT_V1/GENERATIONS/GEN_0001/MATCH/match.txt
146179	2026-09-20T20:43:51.4452289000	/data/BASELINE_2026/NNUE_TUNING/C54_ITERATIVE_OVERNIGHT_V1/GENERATIONS/GEN_0001/MINING_POOL.tsv
566	2026-09-20T20:50:34.1898953000	/data/BASELINE_2026/NNUE_TUNING/C54_ITERATIVE_OVERNIGHT_V1/GENERATIONS/GEN_0001/RESULT.json
683680	2026-09-20T20:48:41.4405181000	/data/BASELINE_2026/NNUE_TUNING/C54_ITERATIVE_OVERNIGHT_V1/GENERATIONS/GEN_0001/TARGETED_TRAIN.binpack
4190675	2026-09-20T20:48:41.3714466000	/data/BASELINE_2026/NNUE_TUNING/C54_ITERATIVE_OVERNIGHT_V1/GENERATIONS/GEN_0001/TARGETED_TRAIN.tsv
1857951552	2026-09-20T20:48:55.3484354000	/data/BASELINE_2026/NNUE_TUNING/C54_ITERATIVE_OVERNIGHT_V1/GENERATIONS/GEN_0001/TRAIN_RUN/lightning_logs/version_0/checkpoints/last.ckpt
386	2026-09-20T20:48:56.7430591000	/data/BASELINE_2026/NNUE_TUNING/C54_ITERATIVE_OVERNIGHT_V1/GENERATIONS/GEN_0001/TRAIN_RUN/lightning_logs/version_0/events.out.tfevents.1789937325.74700ca2d2bd.63197.0
223	2026-09-20T20:48:56.7546467000	/data/BASELINE_2026/NNUE_TUNING/C54_ITERATIVE_OVERNIGHT_V1/GENERATIONS/GEN_0001/TRAIN_RUN/lightning_logs/version_0/metrics.csv
0	2026-09-20T20:48:56.7637265000	/data/BASELINE_2026/NNUE_TUNING/C54_ITERATIVE_OVERNIGHT_V1/GENERATIONS/GEN_0001/TRAIN_RUN/training_finished
526	2026-09-20T20:48:41.4485335000	/data/BASELINE_2026/NNUE_TUNING/C54_ITERATIVE_OVERNIGHT_V1/GENERATIONS/GEN_0001/binpack.log
98961940	2026-09-20T20:49:19.1672064000	/data/BASELINE_2026/NNUE_TUNING/C54_ITERATIVE_OVERNIGHT_V1/GENERATIONS/GEN_0001/challenger.nnue
371605482	2026-09-20T20:49:07.4016421000	/data/BASELINE_2026/NNUE_TUNING/C54_ITERATIVE_OVERNIGHT_V1/GENERATIONS/GEN_0001/challenger.pt
1601	2026-09-20T20:49:24.3549934000	/data/BASELINE_2026/NNUE_TUNING/C54_ITERATIVE_OVERNIGHT_V1/GENERATIONS/GEN_0001/fixed_dev.txt
444499	2026-09-20T20:48:41.1816164000	/data/BASELINE_2026/NNUE_TUNING/C54_ITERATIVE_OVERNIGHT_V1/GENERATIONS/GEN_0001/metrics.log
199930	2026-09-20T20:48:41.0393057000	/data/BASELINE_2026/NNUE_TUNING/C54_ITERATIVE_OVERNIGHT_V1/GENERATIONS/GEN_0001/mining.log
1757184	2026-09-20T20:48:41.1773873000	/data/BASELINE_2026/NNUE_TUNING/C54_ITERATIVE_OVERNIGHT_V1/GENERATIONS/GEN_0001/mining.sqlite
21164	2026-09-20T20:49:19.2038954000	/data/BASELINE_2026/NNUE_TUNING/C54_ITERATIVE_OVERNIGHT_V1/GENERATIONS/GEN_0001/serialize_nnue.log
600	2026-09-20T20:49:07.4294369000	/data/BASELINE_2026/NNUE_TUNING/C54_ITERATIVE_OVERNIGHT_V1/GENERATIONS/GEN_0001/serialize_pt.log
2735	2026-09-20T20:48:56.7556454000	/data/BASELINE_2026/NNUE_TUNING/C54_ITERATIVE_OVERNIGHT_V1/GENERATIONS/GEN_0001/train.log
9	2026-09-20T20:55:29.2500082000	/data/BASELINE_2026/NNUE_TUNING/C54_ITERATIVE_OVERNIGHT_V1/GENERATIONS/GEN_0001_RETRY_20260920_204824/DONE
207702	2026-09-20T20:55:27.9690289000	/data/BASELINE_2026/NNUE_TUNING/C54_ITERATIVE_OVERNIGHT_V1/GENERATIONS/GEN_0001_RETRY_20260920_204824/MATCH/games.pgn
18850	2026-09-20T20:55:27.9735323000	/data/BASELINE_2026/NNUE_TUNING/C54_ITERATIVE_OVERNIGHT_V1/GENERATIONS/GEN_0001_RETRY_20260920_204824/MATCH/match.txt
146179	2026-09-20T20:48:28.0314973000	/data/BASELINE_2026/NNUE_TUNING/C54_ITERATIVE_OVERNIGHT_V1/GENERATIONS/GEN_0001_RETRY_20260920_204824/MINING_POOL.tsv
566	2026-09-20T20:55:29.2418155000	/data/BASELINE_2026/NNUE_TUNING/C54_ITERATIVE_OVERNIGHT_V1/GENERATIONS/GEN_0001_RETRY_20260920_204824/RESULT.json
683680	2026-09-20T20:53:36.2609071000	/data/BASELINE_2026/NNUE_TUNING/C54_ITERATIVE_OVERNIGHT_V1/GENERATIONS/GEN_0001_RETRY_20260920_204824/TARGETED_TRAIN.binpack
4190675	2026-09-20T20:53:36.1842976000	/data/BASELINE_2026/NNUE_TUNING/C54_ITERATIVE_OVERNIGHT_V1/GENERATIONS/GEN_0001_RETRY_20260920_204824/TARGETED_TRAIN.tsv
1857951552	2026-09-20T20:53:50.3000810000	/data/BASELINE_2026/NNUE_TUNING/C54_ITERATIVE_OVERNIGHT_V1/GENERATIONS/GEN_0001_RETRY_20260920_204824/TRAIN_RUN/lightning_logs/version_0/checkpoints/last.ckpt
386	2026-09-20T20:53:51.6905836000	/data/BASELINE_2026/NNUE_TUNING/C54_ITERATIVE_OVERNIGHT_V1/GENERATIONS/GEN_0001_RETRY_20260920_204824/TRAIN_RUN/lightning_logs/version_0/events.out.tfevents.1789937620.74700ca2d2bd.64354.0
223	2026-09-20T20:53:51.7006561000	/data/BASELINE_2026/NNUE_TUNING/C54_ITERATIVE_OVERNIGHT_V1/GENERATIONS/GEN_0001_RETRY_20260920_204824/TRAIN_RUN/lightning_logs/version_0/metrics.csv
0	2026-09-20T20:53:51.7103854000	/data/BASELINE_2026/NNUE_TUNING/C54_ITERATIVE_OVERNIGHT_V1/GENERATIONS/GEN_0001_RETRY_20260920_204824/TRAIN_RUN/training_finished
570	2026-09-20T20:53:36.2689078000	/data/BASELINE_2026/NNUE_TUNING/C54_ITERATIVE_OVERNIGHT_V1/GENERATIONS/GEN_0001_RETRY_20260920_204824/binpack.log
98961940	2026-09-20T20:54:13.3665497000	/data/BASELINE_2026/NNUE_TUNING/C54_ITERATIVE_OVERNIGHT_V1/GENERATIONS/GEN_0001_RETRY_20260920_204824/challenger.nnue
371605482	2026-09-20T20:54:02.0213269000	/data/BASELINE_2026/NNUE_TUNING/C54_ITERATIVE_OVERNIGHT_V1/GENERATIONS/GEN_0001_RETRY_20260920_204824/challenger.pt
1623	2026-09-20T20:54:18.7600530000	/data/BASELINE_2026/NNUE_TUNING/C54_ITERATIVE_OVERNIGHT_V1/GENERATIONS/GEN_0001_RETRY_20260920_204824/fixed_dev.txt
444521	2026-09-20T20:53:36.0076085000	/data/BASELINE_2026/NNUE_TUNING/C54_ITERATIVE_OVERNIGHT_V1/GENERATIONS/GEN_0001_RETRY_20260920_204824/metrics.log
199974	2026-09-20T20:53:35.8761617000	/data/BASELINE_2026/NNUE_TUNING/C54_ITERATIVE_OVERNIGHT_V1/GENERATIONS/GEN_0001_RETRY_20260920_204824/mining.log
1757184	2026-09-20T20:53:36.0061030000	/data/BASELINE_2026/NNUE_TUNING/C54_ITERATIVE_OVERNIGHT_V1/GENERATIONS/GEN_0001_RETRY_20260920_204824/mining.sqlite
21274	2026-09-20T20:54:13.4030657000	/data/BASELINE_2026/NNUE_TUNING/C54_ITERATIVE_OVERNIGHT_V1/GENERATIONS/GEN_0001_RETRY_20260920_204824/serialize_nnue.log
688	2026-09-20T20:54:02.0504867000	/data/BASELINE_2026/NNUE_TUNING/C54_ITERATIVE_OVERNIGHT_V1/GENERATIONS/GEN_0001_RETRY_20260920_204824/serialize_pt.log
2823	2026-09-20T20:53:51.7016562000	/data/BASELINE_2026/NNUE_TUNING/C54_ITERATIVE_OVERNIGHT_V1/GENERATIONS/GEN_0001_RETRY_20260920_204824/train.log
9	2026-09-20T20:57:39.1090902000	/data/BASELINE_2026/NNUE_TUNING/C54_ITERATIVE_OVERNIGHT_V1/GENERATIONS/GEN_0002/DONE
209801	2026-09-20T20:57:37.8832840000	/data/BASELINE_2026/NNUE_TUNING/C54_ITERATIVE_OVERNIGHT_V1/GENERATIONS/GEN_0002/MATCH/games.pgn
18821	2026-09-20T20:57:37.8872900000	/data/BASELINE_2026/NNUE_TUNING/C54_ITERATIVE_OVERNIGHT_V1/GENERATIONS/GEN_0002/MATCH/match.txt
144378	2026-09-20T20:50:37.5768366000	/data/BASELINE_2026/NNUE_TUNING/C54_ITERATIVE_OVERNIGHT_V1/GENERATIONS/GEN_0002/MINING_POOL.tsv
566	2026-09-20T20:57:39.1015828000	/data/BASELINE_2026/NNUE_TUNING/C54_ITERATIVE_OVERNIGHT_V1/GENERATIONS/GEN_0002/RESULT.json
688848	2026-09-20T20:55:45.3588742000	/data/BASELINE_2026/NNUE_TUNING/C54_ITERATIVE_OVERNIGHT_V1/GENERATIONS/GEN_0002/TARGETED_TRAIN.binpack
4133547	2026-09-20T20:55:45.2935310000	/data/BASELINE_2026/NNUE_TUNING/C54_ITERATIVE_OVERNIGHT_V1/GENERATIONS/GEN_0002/TARGETED_TRAIN.tsv
1857951552	2026-09-20T20:55:59.3807067000	/data/BASELINE_2026/NNUE_TUNING/C54_ITERATIVE_OVERNIGHT_V1/GENERATIONS/GEN_0002/TRAIN_RUN/lightning_logs/version_0/checkpoints/last.ckpt
386	2026-09-20T20:56:00.8053122000	/data/BASELINE_2026/NNUE_TUNING/C54_ITERATIVE_OVERNIGHT_V1/GENERATIONS/GEN_0002/TRAIN_RUN/lightning_logs/version_0/events.out.tfevents.1789937749.74700ca2d2bd.65190.0
226	2026-09-20T20:56:00.8174010000	/data/BASELINE_2026/NNUE_TUNING/C54_ITERATIVE_OVERNIGHT_V1/GENERATIONS/GEN_0002/TRAIN_RUN/lightning_logs/version_0/metrics.csv
0	2026-09-20T20:56:00.8279362000	/data/BASELINE_2026/NNUE_TUNING/C54_ITERATIVE_OVERNIGHT_V1/GENERATIONS/GEN_0002/TRAIN_RUN/training_finished
526	2026-09-20T20:55:45.3659243000	/data/BASELINE_2026/NNUE_TUNING/C54_ITERATIVE_OVERNIGHT_V1/GENERATIONS/GEN_0002/binpack.log
98961939	2026-09-20T20:56:22.6989170000	/data/BASELINE_2026/NNUE_TUNING/C54_ITERATIVE_OVERNIGHT_V1/GENERATIONS/GEN_0002/challenger.nnue
371605482	2026-09-20T20:56:11.3618917000	/data/BASELINE_2026/NNUE_TUNING/C54_ITERATIVE_OVERNIGHT_V1/GENERATIONS/GEN_0002/challenger.pt
1601	2026-09-20T20:56:27.8858058000	/data/BASELINE_2026/NNUE_TUNING/C54_ITERATIVE_OVERNIGHT_V1/GENERATIONS/GEN_0002/fixed_dev.txt
444594	2026-09-20T20:55:45.1035525000	/data/BASELINE_2026/NNUE_TUNING/C54_ITERATIVE_OVERNIGHT_V1/GENERATIONS/GEN_0002/metrics.log
199663	2026-09-20T20:55:44.9578543000	/data/BASELINE_2026/NNUE_TUNING/C54_ITERATIVE_OVERNIGHT_V1/GENERATIONS/GEN_0002/mining.log
1736704	2026-09-20T20:55:45.1009739000	/data/BASELINE_2026/NNUE_TUNING/C54_ITERATIVE_OVERNIGHT_V1/GENERATIONS/GEN_0002/mining.sqlite
21164	2026-09-20T20:56:22.7365663000	/data/BASELINE_2026/NNUE_TUNING/C54_ITERATIVE_OVERNIGHT_V1/GENERATIONS/GEN_0002/serialize_nnue.log
600	2026-09-20T20:56:11.3920276000	/data/BASELINE_2026/NNUE_TUNING/C54_ITERATIVE_OVERNIGHT_V1/GENERATIONS/GEN_0002/serialize_pt.log
2735	2026-09-20T20:56:00.8189062000	/data/BASELINE_2026/NNUE_TUNING/C54_ITERATIVE_OVERNIGHT_V1/GENERATIONS/GEN_0002/train.log
9	2026-09-20T21:02:29.6559937000	/data/BASELINE_2026/NNUE_TUNING/C54_ITERATIVE_OVERNIGHT_V1/GENERATIONS/GEN_0002_RETRY_20260920_205529/DONE
209801	2026-09-20T21:02:28.4995482000	/data/BASELINE_2026/NNUE_TUNING/C54_ITERATIVE_OVERNIGHT_V1/GENERATIONS/GEN_0002_RETRY_20260920_205529/MATCH/games.pgn
18865	2026-09-20T21:02:28.5060640000	/data/BASELINE_2026/NNUE_TUNING/C54_ITERATIVE_OVERNIGHT_V1/GENERATIONS/GEN_0002_RETRY_20260920_205529/MATCH/match.txt
144378	2026-09-20T20:55:32.5790234000	/data/BASELINE_2026/NNUE_TUNING/C54_ITERATIVE_OVERNIGHT_V1/GENERATIONS/GEN_0002_RETRY_20260920_205529/MINING_POOL.tsv
566	2026-09-20T21:02:29.6439912000	/data/BASELINE_2026/NNUE_TUNING/C54_ITERATIVE_OVERNIGHT_V1/GENERATIONS/GEN_0002_RETRY_20260920_205529/RESULT.json
688848	2026-09-20T21:00:41.0107622000	/data/BASELINE_2026/NNUE_TUNING/C54_ITERATIVE_OVERNIGHT_V1/GENERATIONS/GEN_0002_RETRY_20260920_205529/TARGETED_TRAIN.binpack
4133547	2026-09-20T21:00:40.9446759000	/data/BASELINE_2026/NNUE_TUNING/C54_ITERATIVE_OVERNIGHT_V1/GENERATIONS/GEN_0002_RETRY_20260920_205529/TARGETED_TRAIN.tsv
1857951552	2026-09-20T21:00:54.8405311000	/data/BASELINE_2026/NNUE_TUNING/C54_ITERATIVE_OVERNIGHT_V1/GENERATIONS/GEN_0002_RETRY_20260920_205529/TRAIN_RUN/lightning_logs/version_0/checkpoints/last.ckpt
386	2026-09-20T21:00:56.2871049000	/data/BASELINE_2026/NNUE_TUNING/C54_ITERATIVE_OVERNIGHT_V1/GENERATIONS/GEN_0002_RETRY_20260920_205529/TRAIN_RUN/lightning_logs/version_0/events.out.tfevents.1789938044.74700ca2d2bd.66351.0
226	2026-09-20T21:00:56.2972170000	/data/BASELINE_2026/NNUE_TUNING/C54_ITERATIVE_OVERNIGHT_V1/GENERATIONS/GEN_0002_RETRY_20260920_205529/TRAIN_RUN/lightning_logs/version_0/metrics.csv
0	2026-09-20T21:00:56.3072446000	/data/BASELINE_2026/NNUE_TUNING/C54_ITERATIVE_OVERNIGHT_V1/GENERATIONS/GEN_0002_RETRY_20260920_205529/TRAIN_RUN/training_finished
570	2026-09-20T21:00:41.0177716000	/data/BASELINE_2026/NNUE_TUNING/C54_ITERATIVE_OVERNIGHT_V1/GENERATIONS/GEN_0002_RETRY_20260920_205529/binpack.log
98961939	2026-09-20T21:01:17.6890632000	/data/BASELINE_2026/NNUE_TUNING/C54_ITERATIVE_OVERNIGHT_V1/GENERATIONS/GEN_0002_RETRY_20260920_205529/challenger.nnue
371605482	2026-09-20T21:01:06.4402571000	/data/BASELINE_2026/NNUE_TUNING/C54_ITERATIVE_OVERNIGHT_V1/GENERATIONS/GEN_0002_RETRY_20260920_205529/challenger.pt
1623	2026-09-20T21:01:22.9067457000	/data/BASELINE_2026/NNUE_TUNING/C54_ITERATIVE_OVERNIGHT_V1/GENERATIONS/GEN_0002_RETRY_20260920_205529/fixed_dev.txt
444616	2026-09-20T21:00:40.7683822000	/data/BASELINE_2026/NNUE_TUNING/C54_ITERATIVE_OVERNIGHT_V1/GENERATIONS/GEN_0002_RETRY_20260920_205529/metrics.log
199707	2026-09-20T21:00:40.6236873000	/data/BASELINE_2026/NNUE_TUNING/C54_ITERATIVE_OVERNIGHT_V1/GENERATIONS/GEN_0002_RETRY_20260920_205529/mining.log
1736704	2026-09-20T21:00:40.7663813000	/data/BASELINE_2026/NNUE_TUNING/C54_ITERATIVE_OVERNIGHT_V1/GENERATIONS/GEN_0002_RETRY_20260920_205529/mining.sqlite
21274	2026-09-20T21:01:17.7287729000	/data/BASELINE_2026/NNUE_TUNING/C54_ITERATIVE_OVERNIGHT_V1/GENERATIONS/GEN_0002_RETRY_20260920_205529/serialize_nnue.log
688	2026-09-20T21:01:06.4714078000	/data/BASELINE_2026/NNUE_TUNING/C54_ITERATIVE_OVERNIGHT_V1/GENERATIONS/GEN_0002_RETRY_20260920_205529/serialize_pt.log
2823	2026-09-20T21:00:56.2987234000	/data/BASELINE_2026/NNUE_TUNING/C54_ITERATIVE_OVERNIGHT_V1/GENERATIONS/GEN_0002_RETRY_20260920_205529/train.log
145071	2026-09-20T20:57:42.4684943000	/data/BASELINE_2026/NNUE_TUNING/C54_ITERATIVE_OVERNIGHT_V1/GENERATIONS/GEN_0003/MINING_POOL.tsv
147793	2026-09-20T21:01:19.2821328000	/data/BASELINE_2026/NNUE_TUNING/C54_ITERATIVE_OVERNIGHT_V1/GENERATIONS/GEN_0003/mining.log
1249280	2026-09-20T21:01:19.2771192000	/data/BASELINE_2026/NNUE_TUNING/C54_ITERATIVE_OVERNIGHT_V1/GENERATIONS/GEN_0003/mining.sqlite
9	2026-09-20T21:09:11.6676715000	/data/BASELINE_2026/NNUE_TUNING/C54_ITERATIVE_OVERNIGHT_V1/GENERATIONS/GEN_0003_RETRY_20260920_210229/DONE
221851	2026-09-20T21:09:10.2905410000	/data/BASELINE_2026/NNUE_TUNING/C54_ITERATIVE_OVERNIGHT_V1/GENERATIONS/GEN_0003_RETRY_20260920_210229/MATCH/games.pgn
18784	2026-09-20T21:09:10.2990652000	/data/BASELINE_2026/NNUE_TUNING/C54_ITERATIVE_OVERNIGHT_V1/GENERATIONS/GEN_0003_RETRY_20260920_210229/MATCH/match.txt
145071	2026-09-20T21:02:32.8432959000	/data/BASELINE_2026/NNUE_TUNING/C54_ITERATIVE_OVERNIGHT_V1/GENERATIONS/GEN_0003_RETRY_20260920_210229/MINING_POOL.tsv
566	2026-09-20T21:09:11.6212149000	/data/BASELINE_2026/NNUE_TUNING/C54_ITERATIVE_OVERNIGHT_V1/GENERATIONS/GEN_0003_RETRY_20260920_210229/RESULT.json
687896	2026-09-20T21:07:14.9425071000	/data/BASELINE_2026/NNUE_TUNING/C54_ITERATIVE_OVERNIGHT_V1/GENERATIONS/GEN_0003_RETRY_20260920_210229/TARGETED_TRAIN.binpack
4147480	2026-09-20T21:07:14.8774230000	/data/BASELINE_2026/NNUE_TUNING/C54_ITERATIVE_OVERNIGHT_V1/GENERATIONS/GEN_0003_RETRY_20260920_210229/TARGETED_TRAIN.tsv
1857951552	2026-09-20T21:07:28.2059612000	/data/BASELINE_2026/NNUE_TUNING/C54_ITERATIVE_OVERNIGHT_V1/GENERATIONS/GEN_0003_RETRY_20260920_210229/TRAIN_RUN/lightning_logs/version_0/checkpoints/last.ckpt
386	2026-09-20T21:07:29.5482073000	/data/BASELINE_2026/NNUE_TUNING/C54_ITERATIVE_OVERNIGHT_V1/GENERATIONS/GEN_0003_RETRY_20260920_210229/TRAIN_RUN/lightning_logs/version_0/events.out.tfevents.1789938438.74700ca2d2bd.67711.0
224	2026-09-20T21:07:29.5597421000	/data/BASELINE_2026/NNUE_TUNING/C54_ITERATIVE_OVERNIGHT_V1/GENERATIONS/GEN_0003_RETRY_20260920_210229/TRAIN_RUN/lightning_logs/version_0/metrics.csv
0	2026-09-20T21:07:29.5692648000	/data/BASELINE_2026/NNUE_TUNING/C54_ITERATIVE_OVERNIGHT_V1/GENERATIONS/GEN_0003_RETRY_20260920_210229/TRAIN_RUN/training_finished
570	2026-09-20T21:07:14.9500161000	/data/BASELINE_2026/NNUE_TUNING/C54_ITERATIVE_OVERNIGHT_V1/GENERATIONS/GEN_0003_RETRY_20260920_210229/binpack.log
98961941	2026-09-20T21:07:51.2171313000	/data/BASELINE_2026/NNUE_TUNING/C54_ITERATIVE_OVERNIGHT_V1/GENERATIONS/GEN_0003_RETRY_20260920_210229/challenger.nnue
371605482	2026-09-20T21:07:39.9846409000	/data/BASELINE_2026/NNUE_TUNING/C54_ITERATIVE_OVERNIGHT_V1/GENERATIONS/GEN_0003_RETRY_20260920_210229/challenger.pt
1623	2026-09-20T21:07:56.3790619000	/data/BASELINE_2026/NNUE_TUNING/C54_ITERATIVE_OVERNIGHT_V1/GENERATIONS/GEN_0003_RETRY_20260920_210229/fixed_dev.txt
444822	2026-09-20T21:07:14.7085273000	/data/BASELINE_2026/NNUE_TUNING/C54_ITERATIVE_OVERNIGHT_V1/GENERATIONS/GEN_0003_RETRY_20260920_210229/metrics.log
199662	2026-09-20T21:07:14.5797696000	/data/BASELINE_2026/NNUE_TUNING/C54_ITERATIVE_OVERNIGHT_V1/GENERATIONS/GEN_0003_RETRY_20260920_210229/mining.log
1748992	2026-09-20T21:07:14.7064504000	/data/BASELINE_2026/NNUE_TUNING/C54_ITERATIVE_OVERNIGHT_V1/GENERATIONS/GEN_0003_RETRY_20260920_210229/mining.sqlite
21274	2026-09-20T21:07:51.2586953000	/data/BASELINE_2026/NNUE_TUNING/C54_ITERATIVE_OVERNIGHT_V1/GENERATIONS/GEN_0003_RETRY_20260920_210229/serialize_nnue.log
688	2026-09-20T21:07:40.0163988000	/data/BASELINE_2026/NNUE_TUNING/C54_ITERATIVE_OVERNIGHT_V1/GENERATIONS/GEN_0003_RETRY_20260920_210229/serialize_pt.log
2823	2026-09-20T21:07:29.5597421000	/data/BASELINE_2026/NNUE_TUNING/C54_ITERATIVE_OVERNIGHT_V1/GENERATIONS/GEN_0003_RETRY_20260920_210229/train.log
9	2026-09-20T21:15:58.0054926000	/data/BASELINE_2026/NNUE_TUNING/C54_ITERATIVE_OVERNIGHT_V1/GENERATIONS/GEN_0004/DONE
221249	2026-09-20T21:15:56.8393931000	/data/BASELINE_2026/NNUE_TUNING/C54_ITERATIVE_OVERNIGHT_V1/GENERATIONS/GEN_0004/MATCH/games.pgn
18717	2026-09-20T21:15:56.8491100000	/data/BASELINE_2026/NNUE_TUNING/C54_ITERATIVE_OVERNIGHT_V1/GENERATIONS/GEN_0004/MATCH/match.txt
145365	2026-09-20T21:09:15.1185114000	/data/BASELINE_2026/NNUE_TUNING/C54_ITERATIVE_OVERNIGHT_V1/GENERATIONS/GEN_0004/MINING_POOL.tsv
564	2026-09-20T21:15:57.9938398000	/data/BASELINE_2026/NNUE_TUNING/C54_ITERATIVE_OVERNIGHT_V1/GENERATIONS/GEN_0004/RESULT.json
677696	2026-09-20T21:14:08.6380913000	/data/BASELINE_2026/NNUE_TUNING/C54_ITERATIVE_OVERNIGHT_V1/GENERATIONS/GEN_0004/TARGETED_TRAIN.binpack
4110577	2026-09-20T21:14:08.5736493000	/data/BASELINE_2026/NNUE_TUNING/C54_ITERATIVE_OVERNIGHT_V1/GENERATIONS/GEN_0004/TARGETED_TRAIN.tsv
1857951552	2026-09-20T21:14:22.0400897000	/data/BASELINE_2026/NNUE_TUNING/C54_ITERATIVE_OVERNIGHT_V1/GENERATIONS/GEN_0004/TRAIN_RUN/lightning_logs/version_0/checkpoints/last.ckpt
386	2026-09-20T21:14:23.4122441000	/data/BASELINE_2026/NNUE_TUNING/C54_ITERATIVE_OVERNIGHT_V1/GENERATIONS/GEN_0004/TRAIN_RUN/lightning_logs/version_0/events.out.tfevents.1789938852.74700ca2d2bd.69852.0
228	2026-09-20T21:14:23.4229555000	/data/BASELINE_2026/NNUE_TUNING/C54_ITERATIVE_OVERNIGHT_V1/GENERATIONS/GEN_0004/TRAIN_RUN/lightning_logs/version_0/metrics.csv
0	2026-09-20T21:14:23.4280959000	/data/BASELINE_2026/NNUE_TUNING/C54_ITERATIVE_OVERNIGHT_V1/GENERATIONS/GEN_0004/TRAIN_RUN/training_finished
526	2026-09-20T21:14:08.6447967000	/data/BASELINE_2026/NNUE_TUNING/C54_ITERATIVE_OVERNIGHT_V1/GENERATIONS/GEN_0004/binpack.log
98961936	2026-09-20T21:14:44.1360103000	/data/BASELINE_2026/NNUE_TUNING/C54_ITERATIVE_OVERNIGHT_V1/GENERATIONS/GEN_0004/challenger.nnue
371605482	2026-09-20T21:14:33.1866546000	/data/BASELINE_2026/NNUE_TUNING/C54_ITERATIVE_OVERNIGHT_V1/GENERATIONS/GEN_0004/challenger.pt
1601	2026-09-20T21:14:49.1620743000	/data/BASELINE_2026/NNUE_TUNING/C54_ITERATIVE_OVERNIGHT_V1/GENERATIONS/GEN_0004/fixed_dev.txt
444475	2026-09-20T21:14:08.4057624000	/data/BASELINE_2026/NNUE_TUNING/C54_ITERATIVE_OVERNIGHT_V1/GENERATIONS/GEN_0004/metrics.log
200126	2026-09-20T21:14:08.2799609000	/data/BASELINE_2026/NNUE_TUNING/C54_ITERATIVE_OVERNIGHT_V1/GENERATIONS/GEN_0004/mining.log
1748992	2026-09-20T21:14:08.4057624000	/data/BASELINE_2026/NNUE_TUNING/C54_ITERATIVE_OVERNIGHT_V1/GENERATIONS/GEN_0004/mining.sqlite
21164	2026-09-20T21:14:44.1796398000	/data/BASELINE_2026/NNUE_TUNING/C54_ITERATIVE_OVERNIGHT_V1/GENERATIONS/GEN_0004/serialize_nnue.log
600	2026-09-20T21:14:33.2200873000	/data/BASELINE_2026/NNUE_TUNING/C54_ITERATIVE_OVERNIGHT_V1/GENERATIONS/GEN_0004/serialize_pt.log
2735	2026-09-20T21:14:23.4254961000	/data/BASELINE_2026/NNUE_TUNING/C54_ITERATIVE_OVERNIGHT_V1/GENERATIONS/GEN_0004/train.log
9	2026-09-20T21:22:41.4700066000	/data/BASELINE_2026/NNUE_TUNING/C54_ITERATIVE_OVERNIGHT_V1/GENERATIONS/GEN_0005/DONE
196331	2026-09-20T21:22:40.3026736000	/data/BASELINE_2026/NNUE_TUNING/C54_ITERATIVE_OVERNIGHT_V1/GENERATIONS/GEN_0005/MATCH/games.pgn
18765	2026-09-20T21:22:40.3076799000	/data/BASELINE_2026/NNUE_TUNING/C54_ITERATIVE_OVERNIGHT_V1/GENERATIONS/GEN_0005/MATCH/match.txt
143920	2026-09-20T21:16:01.2617622000	/data/BASELINE_2026/NNUE_TUNING/C54_ITERATIVE_OVERNIGHT_V1/GENERATIONS/GEN_0005/MINING_POOL.tsv
567	2026-09-20T21:22:41.4509967000	/data/BASELINE_2026/NNUE_TUNING/C54_ITERATIVE_OVERNIGHT_V1/GENERATIONS/GEN_0005/RESULT.json
672936	2026-09-20T21:20:53.5145748000	/data/BASELINE_2026/NNUE_TUNING/C54_ITERATIVE_OVERNIGHT_V1/GENERATIONS/GEN_0005/TARGETED_TRAIN.binpack
4009345	2026-09-20T21:20:53.4509780000	/data/BASELINE_2026/NNUE_TUNING/C54_ITERATIVE_OVERNIGHT_V1/GENERATIONS/GEN_0005/TARGETED_TRAIN.tsv
1857951552	2026-09-20T21:21:07.4502711000	/data/BASELINE_2026/NNUE_TUNING/C54_ITERATIVE_OVERNIGHT_V1/GENERATIONS/GEN_0005/TRAIN_RUN/lightning_logs/version_0/checkpoints/last.ckpt
386	2026-09-20T21:21:08.8592057000	/data/BASELINE_2026/NNUE_TUNING/C54_ITERATIVE_OVERNIGHT_V1/GENERATIONS/GEN_0005/TRAIN_RUN/lightning_logs/version_0/events.out.tfevents.1789939257.74700ca2d2bd.72818.0
226	2026-09-20T21:21:08.8680553000	/data/BASELINE_2026/NNUE_TUNING/C54_ITERATIVE_OVERNIGHT_V1/GENERATIONS/GEN_0005/TRAIN_RUN/lightning_logs/version_0/metrics.csv
0	2026-09-20T21:21:08.8758576000	/data/BASELINE_2026/NNUE_TUNING/C54_ITERATIVE_OVERNIGHT_V1/GENERATIONS/GEN_0005/TRAIN_RUN/training_finished
526	2026-09-20T21:20:53.5243969000	/data/BASELINE_2026/NNUE_TUNING/C54_ITERATIVE_OVERNIGHT_V1/GENERATIONS/GEN_0005/binpack.log
98961940	2026-09-20T21:21:29.6268077000	/data/BASELINE_2026/NNUE_TUNING/C54_ITERATIVE_OVERNIGHT_V1/GENERATIONS/GEN_0005/challenger.nnue
371605482	2026-09-20T21:21:18.7243531000	/data/BASELINE_2026/NNUE_TUNING/C54_ITERATIVE_OVERNIGHT_V1/GENERATIONS/GEN_0005/challenger.pt
1601	2026-09-20T21:21:34.7467768000	/data/BASELINE_2026/NNUE_TUNING/C54_ITERATIVE_OVERNIGHT_V1/GENERATIONS/GEN_0005/fixed_dev.txt
444406	2026-09-20T21:20:53.2925320000	/data/BASELINE_2026/NNUE_TUNING/C54_ITERATIVE_OVERNIGHT_V1/GENERATIONS/GEN_0005/metrics.log
200304	2026-09-20T21:20:53.1639902000	/data/BASELINE_2026/NNUE_TUNING/C54_ITERATIVE_OVERNIGHT_V1/GENERATIONS/GEN_0005/mining.log
1744896	2026-09-20T21:20:53.2925320000	/data/BASELINE_2026/NNUE_TUNING/C54_ITERATIVE_OVERNIGHT_V1/GENERATIONS/GEN_0005/mining.sqlite
21164	2026-09-20T21:21:29.6676907000	/data/BASELINE_2026/NNUE_TUNING/C54_ITERATIVE_OVERNIGHT_V1/GENERATIONS/GEN_0005/serialize_nnue.log
600	2026-09-20T21:21:18.7526316000	/data/BASELINE_2026/NNUE_TUNING/C54_ITERATIVE_OVERNIGHT_V1/GENERATIONS/GEN_0005/serialize_pt.log
2738	2026-09-20T21:21:08.8690610000	/data/BASELINE_2026/NNUE_TUNING/C54_ITERATIVE_OVERNIGHT_V1/GENERATIONS/GEN_0005/train.log
9	2026-09-20T21:29:31.0746463000	/data/BASELINE_2026/NNUE_TUNING/C54_ITERATIVE_OVERNIGHT_V1/GENERATIONS/GEN_0006/DONE
218903	2026-09-20T21:29:29.8505286000	/data/BASELINE_2026/NNUE_TUNING/C54_ITERATIVE_OVERNIGHT_V1/GENERATIONS/GEN_0006/MATCH/games.pgn
18818	2026-09-20T21:29:29.8618730000	/data/BASELINE_2026/NNUE_TUNING/C54_ITERATIVE_OVERNIGHT_V1/GENERATIONS/GEN_0006/MATCH/match.txt
145779	2026-09-20T21:22:44.7832431000	/data/BASELINE_2026/NNUE_TUNING/C54_ITERATIVE_OVERNIGHT_V1/GENERATIONS/GEN_0006/MINING_POOL.tsv
564	2026-09-20T21:29:31.0675767000	/data/BASELINE_2026/NNUE_TUNING/C54_ITERATIVE_OVERNIGHT_V1/GENERATIONS/GEN_0006/RESULT.json
672800	2026-09-20T21:27:38.5653871000	/data/BASELINE_2026/NNUE_TUNING/C54_ITERATIVE_OVERNIGHT_V1/GENERATIONS/GEN_0006/TARGETED_TRAIN.binpack
4061210	2026-09-20T21:27:38.5039436000	/data/BASELINE_2026/NNUE_TUNING/C54_ITERATIVE_OVERNIGHT_V1/GENERATIONS/GEN_0006/TARGETED_TRAIN.tsv
1857951552	2026-09-20T21:27:51.4941698000	/data/BASELINE_2026/NNUE_TUNING/C54_ITERATIVE_OVERNIGHT_V1/GENERATIONS/GEN_0006/TRAIN_RUN/lightning_logs/version_0/checkpoints/last.ckpt
386	2026-09-20T21:27:53.1228653000	/data/BASELINE_2026/NNUE_TUNING/C54_ITERATIVE_OVERNIGHT_V1/GENERATIONS/GEN_0006/TRAIN_RUN/lightning_logs/version_0/events.out.tfevents.1789939662.74700ca2d2bd.75784.0
225	2026-09-20T21:27:53.1324630000	/data/BASELINE_2026/NNUE_TUNING/C54_ITERATIVE_OVERNIGHT_V1/GENERATIONS/GEN_0006/TRAIN_RUN/lightning_logs/version_0/metrics.csv
0	2026-09-20T21:27:53.1419962000	/data/BASELINE_2026/NNUE_TUNING/C54_ITERATIVE_OVERNIGHT_V1/GENERATIONS/GEN_0006/TRAIN_RUN/training_finished
526	2026-09-20T21:27:38.5716635000	/data/BASELINE_2026/NNUE_TUNING/C54_ITERATIVE_OVERNIGHT_V1/GENERATIONS/GEN_0006/binpack.log
98961941	2026-09-20T21:28:14.2439523000	/data/BASELINE_2026/NNUE_TUNING/C54_ITERATIVE_OVERNIGHT_V1/GENERATIONS/GEN_0006/challenger.nnue
371605482	2026-09-20T21:28:02.9636097000	/data/BASELINE_2026/NNUE_TUNING/C54_ITERATIVE_OVERNIGHT_V1/GENERATIONS/GEN_0006/challenger.pt
1601	2026-09-20T21:28:19.4359179000	/data/BASELINE_2026/NNUE_TUNING/C54_ITERATIVE_OVERNIGHT_V1/GENERATIONS/GEN_0006/fixed_dev.txt
444420	2026-09-20T21:27:38.3461166000	/data/BASELINE_2026/NNUE_TUNING/C54_ITERATIVE_OVERNIGHT_V1/GENERATIONS/GEN_0006/metrics.log
200049	2026-09-20T21:27:38.1886458000	/data/BASELINE_2026/NNUE_TUNING/C54_ITERATIVE_OVERNIGHT_V1/GENERATIONS/GEN_0006/mining.log
1748992	2026-09-20T21:27:38.3439524000	/data/BASELINE_2026/NNUE_TUNING/C54_ITERATIVE_OVERNIGHT_V1/GENERATIONS/GEN_0006/mining.sqlite
21164	2026-09-20T21:28:14.2852046000	/data/BASELINE_2026/NNUE_TUNING/C54_ITERATIVE_OVERNIGHT_V1/GENERATIONS/GEN_0006/serialize_nnue.log
600	2026-09-20T21:28:02.9942840000	/data/BASELINE_2026/NNUE_TUNING/C54_ITERATIVE_OVERNIGHT_V1/GENERATIONS/GEN_0006/serialize_pt.log
2738	2026-09-20T21:27:53.1324630000	/data/BASELINE_2026/NNUE_TUNING/C54_ITERATIVE_OVERNIGHT_V1/GENERATIONS/GEN_0006/train.log
9	2026-09-20T21:36:18.1108423000	/data/BASELINE_2026/NNUE_TUNING/C54_ITERATIVE_OVERNIGHT_V1/GENERATIONS/GEN_0007/DONE
202691	2026-09-20T21:36:16.8470931000	/data/BASELINE_2026/NNUE_TUNING/C54_ITERATIVE_OVERNIGHT_V1/GENERATIONS/GEN_0007/MATCH/games.pgn
18868	2026-09-20T21:36:16.8530991000	/data/BASELINE_2026/NNUE_TUNING/C54_ITERATIVE_OVERNIGHT_V1/GENERATIONS/GEN_0007/MATCH/match.txt
146843	2026-09-20T21:29:34.7911248000	/data/BASELINE_2026/NNUE_TUNING/C54_ITERATIVE_OVERNIGHT_V1/GENERATIONS/GEN_0007/MINING_POOL.tsv
566	2026-09-20T21:36:18.1018349000	/data/BASELINE_2026/NNUE_TUNING/C54_ITERATIVE_OVERNIGHT_V1/GENERATIONS/GEN_0007/RESULT.json
694152	2026-09-20T21:34:28.6201600000	/data/BASELINE_2026/NNUE_TUNING/C54_ITERATIVE_OVERNIGHT_V1/GENERATIONS/GEN_0007/TARGETED_TRAIN.binpack
4247218	2026-09-20T21:34:28.5452959000	/data/BASELINE_2026/NNUE_TUNING/C54_ITERATIVE_OVERNIGHT_V1/GENERATIONS/GEN_0007/TARGETED_TRAIN.tsv
1857951552	2026-09-20T21:34:42.3428214000	/data/BASELINE_2026/NNUE_TUNING/C54_ITERATIVE_OVERNIGHT_V1/GENERATIONS/GEN_0007/TRAIN_RUN/lightning_logs/version_0/checkpoints/last.ckpt
386	2026-09-20T21:34:43.7196481000	/data/BASELINE_2026/NNUE_TUNING/C54_ITERATIVE_OVERNIGHT_V1/GENERATIONS/GEN_0007/TRAIN_RUN/lightning_logs/version_0/events.out.tfevents.1789940072.74700ca2d2bd.78798.0
226	2026-09-20T21:34:43.7302316000	/data/BASELINE_2026/NNUE_TUNING/C54_ITERATIVE_OVERNIGHT_V1/GENERATIONS/GEN_0007/TRAIN_RUN/lightning_logs/version_0/metrics.csv
0	2026-09-20T21:34:43.7407914000	/data/BASELINE_2026/NNUE_TUNING/C54_ITERATIVE_OVERNIGHT_V1/GENERATIONS/GEN_0007/TRAIN_RUN/training_finished
526	2026-09-20T21:34:28.6286685000	/data/BASELINE_2026/NNUE_TUNING/C54_ITERATIVE_OVERNIGHT_V1/GENERATIONS/GEN_0007/binpack.log
98961936	2026-09-20T21:35:05.6893213000	/data/BASELINE_2026/NNUE_TUNING/C54_ITERATIVE_OVERNIGHT_V1/GENERATIONS/GEN_0007/challenger.nnue
371605482	2026-09-20T21:34:54.1480762000	/data/BASELINE_2026/NNUE_TUNING/C54_ITERATIVE_OVERNIGHT_V1/GENERATIONS/GEN_0007/challenger.pt
1601	2026-09-20T21:35:11.0823206000	/data/BASELINE_2026/NNUE_TUNING/C54_ITERATIVE_OVERNIGHT_V1/GENERATIONS/GEN_0007/fixed_dev.txt
445186	2026-09-20T21:34:28.3379625000	/data/BASELINE_2026/NNUE_TUNING/C54_ITERATIVE_OVERNIGHT_V1/GENERATIONS/GEN_0007/metrics.log
199825	2026-09-20T21:34:28.2003694000	/data/BASELINE_2026/NNUE_TUNING/C54_ITERATIVE_OVERNIGHT_V1/GENERATIONS/GEN_0007/mining.log
1757184	2026-09-20T21:34:28.3357994000	/data/BASELINE_2026/NNUE_TUNING/C54_ITERATIVE_OVERNIGHT_V1/GENERATIONS/GEN_0007/mining.sqlite
21164	2026-09-20T21:35:05.7274426000	/data/BASELINE_2026/NNUE_TUNING/C54_ITERATIVE_OVERNIGHT_V1/GENERATIONS/GEN_0007/serialize_nnue.log
600	2026-09-20T21:34:54.1800638000	/data/BASELINE_2026/NNUE_TUNING/C54_ITERATIVE_OVERNIGHT_V1/GENERATIONS/GEN_0007/serialize_pt.log
2738	2026-09-20T21:34:43.7322349000	/data/BASELINE_2026/NNUE_TUNING/C54_ITERATIVE_OVERNIGHT_V1/GENERATIONS/GEN_0007/train.log
9	2026-09-20T21:42:59.9257509000	/data/BASELINE_2026/NNUE_TUNING/C54_ITERATIVE_OVERNIGHT_V1/GENERATIONS/GEN_0008/DONE
199467	2026-09-20T21:42:58.5692464000	/data/BASELINE_2026/NNUE_TUNING/C54_ITERATIVE_OVERNIGHT_V1/GENERATIONS/GEN_0008/MATCH/games.pgn
18766	2026-09-20T21:42:58.5796034000	/data/BASELINE_2026/NNUE_TUNING/C54_ITERATIVE_OVERNIGHT_V1/GENERATIONS/GEN_0008/MATCH/match.txt
145130	2026-09-20T21:36:21.4709786000	/data/BASELINE_2026/NNUE_TUNING/C54_ITERATIVE_OVERNIGHT_V1/GENERATIONS/GEN_0008/MINING_POOL.tsv
564	2026-09-20T21:42:59.9067856000	/data/BASELINE_2026/NNUE_TUNING/C54_ITERATIVE_OVERNIGHT_V1/GENERATIONS/GEN_0008/RESULT.json
697824	2026-09-20T21:41:12.5433812000	/data/BASELINE_2026/NNUE_TUNING/C54_ITERATIVE_OVERNIGHT_V1/GENERATIONS/GEN_0008/TARGETED_TRAIN.binpack
4202409	2026-09-20T21:41:12.4790901000	/data/BASELINE_2026/NNUE_TUNING/C54_ITERATIVE_OVERNIGHT_V1/GENERATIONS/GEN_0008/TARGETED_TRAIN.tsv
1857951552	2026-09-20T21:41:26.2963704000	/data/BASELINE_2026/NNUE_TUNING/C54_ITERATIVE_OVERNIGHT_V1/GENERATIONS/GEN_0008/TRAIN_RUN/lightning_logs/version_0/checkpoints/last.ckpt
386	2026-09-20T21:41:27.7518349000	/data/BASELINE_2026/NNUE_TUNING/C54_ITERATIVE_OVERNIGHT_V1/GENERATIONS/GEN_0008/TRAIN_RUN/lightning_logs/version_0/events.out.tfevents.1789940476.74700ca2d2bd.81760.0
226	2026-09-20T21:41:27.7645001000	/data/BASELINE_2026/NNUE_TUNING/C54_ITERATIVE_OVERNIGHT_V1/GENERATIONS/GEN_0008/TRAIN_RUN/lightning_logs/version_0/metrics.csv
0	2026-09-20T21:41:27.7760253000	/data/BASELINE_2026/NNUE_TUNING/C54_ITERATIVE_OVERNIGHT_V1/GENERATIONS/GEN_0008/TRAIN_RUN/training_finished
526	2026-09-20T21:41:12.5594359000	/data/BASELINE_2026/NNUE_TUNING/C54_ITERATIVE_OVERNIGHT_V1/GENERATIONS/GEN_0008/binpack.log
98961936	2026-09-20T21:41:49.2445488000	/data/BASELINE_2026/NNUE_TUNING/C54_ITERATIVE_OVERNIGHT_V1/GENERATIONS/GEN_0008/challenger.nnue
371605482	2026-09-20T21:41:38.1427922000	/data/BASELINE_2026/NNUE_TUNING/C54_ITERATIVE_OVERNIGHT_V1/GENERATIONS/GEN_0008/challenger.pt
1601	2026-09-20T21:41:54.2570196000	/data/BASELINE_2026/NNUE_TUNING/C54_ITERATIVE_OVERNIGHT_V1/GENERATIONS/GEN_0008/fixed_dev.txt
444804	2026-09-20T21:41:12.3048260000	/data/BASELINE_2026/NNUE_TUNING/C54_ITERATIVE_OVERNIGHT_V1/GENERATIONS/GEN_0008/metrics.log
199668	2026-09-20T21:41:12.1748095000	/data/BASELINE_2026/NNUE_TUNING/C54_ITERATIVE_OVERNIGHT_V1/GENERATIONS/GEN_0008/mining.log
1736704	2026-09-20T21:41:12.3048260000	/data/BASELINE_2026/NNUE_TUNING/C54_ITERATIVE_OVERNIGHT_V1/GENERATIONS/GEN_0008/mining.sqlite
21164	2026-09-20T21:41:49.2919815000	/data/BASELINE_2026/NNUE_TUNING/C54_ITERATIVE_OVERNIGHT_V1/GENERATIONS/GEN_0008/serialize_nnue.log
600	2026-09-20T21:41:38.1759114000	/data/BASELINE_2026/NNUE_TUNING/C54_ITERATIVE_OVERNIGHT_V1/GENERATIONS/GEN_0008/serialize_pt.log
2738	2026-09-20T21:41:27.7645001000	/data/BASELINE_2026/NNUE_TUNING/C54_ITERATIVE_OVERNIGHT_V1/GENERATIONS/GEN_0008/train.log
9	2026-09-20T21:49:46.1080235000	/data/BASELINE_2026/NNUE_TUNING/C54_ITERATIVE_OVERNIGHT_V1/GENERATIONS/GEN_0009/DONE
208640	2026-09-20T21:49:44.9522728000	/data/BASELINE_2026/NNUE_TUNING/C54_ITERATIVE_OVERNIGHT_V1/GENERATIONS/GEN_0009/MATCH/games.pgn
18728	2026-09-20T21:49:44.9655685000	/data/BASELINE_2026/NNUE_TUNING/C54_ITERATIVE_OVERNIGHT_V1/GENERATIONS/GEN_0009/MATCH/match.txt
145253	2026-09-20T21:43:03.5102466000	/data/BASELINE_2026/NNUE_TUNING/C54_ITERATIVE_OVERNIGHT_V1/GENERATIONS/GEN_0009/MINING_POOL.tsv
567	2026-09-20T21:49:46.1019429000	/data/BASELINE_2026/NNUE_TUNING/C54_ITERATIVE_OVERNIGHT_V1/GENERATIONS/GEN_0009/RESULT.json
698096	2026-09-20T21:47:56.4190970000	/data/BASELINE_2026/NNUE_TUNING/C54_ITERATIVE_OVERNIGHT_V1/GENERATIONS/GEN_0009/TARGETED_TRAIN.binpack
4221429	2026-09-20T21:47:56.3432100000	/data/BASELINE_2026/NNUE_TUNING/C54_ITERATIVE_OVERNIGHT_V1/GENERATIONS/GEN_0009/TARGETED_TRAIN.tsv
1857951552	2026-09-20T21:48:10.3341430000	/data/BASELINE_2026/NNUE_TUNING/C54_ITERATIVE_OVERNIGHT_V1/GENERATIONS/GEN_0009/TRAIN_RUN/lightning_logs/version_0/checkpoints/last.ckpt
386	2026-09-20T21:48:11.7774772000	/data/BASELINE_2026/NNUE_TUNING/C54_ITERATIVE_OVERNIGHT_V1/GENERATIONS/GEN_0009/TRAIN_RUN/lightning_logs/version_0/events.out.tfevents.1789940880.74700ca2d2bd.84720.0
225	2026-09-20T21:48:11.7946192000	/data/BASELINE_2026/NNUE_TUNING/C54_ITERATIVE_OVERNIGHT_V1/GENERATIONS/GEN_0009/TRAIN_RUN/lightning_logs/version_0/metrics.csv
0	2026-09-20T21:48:11.8036443000	/data/BASELINE_2026/NNUE_TUNING/C54_ITERATIVE_OVERNIGHT_V1/GENERATIONS/GEN_0009/TRAIN_RUN/training_finished
526	2026-09-20T21:47:56.4279080000	/data/BASELINE_2026/NNUE_TUNING/C54_ITERATIVE_OVERNIGHT_V1/GENERATIONS/GEN_0009/binpack.log
98961939	2026-09-20T21:48:32.9424700000	/data/BASELINE_2026/NNUE_TUNING/C54_ITERATIVE_OVERNIGHT_V1/GENERATIONS/GEN_0009/challenger.nnue
371605482	2026-09-20T21:48:21.8046598000	/data/BASELINE_2026/NNUE_TUNING/C54_ITERATIVE_OVERNIGHT_V1/GENERATIONS/GEN_0009/challenger.pt
1601	2026-09-20T21:48:38.2897657000	/data/BASELINE_2026/NNUE_TUNING/C54_ITERATIVE_OVERNIGHT_V1/GENERATIONS/GEN_0009/fixed_dev.txt
444957	2026-09-20T21:47:56.1727359000	/data/BASELINE_2026/NNUE_TUNING/C54_ITERATIVE_OVERNIGHT_V1/GENERATIONS/GEN_0009/metrics.log
199503	2026-09-20T21:47:56.0414638000	/data/BASELINE_2026/NNUE_TUNING/C54_ITERATIVE_OVERNIGHT_V1/GENERATIONS/GEN_0009/mining.log
1748992	2026-09-20T21:47:56.1727359000	/data/BASELINE_2026/NNUE_TUNING/C54_ITERATIVE_OVERNIGHT_V1/GENERATIONS/GEN_0009/mining.sqlite
21164	2026-09-20T21:48:32.9755108000	/data/BASELINE_2026/NNUE_TUNING/C54_ITERATIVE_OVERNIGHT_V1/GENERATIONS/GEN_0009/serialize_nnue.log
600	2026-09-20T21:48:21.8383619000	/data/BASELINE_2026/NNUE_TUNING/C54_ITERATIVE_OVERNIGHT_V1/GENERATIONS/GEN_0009/serialize_pt.log
2738	2026-09-20T21:48:11.7956251000	/data/BASELINE_2026/NNUE_TUNING/C54_ITERATIVE_OVERNIGHT_V1/GENERATIONS/GEN_0009/train.log
9	2026-09-20T21:56:29.9811533000	/data/BASELINE_2026/NNUE_TUNING/C54_ITERATIVE_OVERNIGHT_V1/GENERATIONS/GEN_0010/DONE
217815	2026-09-20T21:56:28.7238665000	/data/BASELINE_2026/NNUE_TUNING/C54_ITERATIVE_OVERNIGHT_V1/GENERATIONS/GEN_0010/MATCH/games.pgn
18776	2026-09-20T21:56:28.7243726000	/data/BASELINE_2026/NNUE_TUNING/C54_ITERATIVE_OVERNIGHT_V1/GENERATIONS/GEN_0010/MATCH/match.txt
146156	2026-09-20T21:49:49.5392287000	/data/BASELINE_2026/NNUE_TUNING/C54_ITERATIVE_OVERNIGHT_V1/GENERATIONS/GEN_0010/MINING_POOL.tsv
566	2026-09-20T21:56:29.9771435000	/data/BASELINE_2026/NNUE_TUNING/C54_ITERATIVE_OVERNIGHT_V1/GENERATIONS/GEN_0010/RESULT.json
679736	2026-09-20T21:54:36.7710999000	/data/BASELINE_2026/NNUE_TUNING/C54_ITERATIVE_OVERNIGHT_V1/GENERATIONS/GEN_0010/TARGETED_TRAIN.binpack
4118804	2026-09-20T21:54:36.6931443000	/data/BASELINE_2026/NNUE_TUNING/C54_ITERATIVE_OVERNIGHT_V1/GENERATIONS/GEN_0010/TARGETED_TRAIN.tsv
1857951552	2026-09-20T21:54:50.6803056000	/data/BASELINE_2026/NNUE_TUNING/C54_ITERATIVE_OVERNIGHT_V1/GENERATIONS/GEN_0010/TRAIN_RUN/lightning_logs/version_0/checkpoints/last.ckpt
386	2026-09-20T21:54:52.1076438000	/data/BASELINE_2026/NNUE_TUNING/C54_ITERATIVE_OVERNIGHT_V1/GENERATIONS/GEN_0010/TRAIN_RUN/lightning_logs/version_0/events.out.tfevents.1789941280.74700ca2d2bd.87674.0
226	2026-09-20T21:54:52.1184426000	/data/BASELINE_2026/NNUE_TUNING/C54_ITERATIVE_OVERNIGHT_V1/GENERATIONS/GEN_0010/TRAIN_RUN/lightning_logs/version_0/metrics.csv
0	2026-09-20T21:54:52.1282270000	/data/BASELINE_2026/NNUE_TUNING/C54_ITERATIVE_OVERNIGHT_V1/GENERATIONS/GEN_0010/TRAIN_RUN/training_finished
526	2026-09-20T21:54:36.7773104000	/data/BASELINE_2026/NNUE_TUNING/C54_ITERATIVE_OVERNIGHT_V1/GENERATIONS/GEN_0010/binpack.log
98961938	2026-09-20T21:55:14.3692067000	/data/BASELINE_2026/NNUE_TUNING/C54_ITERATIVE_OVERNIGHT_V1/GENERATIONS/GEN_0010/challenger.nnue
371605482	2026-09-20T21:55:02.4472331000	/data/BASELINE_2026/NNUE_TUNING/C54_ITERATIVE_OVERNIGHT_V1/GENERATIONS/GEN_0010/challenger.pt
1601	2026-09-20T21:55:19.5844002000	/data/BASELINE_2026/NNUE_TUNING/C54_ITERATIVE_OVERNIGHT_V1/GENERATIONS/GEN_0010/fixed_dev.txt
444591	2026-09-20T21:54:36.5214127000	/data/BASELINE_2026/NNUE_TUNING/C54_ITERATIVE_OVERNIGHT_V1/GENERATIONS/GEN_0010/metrics.log
199555	2026-09-20T21:54:36.3800571000	/data/BASELINE_2026/NNUE_TUNING/C54_ITERATIVE_OVERNIGHT_V1/GENERATIONS/GEN_0010/mining.log
1748992	2026-09-20T21:54:36.5181051000	/data/BASELINE_2026/NNUE_TUNING/C54_ITERATIVE_OVERNIGHT_V1/GENERATIONS/GEN_0010/mining.sqlite
21164	2026-09-20T21:55:14.4159602000	/data/BASELINE_2026/NNUE_TUNING/C54_ITERATIVE_OVERNIGHT_V1/GENERATIONS/GEN_0010/serialize_nnue.log
600	2026-09-20T21:55:02.4673367000	/data/BASELINE_2026/NNUE_TUNING/C54_ITERATIVE_OVERNIGHT_V1/GENERATIONS/GEN_0010/serialize_pt.log
2738	2026-09-20T21:54:52.1194462000	/data/BASELINE_2026/NNUE_TUNING/C54_ITERATIVE_OVERNIGHT_V1/GENERATIONS/GEN_0010/train.log
9	2026-09-20T22:03:22.3360889000	/data/BASELINE_2026/NNUE_TUNING/C54_ITERATIVE_OVERNIGHT_V1/GENERATIONS/GEN_0011/DONE
211184	2026-09-20T22:03:21.0433731000	/data/BASELINE_2026/NNUE_TUNING/C54_ITERATIVE_OVERNIGHT_V1/GENERATIONS/GEN_0011/MATCH/games.pgn
18722	2026-09-20T22:03:21.0532416000	/data/BASELINE_2026/NNUE_TUNING/C54_ITERATIVE_OVERNIGHT_V1/GENERATIONS/GEN_0011/MATCH/match.txt
145671	2026-09-20T21:56:33.3739043000	/data/BASELINE_2026/NNUE_TUNING/C54_ITERATIVE_OVERNIGHT_V1/GENERATIONS/GEN_0011/MINING_POOL.tsv
569	2026-09-20T22:03:22.3272127000	/data/BASELINE_2026/NNUE_TUNING/C54_ITERATIVE_OVERNIGHT_V1/GENERATIONS/GEN_0011/RESULT.json
708296	2026-09-20T22:01:21.2680545000	/data/BASELINE_2026/NNUE_TUNING/C54_ITERATIVE_OVERNIGHT_V1/GENERATIONS/GEN_0011/TARGETED_TRAIN.binpack
4299999	2026-09-20T22:01:21.1763724000	/data/BASELINE_2026/NNUE_TUNING/C54_ITERATIVE_OVERNIGHT_V1/GENERATIONS/GEN_0011/TARGETED_TRAIN.tsv
1857951552	2026-09-20T22:01:36.0329368000	/data/BASELINE_2026/NNUE_TUNING/C54_ITERATIVE_OVERNIGHT_V1/GENERATIONS/GEN_0011/TRAIN_RUN/lightning_logs/version_0/checkpoints/last.ckpt
386	2026-09-20T22:01:37.5355229000	/data/BASELINE_2026/NNUE_TUNING/C54_ITERATIVE_OVERNIGHT_V1/GENERATIONS/GEN_0011/TRAIN_RUN/lightning_logs/version_0/events.out.tfevents.1789941685.74700ca2d2bd.90636.0
225	2026-09-20T22:01:37.5512441000	/data/BASELINE_2026/NNUE_TUNING/C54_ITERATIVE_OVERNIGHT_V1/GENERATIONS/GEN_0011/TRAIN_RUN/lightning_logs/version_0/metrics.csv
0	2026-09-20T22:01:37.5631607000	/data/BASELINE_2026/NNUE_TUNING/C54_ITERATIVE_OVERNIGHT_V1/GENERATIONS/GEN_0011/TRAIN_RUN/training_finished
526	2026-09-20T22:01:21.2763939000	/data/BASELINE_2026/NNUE_TUNING/C54_ITERATIVE_OVERNIGHT_V1/GENERATIONS/GEN_0011/binpack.log
98961938	2026-09-20T22:02:01.6662477000	/data/BASELINE_2026/NNUE_TUNING/C54_ITERATIVE_OVERNIGHT_V1/GENERATIONS/GEN_0011/challenger.nnue
371605482	2026-09-20T22:01:49.7279972000	/data/BASELINE_2026/NNUE_TUNING/C54_ITERATIVE_OVERNIGHT_V1/GENERATIONS/GEN_0011/challenger.pt
1601	2026-09-20T22:02:07.2254821000	/data/BASELINE_2026/NNUE_TUNING/C54_ITERATIVE_OVERNIGHT_V1/GENERATIONS/GEN_0011/fixed_dev.txt
444209	2026-09-20T22:01:20.9583582000	/data/BASELINE_2026/NNUE_TUNING/C54_ITERATIVE_OVERNIGHT_V1/GENERATIONS/GEN_0011/metrics.log
199268	2026-09-20T22:01:20.7721209000	/data/BASELINE_2026/NNUE_TUNING/C54_ITERATIVE_OVERNIGHT_V1/GENERATIONS/GEN_0011/mining.log
1744896	2026-09-20T22:01:20.9513872000	/data/BASELINE_2026/NNUE_TUNING/C54_ITERATIVE_OVERNIGHT_V1/GENERATIONS/GEN_0011/mining.sqlite
21164	2026-09-20T22:02:01.7079249000	/data/BASELINE_2026/NNUE_TUNING/C54_ITERATIVE_OVERNIGHT_V1/GENERATIONS/GEN_0011/serialize_nnue.log
600	2026-09-20T22:01:49.7601571000	/data/BASELINE_2026/NNUE_TUNING/C54_ITERATIVE_OVERNIGHT_V1/GENERATIONS/GEN_0011/serialize_pt.log
2738	2026-09-20T22:01:37.5528001000	/data/BASELINE_2026/NNUE_TUNING/C54_ITERATIVE_OVERNIGHT_V1/GENERATIONS/GEN_0011/train.log
9	2026-09-20T22:10:12.9173446000	/data/BASELINE_2026/NNUE_TUNING/C54_ITERATIVE_OVERNIGHT_V1/GENERATIONS/GEN_0012/DONE
213039	2026-09-20T22:10:11.7692089000	/data/BASELINE_2026/NNUE_TUNING/C54_ITERATIVE_OVERNIGHT_V1/GENERATIONS/GEN_0012/MATCH/games.pgn
18732	2026-09-20T22:10:11.7879433000	/data/BASELINE_2026/NNUE_TUNING/C54_ITERATIVE_OVERNIGHT_V1/GENERATIONS/GEN_0012/MATCH/match.txt
145086	2026-09-20T22:03:25.9424003000	/data/BASELINE_2026/NNUE_TUNING/C54_ITERATIVE_OVERNIGHT_V1/GENERATIONS/GEN_0012/MINING_POOL.tsv
567	2026-09-20T22:10:12.9090109000	/data/BASELINE_2026/NNUE_TUNING/C54_ITERATIVE_OVERNIGHT_V1/GENERATIONS/GEN_0012/RESULT.json
680960	2026-09-20T22:08:21.8133130000	/data/BASELINE_2026/NNUE_TUNING/C54_ITERATIVE_OVERNIGHT_V1/GENERATIONS/GEN_0012/TARGETED_TRAIN.binpack
4125095	2026-09-20T22:08:21.7474807000	/data/BASELINE_2026/NNUE_TUNING/C54_ITERATIVE_OVERNIGHT_V1/GENERATIONS/GEN_0012/TARGETED_TRAIN.tsv
1857951552	2026-09-20T22:08:36.2061128000	/data/BASELINE_2026/NNUE_TUNING/C54_ITERATIVE_OVERNIGHT_V1/GENERATIONS/GEN_0012/TRAIN_RUN/lightning_logs/version_0/checkpoints/last.ckpt
386	2026-09-20T22:08:37.7187056000	/data/BASELINE_2026/NNUE_TUNING/C54_ITERATIVE_OVERNIGHT_V1/GENERATIONS/GEN_0012/TRAIN_RUN/lightning_logs/version_0/events.out.tfevents.1789942105.74700ca2d2bd.93688.0
222	2026-09-20T22:08:37.7237540000	/data/BASELINE_2026/NNUE_TUNING/C54_ITERATIVE_OVERNIGHT_V1/GENERATIONS/GEN_0012/TRAIN_RUN/lightning_logs/version_0/metrics.csv
0	2026-09-20T22:08:37.7391685000	/data/BASELINE_2026/NNUE_TUNING/C54_ITERATIVE_OVERNIGHT_V1/GENERATIONS/GEN_0012/TRAIN_RUN/training_finished
526	2026-09-20T22:08:21.8133130000	/data/BASELINE_2026/NNUE_TUNING/C54_ITERATIVE_OVERNIGHT_V1/GENERATIONS/GEN_0012/binpack.log
98961937	2026-09-20T22:09:00.2042100000	/data/BASELINE_2026/NNUE_TUNING/C54_ITERATIVE_OVERNIGHT_V1/GENERATIONS/GEN_0012/challenger.nnue
371605482	2026-09-20T22:08:48.5788977000	/data/BASELINE_2026/NNUE_TUNING/C54_ITERATIVE_OVERNIGHT_V1/GENERATIONS/GEN_0012/challenger.pt
1601	2026-09-20T22:09:05.2532846000	/data/BASELINE_2026/NNUE_TUNING/C54_ITERATIVE_OVERNIGHT_V1/GENERATIONS/GEN_0012/fixed_dev.txt
444331	2026-09-20T22:08:21.5723773000	/data/BASELINE_2026/NNUE_TUNING/C54_ITERATIVE_OVERNIGHT_V1/GENERATIONS/GEN_0012/metrics.log
199953	2026-09-20T22:08:21.4066939000	/data/BASELINE_2026/NNUE_TUNING/C54_ITERATIVE_OVERNIGHT_V1/GENERATIONS/GEN_0012/mining.log
1753088	2026-09-20T22:08:21.5703655000	/data/BASELINE_2026/NNUE_TUNING/C54_ITERATIVE_OVERNIGHT_V1/GENERATIONS/GEN_0012/mining.sqlite
21164	2026-09-20T22:09:00.2512065000	/data/BASELINE_2026/NNUE_TUNING/C54_ITERATIVE_OVERNIGHT_V1/GENERATIONS/GEN_0012/serialize_nnue.log
600	2026-09-20T22:08:48.6031985000	/data/BASELINE_2026/NNUE_TUNING/C54_ITERATIVE_OVERNIGHT_V1/GENERATIONS/GEN_0012/serialize_pt.log
2738	2026-09-20T22:08:37.7237540000	/data/BASELINE_2026/NNUE_TUNING/C54_ITERATIVE_OVERNIGHT_V1/GENERATIONS/GEN_0012/train.log
9	2026-09-20T22:16:59.1357865000	/data/BASELINE_2026/NNUE_TUNING/C54_ITERATIVE_OVERNIGHT_V1/GENERATIONS/GEN_0013/DONE
226263	2026-09-20T22:16:57.9183708000	/data/BASELINE_2026/NNUE_TUNING/C54_ITERATIVE_OVERNIGHT_V1/GENERATIONS/GEN_0013/MATCH/games.pgn
18731	2026-09-20T22:16:57.9276358000	/data/BASELINE_2026/NNUE_TUNING/C54_ITERATIVE_OVERNIGHT_V1/GENERATIONS/GEN_0013/MATCH/match.txt
144825	2026-09-20T22:10:16.1784402000	/data/BASELINE_2026/NNUE_TUNING/C54_ITERATIVE_OVERNIGHT_V1/GENERATIONS/GEN_0013/MINING_POOL.tsv
568	2026-09-20T22:16:59.1263848000	/data/BASELINE_2026/NNUE_TUNING/C54_ITERATIVE_OVERNIGHT_V1/GENERATIONS/GEN_0013/RESULT.json
690616	2026-09-20T22:15:05.5609986000	/data/BASELINE_2026/NNUE_TUNING/C54_ITERATIVE_OVERNIGHT_V1/GENERATIONS/GEN_0013/TARGETED_TRAIN.binpack
4167106	2026-09-20T22:15:05.4963117000	/data/BASELINE_2026/NNUE_TUNING/C54_ITERATIVE_OVERNIGHT_V1/GENERATIONS/GEN_0013/TARGETED_TRAIN.tsv
1857951552	2026-09-20T22:15:19.0902331000	/data/BASELINE_2026/NNUE_TUNING/C54_ITERATIVE_OVERNIGHT_V1/GENERATIONS/GEN_0013/TRAIN_RUN/lightning_logs/version_0/checkpoints/last.ckpt
386	2026-09-20T22:15:20.4318534000	/data/BASELINE_2026/NNUE_TUNING/C54_ITERATIVE_OVERNIGHT_V1/GENERATIONS/GEN_0013/TRAIN_RUN/lightning_logs/version_0/events.out.tfevents.1789942509.74700ca2d2bd.96650.0
227	2026-09-20T22:15:20.4436554000	/data/BASELINE_2026/NNUE_TUNING/C54_ITERATIVE_OVERNIGHT_V1/GENERATIONS/GEN_0013/TRAIN_RUN/lightning_logs/version_0/metrics.csv
0	2026-09-20T22:15:20.4534631000	/data/BASELINE_2026/NNUE_TUNING/C54_ITERATIVE_OVERNIGHT_V1/GENERATIONS/GEN_0013/TRAIN_RUN/training_finished
526	2026-09-20T22:15:05.5675308000	/data/BASELINE_2026/NNUE_TUNING/C54_ITERATIVE_OVERNIGHT_V1/GENERATIONS/GEN_0013/binpack.log
98961936	2026-09-20T22:15:41.2167640000	/data/BASELINE_2026/NNUE_TUNING/C54_ITERATIVE_OVERNIGHT_V1/GENERATIONS/GEN_0013/challenger.nnue
371605482	2026-09-20T22:15:30.2062634000	/data/BASELINE_2026/NNUE_TUNING/C54_ITERATIVE_OVERNIGHT_V1/GENERATIONS/GEN_0013/challenger.pt
1601	2026-09-20T22:15:46.2143225000	/data/BASELINE_2026/NNUE_TUNING/C54_ITERATIVE_OVERNIGHT_V1/GENERATIONS/GEN_0013/fixed_dev.txt
443858	2026-09-20T22:15:05.3331225000	/data/BASELINE_2026/NNUE_TUNING/C54_ITERATIVE_OVERNIGHT_V1/GENERATIONS/GEN_0013/metrics.log
200086	2026-09-20T22:15:05.1939671000	/data/BASELINE_2026/NNUE_TUNING/C54_ITERATIVE_OVERNIGHT_V1/GENERATIONS/GEN_0013/mining.log
1753088	2026-09-20T22:15:05.3253804000	/data/BASELINE_2026/NNUE_TUNING/C54_ITERATIVE_OVERNIGHT_V1/GENERATIONS/GEN_0013/mining.sqlite
21164	2026-09-20T22:15:41.2598214000	/data/BASELINE_2026/NNUE_TUNING/C54_ITERATIVE_OVERNIGHT_V1/GENERATIONS/GEN_0013/serialize_nnue.log
600	2026-09-20T22:15:30.2375086000	/data/BASELINE_2026/NNUE_TUNING/C54_ITERATIVE_OVERNIGHT_V1/GENERATIONS/GEN_0013/serialize_pt.log
2738	2026-09-20T22:15:20.4436554000	/data/BASELINE_2026/NNUE_TUNING/C54_ITERATIVE_OVERNIGHT_V1/GENERATIONS/GEN_0013/train.log
9	2026-09-20T22:23:49.5877489000	/data/BASELINE_2026/NNUE_TUNING/C54_ITERATIVE_OVERNIGHT_V1/GENERATIONS/GEN_0014/DONE
211110	2026-09-20T22:23:48.3196324000	/data/BASELINE_2026/NNUE_TUNING/C54_ITERATIVE_OVERNIGHT_V1/GENERATIONS/GEN_0014/MATCH/games.pgn
18771	2026-09-20T22:23:48.3286611000	/data/BASELINE_2026/NNUE_TUNING/C54_ITERATIVE_OVERNIGHT_V1/GENERATIONS/GEN_0014/MATCH/match.txt
144768	2026-09-20T22:17:02.6264265000	/data/BASELINE_2026/NNUE_TUNING/C54_ITERATIVE_OVERNIGHT_V1/GENERATIONS/GEN_0014/MINING_POOL.tsv
568	2026-09-20T22:23:49.5781595000	/data/BASELINE_2026/NNUE_TUNING/C54_ITERATIVE_OVERNIGHT_V1/GENERATIONS/GEN_0014/RESULT.json
708160	2026-09-20T22:21:51.2417392000	/data/BASELINE_2026/NNUE_TUNING/C54_ITERATIVE_OVERNIGHT_V1/GENERATIONS/GEN_0014/TARGETED_TRAIN.binpack
4256980	2026-09-20T22:21:51.1673134000	/data/BASELINE_2026/NNUE_TUNING/C54_ITERATIVE_OVERNIGHT_V1/GENERATIONS/GEN_0014/TARGETED_TRAIN.tsv
1857951552	2026-09-20T22:22:05.4654598000	/data/BASELINE_2026/NNUE_TUNING/C54_ITERATIVE_OVERNIGHT_V1/GENERATIONS/GEN_0014/TRAIN_RUN/lightning_logs/version_0/checkpoints/last.ckpt
386	2026-09-20T22:22:06.8767976000	/data/BASELINE_2026/NNUE_TUNING/C54_ITERATIVE_OVERNIGHT_V1/GENERATIONS/GEN_0014/TRAIN_RUN/lightning_logs/version_0/events.out.tfevents.1789942915.74700ca2d2bd.99636.0
226	2026-09-20T22:22:06.8865413000	/data/BASELINE_2026/NNUE_TUNING/C54_ITERATIVE_OVERNIGHT_V1/GENERATIONS/GEN_0014/TRAIN_RUN/lightning_logs/version_0/metrics.csv
0	2026-09-20T22:22:06.8960117000	/data/BASELINE_2026/NNUE_TUNING/C54_ITERATIVE_OVERNIGHT_V1/GENERATIONS/GEN_0014/TRAIN_RUN/training_finished
526	2026-09-20T22:21:51.2503047000	/data/BASELINE_2026/NNUE_TUNING/C54_ITERATIVE_OVERNIGHT_V1/GENERATIONS/GEN_0014/binpack.log
98961940	2026-09-20T22:22:29.1109628000	/data/BASELINE_2026/NNUE_TUNING/C54_ITERATIVE_OVERNIGHT_V1/GENERATIONS/GEN_0014/challenger.nnue
371605482	2026-09-20T22:22:17.4674185000	/data/BASELINE_2026/NNUE_TUNING/C54_ITERATIVE_OVERNIGHT_V1/GENERATIONS/GEN_0014/challenger.pt
1601	2026-09-20T22:22:34.6182370000	/data/BASELINE_2026/NNUE_TUNING/C54_ITERATIVE_OVERNIGHT_V1/GENERATIONS/GEN_0014/fixed_dev.txt
445207	2026-09-20T22:21:50.9799836000	/data/BASELINE_2026/NNUE_TUNING/C54_ITERATIVE_OVERNIGHT_V1/GENERATIONS/GEN_0014/metrics.log
199482	2026-09-20T22:21:50.8422496000	/data/BASELINE_2026/NNUE_TUNING/C54_ITERATIVE_OVERNIGHT_V1/GENERATIONS/GEN_0014/mining.log
1740800	2026-09-20T22:21:50.9782456000	/data/BASELINE_2026/NNUE_TUNING/C54_ITERATIVE_OVERNIGHT_V1/GENERATIONS/GEN_0014/mining.sqlite
21164	2026-09-20T22:22:29.1526499000	/data/BASELINE_2026/NNUE_TUNING/C54_ITERATIVE_OVERNIGHT_V1/GENERATIONS/GEN_0014/serialize_nnue.log
600	2026-09-20T22:22:17.4965831000	/data/BASELINE_2026/NNUE_TUNING/C54_ITERATIVE_OVERNIGHT_V1/GENERATIONS/GEN_0014/serialize_pt.log
2738	2026-09-20T22:22:06.8865413000	/data/BASELINE_2026/NNUE_TUNING/C54_ITERATIVE_OVERNIGHT_V1/GENERATIONS/GEN_0014/train.log
9	2026-09-20T22:30:33.9755362000	/data/BASELINE_2026/NNUE_TUNING/C54_ITERATIVE_OVERNIGHT_V1/GENERATIONS/GEN_0015/DONE
212018	2026-09-20T22:30:32.7963375000	/data/BASELINE_2026/NNUE_TUNING/C54_ITERATIVE_OVERNIGHT_V1/GENERATIONS/GEN_0015/MATCH/games.pgn
18776	2026-09-20T22:30:32.8063509000	/data/BASELINE_2026/NNUE_TUNING/C54_ITERATIVE_OVERNIGHT_V1/GENERATIONS/GEN_0015/MATCH/match.txt
148365	2026-09-20T22:23:53.4121302000	/data/BASELINE_2026/NNUE_TUNING/C54_ITERATIVE_OVERNIGHT_V1/GENERATIONS/GEN_0015/MINING_POOL.tsv
566	2026-09-20T22:30:33.9705092000	/data/BASELINE_2026/NNUE_TUNING/C54_ITERATIVE_OVERNIGHT_V1/GENERATIONS/GEN_0015/RESULT.json
686944	2026-09-20T22:28:44.0609113000	/data/BASELINE_2026/NNUE_TUNING/C54_ITERATIVE_OVERNIGHT_V1/GENERATIONS/GEN_0015/TARGETED_TRAIN.binpack
4211506	2026-09-20T22:28:44.0034256000	/data/BASELINE_2026/NNUE_TUNING/C54_ITERATIVE_OVERNIGHT_V1/GENERATIONS/GEN_0015/TARGETED_TRAIN.tsv
1857951552	2026-09-20T22:28:57.7819579000	/data/BASELINE_2026/NNUE_TUNING/C54_ITERATIVE_OVERNIGHT_V1/GENERATIONS/GEN_0015/TRAIN_RUN/lightning_logs/version_0/checkpoints/last.ckpt
386	2026-09-20T22:28:59.1694032000	/data/BASELINE_2026/NNUE_TUNING/C54_ITERATIVE_OVERNIGHT_V1/GENERATIONS/GEN_0015/TRAIN_RUN/lightning_logs/version_0/events.out.tfevents.1789943327.74700ca2d2bd.102654.0
224	2026-09-20T22:28:59.1795572000	/data/BASELINE_2026/NNUE_TUNING/C54_ITERATIVE_OVERNIGHT_V1/GENERATIONS/GEN_0015/TRAIN_RUN/lightning_logs/version_0/metrics.csv
0	2026-09-20T22:28:59.1871014000	/data/BASELINE_2026/NNUE_TUNING/C54_ITERATIVE_OVERNIGHT_V1/GENERATIONS/GEN_0015/TRAIN_RUN/training_finished
526	2026-09-20T22:28:44.0731798000	/data/BASELINE_2026/NNUE_TUNING/C54_ITERATIVE_OVERNIGHT_V1/GENERATIONS/GEN_0015/binpack.log
98961935	2026-09-20T22:29:20.7632350000	/data/BASELINE_2026/NNUE_TUNING/C54_ITERATIVE_OVERNIGHT_V1/GENERATIONS/GEN_0015/challenger.nnue
371605482	2026-09-20T22:29:09.9176343000	/data/BASELINE_2026/NNUE_TUNING/C54_ITERATIVE_OVERNIGHT_V1/GENERATIONS/GEN_0015/challenger.pt
1601	2026-09-20T22:29:25.6614382000	/data/BASELINE_2026/NNUE_TUNING/C54_ITERATIVE_OVERNIGHT_V1/GENERATIONS/GEN_0015/fixed_dev.txt
444300	2026-09-20T22:28:43.8348843000	/data/BASELINE_2026/NNUE_TUNING/C54_ITERATIVE_OVERNIGHT_V1/GENERATIONS/GEN_0015/metrics.log
200068	2026-09-20T22:28:43.7083119000	/data/BASELINE_2026/NNUE_TUNING/C54_ITERATIVE_OVERNIGHT_V1/GENERATIONS/GEN_0015/mining.log
1753088	2026-09-20T22:28:43.8348843000	/data/BASELINE_2026/NNUE_TUNING/C54_ITERATIVE_OVERNIGHT_V1/GENERATIONS/GEN_0015/mining.sqlite
21164	2026-09-20T22:29:20.8024495000	/data/BASELINE_2026/NNUE_TUNING/C54_ITERATIVE_OVERNIGHT_V1/GENERATIONS/GEN_0015/serialize_nnue.log
600	2026-09-20T22:29:09.9524433000	/data/BASELINE_2026/NNUE_TUNING/C54_ITERATIVE_OVERNIGHT_V1/GENERATIONS/GEN_0015/serialize_pt.log
2738	2026-09-20T22:28:59.1820643000	/data/BASELINE_2026/NNUE_TUNING/C54_ITERATIVE_OVERNIGHT_V1/GENERATIONS/GEN_0015/train.log
9	2026-09-20T22:37:07.3336306000	/data/BASELINE_2026/NNUE_TUNING/C54_ITERATIVE_OVERNIGHT_V1/GENERATIONS/GEN_0016/DONE
193157	2026-09-20T22:37:06.1684183000	/data/BASELINE_2026/NNUE_TUNING/C54_ITERATIVE_OVERNIGHT_V1/GENERATIONS/GEN_0016/MATCH/games.pgn
18829	2026-09-20T22:37:06.1745283000	/data/BASELINE_2026/NNUE_TUNING/C54_ITERATIVE_OVERNIGHT_V1/GENERATIONS/GEN_0016/MATCH/match.txt
146890	2026-09-20T22:30:37.1620507000	/data/BASELINE_2026/NNUE_TUNING/C54_ITERATIVE_OVERNIGHT_V1/GENERATIONS/GEN_0016/MINING_POOL.tsv
566	2026-09-20T22:37:07.3184786000	/data/BASELINE_2026/NNUE_TUNING/C54_ITERATIVE_OVERNIGHT_V1/GENERATIONS/GEN_0016/RESULT.json
692520	2026-09-20T22:35:24.2874252000	/data/BASELINE_2026/NNUE_TUNING/C54_ITERATIVE_OVERNIGHT_V1/GENERATIONS/GEN_0016/TARGETED_TRAIN.binpack
4231198	2026-09-20T22:35:24.2209471000	/data/BASELINE_2026/NNUE_TUNING/C54_ITERATIVE_OVERNIGHT_V1/GENERATIONS/GEN_0016/TARGETED_TRAIN.tsv
1857951552	2026-09-20T22:35:37.3837634000	/data/BASELINE_2026/NNUE_TUNING/C54_ITERATIVE_OVERNIGHT_V1/GENERATIONS/GEN_0016/TRAIN_RUN/lightning_logs/version_0/checkpoints/last.ckpt
386	2026-09-20T22:35:38.7680418000	/data/BASELINE_2026/NNUE_TUNING/C54_ITERATIVE_OVERNIGHT_V1/GENERATIONS/GEN_0016/TRAIN_RUN/lightning_logs/version_0/events.out.tfevents.1789943727.74700ca2d2bd.105590.0
228	2026-09-20T22:35:38.7811634000	/data/BASELINE_2026/NNUE_TUNING/C54_ITERATIVE_OVERNIGHT_V1/GENERATIONS/GEN_0016/TRAIN_RUN/lightning_logs/version_0/metrics.csv
0	2026-09-20T22:35:38.7811634000	/data/BASELINE_2026/NNUE_TUNING/C54_ITERATIVE_OVERNIGHT_V1/GENERATIONS/GEN_0016/TRAIN_RUN/training_finished
526	2026-09-20T22:35:24.2874252000	/data/BASELINE_2026/NNUE_TUNING/C54_ITERATIVE_OVERNIGHT_V1/GENERATIONS/GEN_0016/binpack.log
98961937	2026-09-20T22:35:59.1976105000	/data/BASELINE_2026/NNUE_TUNING/C54_ITERATIVE_OVERNIGHT_V1/GENERATIONS/GEN_0016/challenger.nnue
371605482	2026-09-20T22:35:48.5603172000	/data/BASELINE_2026/NNUE_TUNING/C54_ITERATIVE_OVERNIGHT_V1/GENERATIONS/GEN_0016/challenger.pt
1601	2026-09-20T22:36:04.2191019000	/data/BASELINE_2026/NNUE_TUNING/C54_ITERATIVE_OVERNIGHT_V1/GENERATIONS/GEN_0016/fixed_dev.txt
444972	2026-09-20T22:35:24.0550339000	/data/BASELINE_2026/NNUE_TUNING/C54_ITERATIVE_OVERNIGHT_V1/GENERATIONS/GEN_0016/metrics.log
200008	2026-09-20T22:35:23.9253886000	/data/BASELINE_2026/NNUE_TUNING/C54_ITERATIVE_OVERNIGHT_V1/GENERATIONS/GEN_0016/mining.log
1757184	2026-09-20T22:35:24.0545225000	/data/BASELINE_2026/NNUE_TUNING/C54_ITERATIVE_OVERNIGHT_V1/GENERATIONS/GEN_0016/mining.sqlite
21164	2026-09-20T22:35:59.2380840000	/data/BASELINE_2026/NNUE_TUNING/C54_ITERATIVE_OVERNIGHT_V1/GENERATIONS/GEN_0016/serialize_nnue.log
600	2026-09-20T22:35:48.5964560000	/data/BASELINE_2026/NNUE_TUNING/C54_ITERATIVE_OVERNIGHT_V1/GENERATIONS/GEN_0016/serialize_pt.log
2738	2026-09-20T22:35:38.7811634000	/data/BASELINE_2026/NNUE_TUNING/C54_ITERATIVE_OVERNIGHT_V1/GENERATIONS/GEN_0016/train.log
9	2026-09-20T22:43:39.9350848000	/data/BASELINE_2026/NNUE_TUNING/C54_ITERATIVE_OVERNIGHT_V1/GENERATIONS/GEN_0017/DONE
206809	2026-09-20T22:43:38.7655365000	/data/BASELINE_2026/NNUE_TUNING/C54_ITERATIVE_OVERNIGHT_V1/GENERATIONS/GEN_0017/MATCH/games.pgn
18774	2026-09-20T22:43:38.7770569000	/data/BASELINE_2026/NNUE_TUNING/C54_ITERATIVE_OVERNIGHT_V1/GENERATIONS/GEN_0017/MATCH/match.txt
144004	2026-09-20T22:37:10.6362887000	/data/BASELINE_2026/NNUE_TUNING/C54_ITERATIVE_OVERNIGHT_V1/GENERATIONS/GEN_0017/MINING_POOL.tsv
565	2026-09-20T22:43:39.9229405000	/data/BASELINE_2026/NNUE_TUNING/C54_ITERATIVE_OVERNIGHT_V1/GENERATIONS/GEN_0017/RESULT.json
696328	2026-09-20T22:41:52.9206294000	/data/BASELINE_2026/NNUE_TUNING/C54_ITERATIVE_OVERNIGHT_V1/GENERATIONS/GEN_0017/TARGETED_TRAIN.binpack
4193324	2026-09-20T22:41:52.8480737000	/data/BASELINE_2026/NNUE_TUNING/C54_ITERATIVE_OVERNIGHT_V1/GENERATIONS/GEN_0017/TARGETED_TRAIN.tsv
1857951552	2026-09-20T22:42:06.3202161000	/data/BASELINE_2026/NNUE_TUNING/C54_ITERATIVE_OVERNIGHT_V1/GENERATIONS/GEN_0017/TRAIN_RUN/lightning_logs/version_0/checkpoints/last.ckpt
386	2026-09-20T22:42:07.7220320000	/data/BASELINE_2026/NNUE_TUNING/C54_ITERATIVE_OVERNIGHT_V1/GENERATIONS/GEN_0017/TRAIN_RUN/lightning_logs/version_0/events.out.tfevents.1789944116.74700ca2d2bd.108466.0
226	2026-09-20T22:42:07.7320990000	/data/BASELINE_2026/NNUE_TUNING/C54_ITERATIVE_OVERNIGHT_V1/GENERATIONS/GEN_0017/TRAIN_RUN/lightning_logs/version_0/metrics.csv
0	2026-09-20T22:42:07.7447172000	/data/BASELINE_2026/NNUE_TUNING/C54_ITERATIVE_OVERNIGHT_V1/GENERATIONS/GEN_0017/TRAIN_RUN/training_finished
526	2026-09-20T22:41:52.9305725000	/data/BASELINE_2026/NNUE_TUNING/C54_ITERATIVE_OVERNIGHT_V1/GENERATIONS/GEN_0017/binpack.log
98961933	2026-09-20T22:42:28.2526238000	/data/BASELINE_2026/NNUE_TUNING/C54_ITERATIVE_OVERNIGHT_V1/GENERATIONS/GEN_0017/challenger.nnue
371605482	2026-09-20T22:42:17.4765576000	/data/BASELINE_2026/NNUE_TUNING/C54_ITERATIVE_OVERNIGHT_V1/GENERATIONS/GEN_0017/challenger.pt
1601	2026-09-20T22:42:33.2699033000	/data/BASELINE_2026/NNUE_TUNING/C54_ITERATIVE_OVERNIGHT_V1/GENERATIONS/GEN_0017/fixed_dev.txt
444912	2026-09-20T22:41:52.6876368000	/data/BASELINE_2026/NNUE_TUNING/C54_ITERATIVE_OVERNIGHT_V1/GENERATIONS/GEN_0017/metrics.log
199805	2026-09-20T22:41:52.5304298000	/data/BASELINE_2026/NNUE_TUNING/C54_ITERATIVE_OVERNIGHT_V1/GENERATIONS/GEN_0017/mining.log
1761280	2026-09-20T22:41:52.6846092000	/data/BASELINE_2026/NNUE_TUNING/C54_ITERATIVE_OVERNIGHT_V1/GENERATIONS/GEN_0017/mining.sqlite
21164	2026-09-20T22:42:28.2898935000	/data/BASELINE_2026/NNUE_TUNING/C54_ITERATIVE_OVERNIGHT_V1/GENERATIONS/GEN_0017/serialize_nnue.log
600	2026-09-20T22:42:17.4986937000	/data/BASELINE_2026/NNUE_TUNING/C54_ITERATIVE_OVERNIGHT_V1/GENERATIONS/GEN_0017/serialize_pt.log
2738	2026-09-20T22:42:07.7320990000	/data/BASELINE_2026/NNUE_TUNING/C54_ITERATIVE_OVERNIGHT_V1/GENERATIONS/GEN_0017/train.log
9	2026-09-20T22:50:16.1383637000	/data/BASELINE_2026/NNUE_TUNING/C54_ITERATIVE_OVERNIGHT_V1/GENERATIONS/GEN_0018/DONE
209798	2026-09-20T22:50:15.0063930000	/data/BASELINE_2026/NNUE_TUNING/C54_ITERATIVE_OVERNIGHT_V1/GENERATIONS/GEN_0018/MATCH/games.pgn
18807	2026-09-20T22:50:15.0199284000	/data/BASELINE_2026/NNUE_TUNING/C54_ITERATIVE_OVERNIGHT_V1/GENERATIONS/GEN_0018/MATCH/match.txt
147409	2026-09-20T22:43:43.2859550000	/data/BASELINE_2026/NNUE_TUNING/C54_ITERATIVE_OVERNIGHT_V1/GENERATIONS/GEN_0018/MINING_POOL.tsv
565	2026-09-20T22:50:16.1335904000	/data/BASELINE_2026/NNUE_TUNING/C54_ITERATIVE_OVERNIGHT_V1/GENERATIONS/GEN_0018/RESULT.json
662736	2026-09-20T22:48:30.5468097000	/data/BASELINE_2026/NNUE_TUNING/C54_ITERATIVE_OVERNIGHT_V1/GENERATIONS/GEN_0018/TARGETED_TRAIN.binpack
4059100	2026-09-20T22:48:30.4881718000	/data/BASELINE_2026/NNUE_TUNING/C54_ITERATIVE_OVERNIGHT_V1/GENERATIONS/GEN_0018/TARGETED_TRAIN.tsv
1857951552	2026-09-20T22:48:43.2448765000	/data/BASELINE_2026/NNUE_TUNING/C54_ITERATIVE_OVERNIGHT_V1/GENERATIONS/GEN_0018/TRAIN_RUN/lightning_logs/version_0/checkpoints/last.ckpt
386	2026-09-20T22:48:44.5864181000	/data/BASELINE_2026/NNUE_TUNING/C54_ITERATIVE_OVERNIGHT_V1/GENERATIONS/GEN_0018/TRAIN_RUN/lightning_logs/version_0/events.out.tfevents.1789944514.74700ca2d2bd.111396.0
228	2026-09-20T22:48:44.5980156000	/data/BASELINE_2026/NNUE_TUNING/C54_ITERATIVE_OVERNIGHT_V1/GENERATIONS/GEN_0018/TRAIN_RUN/lightning_logs/version_0/metrics.csv
0	2026-09-20T22:48:44.6060593000	/data/BASELINE_2026/NNUE_TUNING/C54_ITERATIVE_OVERNIGHT_V1/GENERATIONS/GEN_0018/TRAIN_RUN/training_finished
526	2026-09-20T22:48:30.5579996000	/data/BASELINE_2026/NNUE_TUNING/C54_ITERATIVE_OVERNIGHT_V1/GENERATIONS/GEN_0018/binpack.log
98961941	2026-09-20T22:49:04.7666082000	/data/BASELINE_2026/NNUE_TUNING/C54_ITERATIVE_OVERNIGHT_V1/GENERATIONS/GEN_0018/challenger.nnue
371605482	2026-09-20T22:48:54.1346375000	/data/BASELINE_2026/NNUE_TUNING/C54_ITERATIVE_OVERNIGHT_V1/GENERATIONS/GEN_0018/challenger.pt
1601	2026-09-20T22:49:09.6214963000	/data/BASELINE_2026/NNUE_TUNING/C54_ITERATIVE_OVERNIGHT_V1/GENERATIONS/GEN_0018/fixed_dev.txt
443304	2026-09-20T22:48:30.3365564000	/data/BASELINE_2026/NNUE_TUNING/C54_ITERATIVE_OVERNIGHT_V1/GENERATIONS/GEN_0018/metrics.log
200115	2026-09-20T22:48:30.2179846000	/data/BASELINE_2026/NNUE_TUNING/C54_ITERATIVE_OVERNIGHT_V1/GENERATIONS/GEN_0018/mining.log
1744896	2026-09-20T22:48:30.3302945000	/data/BASELINE_2026/NNUE_TUNING/C54_ITERATIVE_OVERNIGHT_V1/GENERATIONS/GEN_0018/mining.sqlite
21164	2026-09-20T22:49:04.8026944000	/data/BASELINE_2026/NNUE_TUNING/C54_ITERATIVE_OVERNIGHT_V1/GENERATIONS/GEN_0018/serialize_nnue.log
600	2026-09-20T22:48:54.1659247000	/data/BASELINE_2026/NNUE_TUNING/C54_ITERATIVE_OVERNIGHT_V1/GENERATIONS/GEN_0018/serialize_pt.log
2738	2026-09-20T22:48:44.5980156000	/data/BASELINE_2026/NNUE_TUNING/C54_ITERATIVE_OVERNIGHT_V1/GENERATIONS/GEN_0018/train.log
9	2026-09-20T22:56:55.3375130000	/data/BASELINE_2026/NNUE_TUNING/C54_ITERATIVE_OVERNIGHT_V1/GENERATIONS/GEN_0019/DONE
222113	2026-09-20T22:56:54.0889954000	/data/BASELINE_2026/NNUE_TUNING/C54_ITERATIVE_OVERNIGHT_V1/GENERATIONS/GEN_0019/MATCH/games.pgn
18699	2026-09-20T22:56:54.1019113000	/data/BASELINE_2026/NNUE_TUNING/C54_ITERATIVE_OVERNIGHT_V1/GENERATIONS/GEN_0019/MATCH/match.txt
146102	2026-09-20T22:50:19.3269496000	/data/BASELINE_2026/NNUE_TUNING/C54_ITERATIVE_OVERNIGHT_V1/GENERATIONS/GEN_0019/MINING_POOL.tsv
569	2026-09-20T22:56:55.3084706000	/data/BASELINE_2026/NNUE_TUNING/C54_ITERATIVE_OVERNIGHT_V1/GENERATIONS/GEN_0019/RESULT.json
699728	2026-09-20T22:55:05.0180699000	/data/BASELINE_2026/NNUE_TUNING/C54_ITERATIVE_OVERNIGHT_V1/GENERATIONS/GEN_0019/TARGETED_TRAIN.binpack
4242015	2026-09-20T22:55:04.9505368000	/data/BASELINE_2026/NNUE_TUNING/C54_ITERATIVE_OVERNIGHT_V1/GENERATIONS/GEN_0019/TARGETED_TRAIN.tsv
1857951552	2026-09-20T22:55:18.1986651000	/data/BASELINE_2026/NNUE_TUNING/C54_ITERATIVE_OVERNIGHT_V1/GENERATIONS/GEN_0019/TRAIN_RUN/lightning_logs/version_0/checkpoints/last.ckpt
386	2026-09-20T22:55:19.5432259000	/data/BASELINE_2026/NNUE_TUNING/C54_ITERATIVE_OVERNIGHT_V1/GENERATIONS/GEN_0019/TRAIN_RUN/lightning_logs/version_0/events.out.tfevents.1789944908.74700ca2d2bd.114322.0
229	2026-09-20T22:55:19.5563917000	/data/BASELINE_2026/NNUE_TUNING/C54_ITERATIVE_OVERNIGHT_V1/GENERATIONS/GEN_0019/TRAIN_RUN/lightning_logs/version_0/metrics.csv
0	2026-09-20T22:55:19.5663479000	/data/BASELINE_2026/NNUE_TUNING/C54_ITERATIVE_OVERNIGHT_V1/GENERATIONS/GEN_0019/TRAIN_RUN/training_finished
526	2026-09-20T22:55:05.0292267000	/data/BASELINE_2026/NNUE_TUNING/C54_ITERATIVE_OVERNIGHT_V1/GENERATIONS/GEN_0019/binpack.log
98961940	2026-09-20T22:55:40.0005234000	/data/BASELINE_2026/NNUE_TUNING/C54_ITERATIVE_OVERNIGHT_V1/GENERATIONS/GEN_0019/challenger.nnue
371605482	2026-09-20T22:55:29.2688779000	/data/BASELINE_2026/NNUE_TUNING/C54_ITERATIVE_OVERNIGHT_V1/GENERATIONS/GEN_0019/challenger.pt
1601	2026-09-20T22:55:45.0235804000	/data/BASELINE_2026/NNUE_TUNING/C54_ITERATIVE_OVERNIGHT_V1/GENERATIONS/GEN_0019/fixed_dev.txt
445027	2026-09-20T22:55:04.7973303000	/data/BASELINE_2026/NNUE_TUNING/C54_ITERATIVE_OVERNIGHT_V1/GENERATIONS/GEN_0019/metrics.log
199954	2026-09-20T22:55:04.6690070000	/data/BASELINE_2026/NNUE_TUNING/C54_ITERATIVE_OVERNIGHT_V1/GENERATIONS/GEN_0019/mining.log
1748992	2026-09-20T22:55:04.7945028000	/data/BASELINE_2026/NNUE_TUNING/C54_ITERATIVE_OVERNIGHT_V1/GENERATIONS/GEN_0019/mining.sqlite
21164	2026-09-20T22:55:40.0435770000	/data/BASELINE_2026/NNUE_TUNING/C54_ITERATIVE_OVERNIGHT_V1/GENERATIONS/GEN_0019/serialize_nnue.log
600	2026-09-20T22:55:29.3014958000	/data/BASELINE_2026/NNUE_TUNING/C54_ITERATIVE_OVERNIGHT_V1/GENERATIONS/GEN_0019/serialize_pt.log
2738	2026-09-20T22:55:19.5563917000	/data/BASELINE_2026/NNUE_TUNING/C54_ITERATIVE_OVERNIGHT_V1/GENERATIONS/GEN_0019/train.log
9	2026-09-20T23:03:30.7397086000	/data/BASELINE_2026/NNUE_TUNING/C54_ITERATIVE_OVERNIGHT_V1/GENERATIONS/GEN_0020/DONE
208552	2026-09-20T23:03:29.5537862000	/data/BASELINE_2026/NNUE_TUNING/C54_ITERATIVE_OVERNIGHT_V1/GENERATIONS/GEN_0020/MATCH/games.pgn
18754	2026-09-20T23:03:29.5599585000	/data/BASELINE_2026/NNUE_TUNING/C54_ITERATIVE_OVERNIGHT_V1/GENERATIONS/GEN_0020/MATCH/match.txt
145536	2026-09-20T22:56:58.6395640000	/data/BASELINE_2026/NNUE_TUNING/C54_ITERATIVE_OVERNIGHT_V1/GENERATIONS/GEN_0020/MINING_POOL.tsv
567	2026-09-20T23:03:30.7188030000	/data/BASELINE_2026/NNUE_TUNING/C54_ITERATIVE_OVERNIGHT_V1/GENERATIONS/GEN_0020/RESULT.json
662736	2026-09-20T23:01:43.5409251000	/data/BASELINE_2026/NNUE_TUNING/C54_ITERATIVE_OVERNIGHT_V1/GENERATIONS/GEN_0020/TARGETED_TRAIN.binpack
4028912	2026-09-20T23:01:43.4555410000	/data/BASELINE_2026/NNUE_TUNING/C54_ITERATIVE_OVERNIGHT_V1/GENERATIONS/GEN_0020/TARGETED_TRAIN.tsv
1857951552	2026-09-20T23:01:56.7127604000	/data/BASELINE_2026/NNUE_TUNING/C54_ITERATIVE_OVERNIGHT_V1/GENERATIONS/GEN_0020/TRAIN_RUN/lightning_logs/version_0/checkpoints/last.ckpt
386	2026-09-20T23:01:58.0834798000	/data/BASELINE_2026/NNUE_TUNING/C54_ITERATIVE_OVERNIGHT_V1/GENERATIONS/GEN_0020/TRAIN_RUN/lightning_logs/version_0/events.out.tfevents.1789945307.74700ca2d2bd.117256.0
226	2026-09-20T23:01:58.0941413000	/data/BASELINE_2026/NNUE_TUNING/C54_ITERATIVE_OVERNIGHT_V1/GENERATIONS/GEN_0020/TRAIN_RUN/lightning_logs/version_0/metrics.csv
0	2026-09-20T23:01:58.1045308000	/data/BASELINE_2026/NNUE_TUNING/C54_ITERATIVE_OVERNIGHT_V1/GENERATIONS/GEN_0020/TRAIN_RUN/training_finished
526	2026-09-20T23:01:43.5504434000	/data/BASELINE_2026/NNUE_TUNING/C54_ITERATIVE_OVERNIGHT_V1/GENERATIONS/GEN_0020/binpack.log
98961935	2026-09-20T23:02:18.6826040000	/data/BASELINE_2026/NNUE_TUNING/C54_ITERATIVE_OVERNIGHT_V1/GENERATIONS/GEN_0020/challenger.nnue
371605482	2026-09-20T23:02:07.8369300000	/data/BASELINE_2026/NNUE_TUNING/C54_ITERATIVE_OVERNIGHT_V1/GENERATIONS/GEN_0020/challenger.pt
1601	2026-09-20T23:02:23.7993053000	/data/BASELINE_2026/NNUE_TUNING/C54_ITERATIVE_OVERNIGHT_V1/GENERATIONS/GEN_0020/fixed_dev.txt
443994	2026-09-20T23:01:43.2918494000	/data/BASELINE_2026/NNUE_TUNING/C54_ITERATIVE_OVERNIGHT_V1/GENERATIONS/GEN_0020/metrics.log
199810	2026-09-20T23:01:43.1501112000	/data/BASELINE_2026/NNUE_TUNING/C54_ITERATIVE_OVERNIGHT_V1/GENERATIONS/GEN_0020/mining.log
1757184	2026-09-20T23:01:43.2918494000	/data/BASELINE_2026/NNUE_TUNING/C54_ITERATIVE_OVERNIGHT_V1/GENERATIONS/GEN_0020/mining.sqlite
21164	2026-09-20T23:02:18.7182906000	/data/BASELINE_2026/NNUE_TUNING/C54_ITERATIVE_OVERNIGHT_V1/GENERATIONS/GEN_0020/serialize_nnue.log
600	2026-09-20T23:02:07.8702530000	/data/BASELINE_2026/NNUE_TUNING/C54_ITERATIVE_OVERNIGHT_V1/GENERATIONS/GEN_0020/serialize_pt.log
2738	2026-09-20T23:01:58.0941413000	/data/BASELINE_2026/NNUE_TUNING/C54_ITERATIVE_OVERNIGHT_V1/GENERATIONS/GEN_0020/train.log
9	2026-09-20T23:10:02.4076592000	/data/BASELINE_2026/NNUE_TUNING/C54_ITERATIVE_OVERNIGHT_V1/GENERATIONS/GEN_0021/DONE
199741	2026-09-20T23:10:01.2586371000	/data/BASELINE_2026/NNUE_TUNING/C54_ITERATIVE_OVERNIGHT_V1/GENERATIONS/GEN_0021/MATCH/games.pgn
18774	2026-09-20T23:10:01.2696347000	/data/BASELINE_2026/NNUE_TUNING/C54_ITERATIVE_OVERNIGHT_V1/GENERATIONS/GEN_0021/MATCH/match.txt
145797	2026-09-20T23:03:33.9635885000	/data/BASELINE_2026/NNUE_TUNING/C54_ITERATIVE_OVERNIGHT_V1/GENERATIONS/GEN_0021/MINING_POOL.tsv
567	2026-09-20T23:10:02.3947672000	/data/BASELINE_2026/NNUE_TUNING/C54_ITERATIVE_OVERNIGHT_V1/GENERATIONS/GEN_0021/RESULT.json
689392	2026-09-20T23:08:17.5642978000	/data/BASELINE_2026/NNUE_TUNING/C54_ITERATIVE_OVERNIGHT_V1/GENERATIONS/GEN_0021/TARGETED_TRAIN.binpack
4181600	2026-09-20T23:08:17.4930641000	/data/BASELINE_2026/NNUE_TUNING/C54_ITERATIVE_OVERNIGHT_V1/GENERATIONS/GEN_0021/TARGETED_TRAIN.tsv
1857951552	2026-09-20T23:08:30.8613914000	/data/BASELINE_2026/NNUE_TUNING/C54_ITERATIVE_OVERNIGHT_V1/GENERATIONS/GEN_0021/TRAIN_RUN/lightning_logs/version_0/checkpoints/last.ckpt
386	2026-09-20T23:08:32.2089042000	/data/BASELINE_2026/NNUE_TUNING/C54_ITERATIVE_OVERNIGHT_V1/GENERATIONS/GEN_0021/TRAIN_RUN/lightning_logs/version_0/events.out.tfevents.1789945701.74700ca2d2bd.120160.0
227	2026-09-20T23:08:32.2206290000	/data/BASELINE_2026/NNUE_TUNING/C54_ITERATIVE_OVERNIGHT_V1/GENERATIONS/GEN_0021/TRAIN_RUN/lightning_logs/version_0/metrics.csv
0	2026-09-20T23:08:32.2296914000	/data/BASELINE_2026/NNUE_TUNING/C54_ITERATIVE_OVERNIGHT_V1/GENERATIONS/GEN_0021/TRAIN_RUN/training_finished
526	2026-09-20T23:08:17.5642978000	/data/BASELINE_2026/NNUE_TUNING/C54_ITERATIVE_OVERNIGHT_V1/GENERATIONS/GEN_0021/binpack.log
98961936	2026-09-20T23:08:52.9191574000	/data/BASELINE_2026/NNUE_TUNING/C54_ITERATIVE_OVERNIGHT_V1/GENERATIONS/GEN_0021/challenger.nnue
371605482	2026-09-20T23:08:41.9808522000	/data/BASELINE_2026/NNUE_TUNING/C54_ITERATIVE_OVERNIGHT_V1/GENERATIONS/GEN_0021/challenger.pt
1601	2026-09-20T23:08:57.9252356000	/data/BASELINE_2026/NNUE_TUNING/C54_ITERATIVE_OVERNIGHT_V1/GENERATIONS/GEN_0021/fixed_dev.txt
445348	2026-09-20T23:08:17.3346799000	/data/BASELINE_2026/NNUE_TUNING/C54_ITERATIVE_OVERNIGHT_V1/GENERATIONS/GEN_0021/metrics.log
199770	2026-09-20T23:08:17.2011991000	/data/BASELINE_2026/NNUE_TUNING/C54_ITERATIVE_OVERNIGHT_V1/GENERATIONS/GEN_0021/mining.log
1757184	2026-09-20T23:08:17.3306635000	/data/BASELINE_2026/NNUE_TUNING/C54_ITERATIVE_OVERNIGHT_V1/GENERATIONS/GEN_0021/mining.sqlite
21164	2026-09-20T23:08:52.9588177000	/data/BASELINE_2026/NNUE_TUNING/C54_ITERATIVE_OVERNIGHT_V1/GENERATIONS/GEN_0021/serialize_nnue.log
600	2026-09-20T23:08:42.0122785000	/data/BASELINE_2026/NNUE_TUNING/C54_ITERATIVE_OVERNIGHT_V1/GENERATIONS/GEN_0021/serialize_pt.log
2738	2026-09-20T23:08:32.2221406000	/data/BASELINE_2026/NNUE_TUNING/C54_ITERATIVE_OVERNIGHT_V1/GENERATIONS/GEN_0021/train.log
9	2026-09-20T23:16:43.4727425000	/data/BASELINE_2026/NNUE_TUNING/C54_ITERATIVE_OVERNIGHT_V1/GENERATIONS/GEN_0022/DONE
217324	2026-09-20T23:16:42.2583357000	/data/BASELINE_2026/NNUE_TUNING/C54_ITERATIVE_OVERNIGHT_V1/GENERATIONS/GEN_0022/MATCH/games.pgn
18776	2026-09-20T23:16:42.2598400000	/data/BASELINE_2026/NNUE_TUNING/C54_ITERATIVE_OVERNIGHT_V1/GENERATIONS/GEN_0022/MATCH/match.txt
146467	2026-09-20T23:10:05.6211680000	/data/BASELINE_2026/NNUE_TUNING/C54_ITERATIVE_OVERNIGHT_V1/GENERATIONS/GEN_0022/MINING_POOL.tsv
567	2026-09-20T23:16:43.4566446000	/data/BASELINE_2026/NNUE_TUNING/C54_ITERATIVE_OVERNIGHT_V1/GENERATIONS/GEN_0022/RESULT.json
682864	2026-09-20T23:14:54.4110984000	/data/BASELINE_2026/NNUE_TUNING/C54_ITERATIVE_OVERNIGHT_V1/GENERATIONS/GEN_0022/TARGETED_TRAIN.binpack
4160082	2026-09-20T23:14:54.3446292000	/data/BASELINE_2026/NNUE_TUNING/C54_ITERATIVE_OVERNIGHT_V1/GENERATIONS/GEN_0022/TARGETED_TRAIN.tsv
1857951552	2026-09-20T23:15:07.9577236000	/data/BASELINE_2026/NNUE_TUNING/C54_ITERATIVE_OVERNIGHT_V1/GENERATIONS/GEN_0022/TRAIN_RUN/lightning_logs/version_0/checkpoints/last.ckpt
386	2026-09-20T23:15:09.3335677000	/data/BASELINE_2026/NNUE_TUNING/C54_ITERATIVE_OVERNIGHT_V1/GENERATIONS/GEN_0022/TRAIN_RUN/lightning_logs/version_0/events.out.tfevents.1789946097.74700ca2d2bd.123090.0
226	2026-09-20T23:15:09.3416560000	/data/BASELINE_2026/NNUE_TUNING/C54_ITERATIVE_OVERNIGHT_V1/GENERATIONS/GEN_0022/TRAIN_RUN/lightning_logs/version_0/metrics.csv
0	2026-09-20T23:15:09.3501860000	/data/BASELINE_2026/NNUE_TUNING/C54_ITERATIVE_OVERNIGHT_V1/GENERATIONS/GEN_0022/TRAIN_RUN/training_finished
526	2026-09-20T23:14:54.4194945000	/data/BASELINE_2026/NNUE_TUNING/C54_ITERATIVE_OVERNIGHT_V1/GENERATIONS/GEN_0022/binpack.log
98961936	2026-09-20T23:15:30.0963108000	/data/BASELINE_2026/NNUE_TUNING/C54_ITERATIVE_OVERNIGHT_V1/GENERATIONS/GEN_0022/challenger.nnue
371605482	2026-09-20T23:15:19.1379050000	/data/BASELINE_2026/NNUE_TUNING/C54_ITERATIVE_OVERNIGHT_V1/GENERATIONS/GEN_0022/challenger.pt
1601	2026-09-20T23:15:35.1230805000	/data/BASELINE_2026/NNUE_TUNING/C54_ITERATIVE_OVERNIGHT_V1/GENERATIONS/GEN_0022/fixed_dev.txt
445233	2026-09-20T23:14:54.1767962000	/data/BASELINE_2026/NNUE_TUNING/C54_ITERATIVE_OVERNIGHT_V1/GENERATIONS/GEN_0022/metrics.log
200195	2026-09-20T23:14:54.0398902000	/data/BASELINE_2026/NNUE_TUNING/C54_ITERATIVE_OVERNIGHT_V1/GENERATIONS/GEN_0022/mining.log
1769472	2026-09-20T23:14:54.1672978000	/data/BASELINE_2026/NNUE_TUNING/C54_ITERATIVE_OVERNIGHT_V1/GENERATIONS/GEN_0022/mining.sqlite
21164	2026-09-20T23:15:30.1301289000	/data/BASELINE_2026/NNUE_TUNING/C54_ITERATIVE_OVERNIGHT_V1/GENERATIONS/GEN_0022/serialize_nnue.log
600	2026-09-20T23:15:19.1719404000	/data/BASELINE_2026/NNUE_TUNING/C54_ITERATIVE_OVERNIGHT_V1/GENERATIONS/GEN_0022/serialize_pt.log
2738	2026-09-20T23:15:09.3446661000	/data/BASELINE_2026/NNUE_TUNING/C54_ITERATIVE_OVERNIGHT_V1/GENERATIONS/GEN_0022/train.log
9	2026-09-20T23:23:13.8361890000	/data/BASELINE_2026/NNUE_TUNING/C54_ITERATIVE_OVERNIGHT_V1/GENERATIONS/GEN_0023/DONE
216040	2026-09-20T23:23:12.6720353000	/data/BASELINE_2026/NNUE_TUNING/C54_ITERATIVE_OVERNIGHT_V1/GENERATIONS/GEN_0023/MATCH/games.pgn
18741	2026-09-20T23:23:12.6809143000	/data/BASELINE_2026/NNUE_TUNING/C54_ITERATIVE_OVERNIGHT_V1/GENERATIONS/GEN_0023/MATCH/match.txt
144093	2026-09-20T23:16:46.7063209000	/data/BASELINE_2026/NNUE_TUNING/C54_ITERATIVE_OVERNIGHT_V1/GENERATIONS/GEN_0023/MINING_POOL.tsv
567	2026-09-20T23:23:13.8361890000	/data/BASELINE_2026/NNUE_TUNING/C54_ITERATIVE_OVERNIGHT_V1/GENERATIONS/GEN_0023/RESULT.json
695240	2026-09-20T23:21:25.2019625000	/data/BASELINE_2026/NNUE_TUNING/C54_ITERATIVE_OVERNIGHT_V1/GENERATIONS/GEN_0023/TARGETED_TRAIN.binpack
4172199	2026-09-20T23:21:25.1422258000	/data/BASELINE_2026/NNUE_TUNING/C54_ITERATIVE_OVERNIGHT_V1/GENERATIONS/GEN_0023/TARGETED_TRAIN.tsv
1857951552	2026-09-20T23:21:38.3870474000	/data/BASELINE_2026/NNUE_TUNING/C54_ITERATIVE_OVERNIGHT_V1/GENERATIONS/GEN_0023/TRAIN_RUN/lightning_logs/version_0/checkpoints/last.ckpt
386	2026-09-20T23:21:39.7352094000	/data/BASELINE_2026/NNUE_TUNING/C54_ITERATIVE_OVERNIGHT_V1/GENERATIONS/GEN_0023/TRAIN_RUN/lightning_logs/version_0/events.out.tfevents.1789946488.74700ca2d2bd.125968.0
229	2026-09-20T23:21:39.7462710000	/data/BASELINE_2026/NNUE_TUNING/C54_ITERATIVE_OVERNIGHT_V1/GENERATIONS/GEN_0023/TRAIN_RUN/lightning_logs/version_0/metrics.csv
0	2026-09-20T23:21:39.7491078000	/data/BASELINE_2026/NNUE_TUNING/C54_ITERATIVE_OVERNIGHT_V1/GENERATIONS/GEN_0023/TRAIN_RUN/training_finished
526	2026-09-20T23:21:25.2116197000	/data/BASELINE_2026/NNUE_TUNING/C54_ITERATIVE_OVERNIGHT_V1/GENERATIONS/GEN_0023/binpack.log
98961939	2026-09-20T23:22:00.3313561000	/data/BASELINE_2026/NNUE_TUNING/C54_ITERATIVE_OVERNIGHT_V1/GENERATIONS/GEN_0023/challenger.nnue
371605482	2026-09-20T23:21:49.5073644000	/data/BASELINE_2026/NNUE_TUNING/C54_ITERATIVE_OVERNIGHT_V1/GENERATIONS/GEN_0023/challenger.pt
1601	2026-09-20T23:22:05.4705719000	/data/BASELINE_2026/NNUE_TUNING/C54_ITERATIVE_OVERNIGHT_V1/GENERATIONS/GEN_0023/fixed_dev.txt
445296	2026-09-20T23:21:24.9757140000	/data/BASELINE_2026/NNUE_TUNING/C54_ITERATIVE_OVERNIGHT_V1/GENERATIONS/GEN_0023/metrics.log
199480	2026-09-20T23:21:24.8384993000	/data/BASELINE_2026/NNUE_TUNING/C54_ITERATIVE_OVERNIGHT_V1/GENERATIONS/GEN_0023/mining.log
1761280	2026-09-20T23:21:24.9689231000	/data/BASELINE_2026/NNUE_TUNING/C54_ITERATIVE_OVERNIGHT_V1/GENERATIONS/GEN_0023/mining.sqlite
21164	2026-09-20T23:22:00.3715371000	/data/BASELINE_2026/NNUE_TUNING/C54_ITERATIVE_OVERNIGHT_V1/GENERATIONS/GEN_0023/serialize_nnue.log
600	2026-09-20T23:21:49.5405566000	/data/BASELINE_2026/NNUE_TUNING/C54_ITERATIVE_OVERNIGHT_V1/GENERATIONS/GEN_0023/serialize_pt.log
2738	2026-09-20T23:21:39.7462710000	/data/BASELINE_2026/NNUE_TUNING/C54_ITERATIVE_OVERNIGHT_V1/GENERATIONS/GEN_0023/train.log
9	2026-09-20T23:29:54.9748056000	/data/BASELINE_2026/NNUE_TUNING/C54_ITERATIVE_OVERNIGHT_V1/GENERATIONS/GEN_0024/DONE
212682	2026-09-20T23:29:53.8322366000	/data/BASELINE_2026/NNUE_TUNING/C54_ITERATIVE_OVERNIGHT_V1/GENERATIONS/GEN_0024/MATCH/games.pgn
18764	2026-09-20T23:29:53.8362594000	/data/BASELINE_2026/NNUE_TUNING/C54_ITERATIVE_OVERNIGHT_V1/GENERATIONS/GEN_0024/MATCH/match.txt
146349	2026-09-20T23:23:17.1656121000	/data/BASELINE_2026/NNUE_TUNING/C54_ITERATIVE_OVERNIGHT_V1/GENERATIONS/GEN_0024/MINING_POOL.tsv
567	2026-09-20T23:29:54.9509664000	/data/BASELINE_2026/NNUE_TUNING/C54_ITERATIVE_OVERNIGHT_V1/GENERATIONS/GEN_0024/RESULT.json
682184	2026-09-20T23:28:04.7802230000	/data/BASELINE_2026/NNUE_TUNING/C54_ITERATIVE_OVERNIGHT_V1/GENERATIONS/GEN_0024/TARGETED_TRAIN.binpack
4146524	2026-09-20T23:28:04.7126839000	/data/BASELINE_2026/NNUE_TUNING/C54_ITERATIVE_OVERNIGHT_V1/GENERATIONS/GEN_0024/TARGETED_TRAIN.tsv
1857951552	2026-09-20T23:28:18.7108337000	/data/BASELINE_2026/NNUE_TUNING/C54_ITERATIVE_OVERNIGHT_V1/GENERATIONS/GEN_0024/TRAIN_RUN/lightning_logs/version_0/checkpoints/last.ckpt
386	2026-09-20T23:28:20.0818695000	/data/BASELINE_2026/NNUE_TUNING/C54_ITERATIVE_OVERNIGHT_V1/GENERATIONS/GEN_0024/TRAIN_RUN/lightning_logs/version_0/events.out.tfevents.1789946888.74700ca2d2bd.128922.0
228	2026-09-20T23:28:20.0919493000	/data/BASELINE_2026/NNUE_TUNING/C54_ITERATIVE_OVERNIGHT_V1/GENERATIONS/GEN_0024/TRAIN_RUN/lightning_logs/version_0/metrics.csv
0	2026-09-20T23:28:20.1025648000	/data/BASELINE_2026/NNUE_TUNING/C54_ITERATIVE_OVERNIGHT_V1/GENERATIONS/GEN_0024/TRAIN_RUN/training_finished
526	2026-09-20T23:28:04.7867601000	/data/BASELINE_2026/NNUE_TUNING/C54_ITERATIVE_OVERNIGHT_V1/GENERATIONS/GEN_0024/binpack.log
98961937	2026-09-20T23:28:40.5249235000	/data/BASELINE_2026/NNUE_TUNING/C54_ITERATIVE_OVERNIGHT_V1/GENERATIONS/GEN_0024/challenger.nnue
371605482	2026-09-20T23:28:29.7566563000	/data/BASELINE_2026/NNUE_TUNING/C54_ITERATIVE_OVERNIGHT_V1/GENERATIONS/GEN_0024/challenger.pt
1601	2026-09-20T23:28:45.5255694000	/data/BASELINE_2026/NNUE_TUNING/C54_ITERATIVE_OVERNIGHT_V1/GENERATIONS/GEN_0024/fixed_dev.txt
444408	2026-09-20T23:28:04.5544376000	/data/BASELINE_2026/NNUE_TUNING/C54_ITERATIVE_OVERNIGHT_V1/GENERATIONS/GEN_0024/metrics.log
199998	2026-09-20T23:28:04.4139162000	/data/BASELINE_2026/NNUE_TUNING/C54_ITERATIVE_OVERNIGHT_V1/GENERATIONS/GEN_0024/mining.log
1761280	2026-09-20T23:28:04.5438257000	/data/BASELINE_2026/NNUE_TUNING/C54_ITERATIVE_OVERNIGHT_V1/GENERATIONS/GEN_0024/mining.sqlite
21164	2026-09-20T23:28:40.5627417000	/data/BASELINE_2026/NNUE_TUNING/C54_ITERATIVE_OVERNIGHT_V1/GENERATIONS/GEN_0024/serialize_nnue.log
600	2026-09-20T23:28:29.7881633000	/data/BASELINE_2026/NNUE_TUNING/C54_ITERATIVE_OVERNIGHT_V1/GENERATIONS/GEN_0024/serialize_pt.log
2738	2026-09-20T23:28:20.0949562000	/data/BASELINE_2026/NNUE_TUNING/C54_ITERATIVE_OVERNIGHT_V1/GENERATIONS/GEN_0024/train.log
9	2026-09-20T23:36:36.9044085000	/data/BASELINE_2026/NNUE_TUNING/C54_ITERATIVE_OVERNIGHT_V1/GENERATIONS/GEN_0025/DONE
207622	2026-09-20T23:36:35.7627039000	/data/BASELINE_2026/NNUE_TUNING/C54_ITERATIVE_OVERNIGHT_V1/GENERATIONS/GEN_0025/MATCH/games.pgn
18787	2026-09-20T23:36:35.7727894000	/data/BASELINE_2026/NNUE_TUNING/C54_ITERATIVE_OVERNIGHT_V1/GENERATIONS/GEN_0025/MATCH/match.txt
145473	2026-09-20T23:29:58.2498404000	/data/BASELINE_2026/NNUE_TUNING/C54_ITERATIVE_OVERNIGHT_V1/GENERATIONS/GEN_0025/MINING_POOL.tsv
568	2026-09-20T23:36:36.8915177000	/data/BASELINE_2026/NNUE_TUNING/C54_ITERATIVE_OVERNIGHT_V1/GENERATIONS/GEN_0025/RESULT.json
700816	2026-09-20T23:34:49.5543952000	/data/BASELINE_2026/NNUE_TUNING/C54_ITERATIVE_OVERNIGHT_V1/GENERATIONS/GEN_0025/TARGETED_TRAIN.binpack
4256258	2026-09-20T23:34:49.4910008000	/data/BASELINE_2026/NNUE_TUNING/C54_ITERATIVE_OVERNIGHT_V1/GENERATIONS/GEN_0025/TARGETED_TRAIN.tsv
1857951552	2026-09-20T23:35:02.8748263000	/data/BASELINE_2026/NNUE_TUNING/C54_ITERATIVE_OVERNIGHT_V1/GENERATIONS/GEN_0025/TRAIN_RUN/lightning_logs/version_0/checkpoints/last.ckpt
386	2026-09-20T23:35:04.2757424000	/data/BASELINE_2026/NNUE_TUNING/C54_ITERATIVE_OVERNIGHT_V1/GENERATIONS/GEN_0025/TRAIN_RUN/lightning_logs/version_0/events.out.tfevents.1789947293.74700ca2d2bd.131886.0
227	2026-09-20T23:35:04.2858553000	/data/BASELINE_2026/NNUE_TUNING/C54_ITERATIVE_OVERNIGHT_V1/GENERATIONS/GEN_0025/TRAIN_RUN/lightning_logs/version_0/metrics.csv
0	2026-09-20T23:35:04.2968537000	/data/BASELINE_2026/NNUE_TUNING/C54_ITERATIVE_OVERNIGHT_V1/GENERATIONS/GEN_0025/TRAIN_RUN/training_finished
526	2026-09-20T23:34:49.5543952000	/data/BASELINE_2026/NNUE_TUNING/C54_ITERATIVE_OVERNIGHT_V1/GENERATIONS/GEN_0025/binpack.log
98961942	2026-09-20T23:35:25.0985289000	/data/BASELINE_2026/NNUE_TUNING/C54_ITERATIVE_OVERNIGHT_V1/GENERATIONS/GEN_0025/challenger.nnue
371605482	2026-09-20T23:35:14.1055438000	/data/BASELINE_2026/NNUE_TUNING/C54_ITERATIVE_OVERNIGHT_V1/GENERATIONS/GEN_0025/challenger.pt
1601	2026-09-20T23:35:30.1522549000	/data/BASELINE_2026/NNUE_TUNING/C54_ITERATIVE_OVERNIGHT_V1/GENERATIONS/GEN_0025/fixed_dev.txt
445523	2026-09-20T23:34:49.3292632000	/data/BASELINE_2026/NNUE_TUNING/C54_ITERATIVE_OVERNIGHT_V1/GENERATIONS/GEN_0025/metrics.log
200485	2026-09-20T23:34:49.1909566000	/data/BASELINE_2026/NNUE_TUNING/C54_ITERATIVE_OVERNIGHT_V1/GENERATIONS/GEN_0025/mining.log
1761280	2026-09-20T23:34:49.3225415000	/data/BASELINE_2026/NNUE_TUNING/C54_ITERATIVE_OVERNIGHT_V1/GENERATIONS/GEN_0025/mining.sqlite
21164	2026-09-20T23:35:25.1382041000	/data/BASELINE_2026/NNUE_TUNING/C54_ITERATIVE_OVERNIGHT_V1/GENERATIONS/GEN_0025/serialize_nnue.log
600	2026-09-20T23:35:14.1397196000	/data/BASELINE_2026/NNUE_TUNING/C54_ITERATIVE_OVERNIGHT_V1/GENERATIONS/GEN_0025/serialize_pt.log
2738	2026-09-20T23:35:04.2889013000	/data/BASELINE_2026/NNUE_TUNING/C54_ITERATIVE_OVERNIGHT_V1/GENERATIONS/GEN_0025/train.log
9	2026-09-20T23:43:11.7804015000	/data/BASELINE_2026/NNUE_TUNING/C54_ITERATIVE_OVERNIGHT_V1/GENERATIONS/GEN_0026/DONE
218984	2026-09-20T23:43:10.6199453000	/data/BASELINE_2026/NNUE_TUNING/C54_ITERATIVE_OVERNIGHT_V1/GENERATIONS/GEN_0026/MATCH/games.pgn
18798	2026-09-20T23:43:10.6257975000	/data/BASELINE_2026/NNUE_TUNING/C54_ITERATIVE_OVERNIGHT_V1/GENERATIONS/GEN_0026/MATCH/match.txt
144728	2026-09-20T23:36:40.1532872000	/data/BASELINE_2026/NNUE_TUNING/C54_ITERATIVE_OVERNIGHT_V1/GENERATIONS/GEN_0026/MINING_POOL.tsv
567	2026-09-20T23:43:11.7659145000	/data/BASELINE_2026/NNUE_TUNING/C54_ITERATIVE_OVERNIGHT_V1/GENERATIONS/GEN_0026/RESULT.json
657160	2026-09-20T23:41:19.4857202000	/data/BASELINE_2026/NNUE_TUNING/C54_ITERATIVE_OVERNIGHT_V1/GENERATIONS/GEN_0026/TARGETED_TRAIN.binpack
3953575	2026-09-20T23:41:19.4231768000	/data/BASELINE_2026/NNUE_TUNING/C54_ITERATIVE_OVERNIGHT_V1/GENERATIONS/GEN_0026/TARGETED_TRAIN.tsv
1857951552	2026-09-20T23:41:33.0694044000	/data/BASELINE_2026/NNUE_TUNING/C54_ITERATIVE_OVERNIGHT_V1/GENERATIONS/GEN_0026/TRAIN_RUN/lightning_logs/version_0/checkpoints/last.ckpt
386	2026-09-20T23:41:34.4198360000	/data/BASELINE_2026/NNUE_TUNING/C54_ITERATIVE_OVERNIGHT_V1/GENERATIONS/GEN_0026/TRAIN_RUN/lightning_logs/version_0/events.out.tfevents.1789947683.74700ca2d2bd.134762.0
224	2026-09-20T23:41:34.4304395000	/data/BASELINE_2026/NNUE_TUNING/C54_ITERATIVE_OVERNIGHT_V1/GENERATIONS/GEN_0026/TRAIN_RUN/lightning_logs/version_0/metrics.csv
0	2026-09-20T23:41:34.4407035000	/data/BASELINE_2026/NNUE_TUNING/C54_ITERATIVE_OVERNIGHT_V1/GENERATIONS/GEN_0026/TRAIN_RUN/training_finished
526	2026-09-20T23:41:19.4926761000	/data/BASELINE_2026/NNUE_TUNING/C54_ITERATIVE_OVERNIGHT_V1/GENERATIONS/GEN_0026/binpack.log
98961935	2026-09-20T23:41:54.8682933000	/data/BASELINE_2026/NNUE_TUNING/C54_ITERATIVE_OVERNIGHT_V1/GENERATIONS/GEN_0026/challenger.nnue
371605482	2026-09-20T23:41:44.2342003000	/data/BASELINE_2026/NNUE_TUNING/C54_ITERATIVE_OVERNIGHT_V1/GENERATIONS/GEN_0026/challenger.pt
1601	2026-09-20T23:41:59.8666699000	/data/BASELINE_2026/NNUE_TUNING/C54_ITERATIVE_OVERNIGHT_V1/GENERATIONS/GEN_0026/fixed_dev.txt
443453	2026-09-20T23:41:19.2656622000	/data/BASELINE_2026/NNUE_TUNING/C54_ITERATIVE_OVERNIGHT_V1/GENERATIONS/GEN_0026/metrics.log
199685	2026-09-20T23:41:19.1400158000	/data/BASELINE_2026/NNUE_TUNING/C54_ITERATIVE_OVERNIGHT_V1/GENERATIONS/GEN_0026/mining.log
1728512	2026-09-20T23:41:19.2656622000	/data/BASELINE_2026/NNUE_TUNING/C54_ITERATIVE_OVERNIGHT_V1/GENERATIONS/GEN_0026/mining.sqlite
21164	2026-09-20T23:41:54.9062383000	/data/BASELINE_2026/NNUE_TUNING/C54_ITERATIVE_OVERNIGHT_V1/GENERATIONS/GEN_0026/serialize_nnue.log
600	2026-09-20T23:41:44.2662488000	/data/BASELINE_2026/NNUE_TUNING/C54_ITERATIVE_OVERNIGHT_V1/GENERATIONS/GEN_0026/serialize_pt.log
2738	2026-09-20T23:41:34.4304395000	/data/BASELINE_2026/NNUE_TUNING/C54_ITERATIVE_OVERNIGHT_V1/GENERATIONS/GEN_0026/train.log
9	2026-09-20T23:49:50.0391438000	/data/BASELINE_2026/NNUE_TUNING/C54_ITERATIVE_OVERNIGHT_V1/GENERATIONS/GEN_0027/DONE
219791	2026-09-20T23:49:48.8820500000	/data/BASELINE_2026/NNUE_TUNING/C54_ITERATIVE_OVERNIGHT_V1/GENERATIONS/GEN_0027/MATCH/games.pgn
18743	2026-09-20T23:49:48.8935072000	/data/BASELINE_2026/NNUE_TUNING/C54_ITERATIVE_OVERNIGHT_V1/GENERATIONS/GEN_0027/MATCH/match.txt
144946	2026-09-20T23:43:15.1387152000	/data/BASELINE_2026/NNUE_TUNING/C54_ITERATIVE_OVERNIGHT_V1/GENERATIONS/GEN_0027/MINING_POOL.tsv
567	2026-09-20T23:49:50.0330803000	/data/BASELINE_2026/NNUE_TUNING/C54_ITERATIVE_OVERNIGHT_V1/GENERATIONS/GEN_0027/RESULT.json
692520	2026-09-20T23:48:03.3133165000	/data/BASELINE_2026/NNUE_TUNING/C54_ITERATIVE_OVERNIGHT_V1/GENERATIONS/GEN_0027/TARGETED_TRAIN.binpack
4187779	2026-09-20T23:48:03.2371949000	/data/BASELINE_2026/NNUE_TUNING/C54_ITERATIVE_OVERNIGHT_V1/GENERATIONS/GEN_0027/TARGETED_TRAIN.tsv
1857951552	2026-09-20T23:48:16.5868248000	/data/BASELINE_2026/NNUE_TUNING/C54_ITERATIVE_OVERNIGHT_V1/GENERATIONS/GEN_0027/TRAIN_RUN/lightning_logs/version_0/checkpoints/last.ckpt
386	2026-09-20T23:48:17.9412694000	/data/BASELINE_2026/NNUE_TUNING/C54_ITERATIVE_OVERNIGHT_V1/GENERATIONS/GEN_0027/TRAIN_RUN/lightning_logs/version_0/events.out.tfevents.1789948086.74700ca2d2bd.137746.0
226	2026-09-20T23:48:17.9528486000	/data/BASELINE_2026/NNUE_TUNING/C54_ITERATIVE_OVERNIGHT_V1/GENERATIONS/GEN_0027/TRAIN_RUN/lightning_logs/version_0/metrics.csv
0	2026-09-20T23:48:17.9625204000	/data/BASELINE_2026/NNUE_TUNING/C54_ITERATIVE_OVERNIGHT_V1/GENERATIONS/GEN_0027/TRAIN_RUN/training_finished
526	2026-09-20T23:48:03.3203934000	/data/BASELINE_2026/NNUE_TUNING/C54_ITERATIVE_OVERNIGHT_V1/GENERATIONS/GEN_0027/binpack.log
98961937	2026-09-20T23:48:38.4910683000	/data/BASELINE_2026/NNUE_TUNING/C54_ITERATIVE_OVERNIGHT_V1/GENERATIONS/GEN_0027/challenger.nnue
371605482	2026-09-20T23:48:27.7575678000	/data/BASELINE_2026/NNUE_TUNING/C54_ITERATIVE_OVERNIGHT_V1/GENERATIONS/GEN_0027/challenger.pt
1601	2026-09-20T23:48:43.5132255000	/data/BASELINE_2026/NNUE_TUNING/C54_ITERATIVE_OVERNIGHT_V1/GENERATIONS/GEN_0027/fixed_dev.txt
444356	2026-09-20T23:48:02.9937856000	/data/BASELINE_2026/NNUE_TUNING/C54_ITERATIVE_OVERNIGHT_V1/GENERATIONS/GEN_0027/metrics.log
200133	2026-09-20T23:48:02.8626626000	/data/BASELINE_2026/NNUE_TUNING/C54_ITERATIVE_OVERNIGHT_V1/GENERATIONS/GEN_0027/mining.log
1748992	2026-09-20T23:48:02.9937856000	/data/BASELINE_2026/NNUE_TUNING/C54_ITERATIVE_OVERNIGHT_V1/GENERATIONS/GEN_0027/mining.sqlite
21164	2026-09-20T23:48:38.5306565000	/data/BASELINE_2026/NNUE_TUNING/C54_ITERATIVE_OVERNIGHT_V1/GENERATIONS/GEN_0027/serialize_nnue.log
600	2026-09-20T23:48:27.7909062000	/data/BASELINE_2026/NNUE_TUNING/C54_ITERATIVE_OVERNIGHT_V1/GENERATIONS/GEN_0027/serialize_pt.log
2738	2026-09-20T23:48:17.9550074000	/data/BASELINE_2026/NNUE_TUNING/C54_ITERATIVE_OVERNIGHT_V1/GENERATIONS/GEN_0027/train.log
9	2026-09-20T23:56:26.4744816000	/data/BASELINE_2026/NNUE_TUNING/C54_ITERATIVE_OVERNIGHT_V1/GENERATIONS/GEN_0028/DONE
225947	2026-09-20T23:56:25.2972292000	/data/BASELINE_2026/NNUE_TUNING/C54_ITERATIVE_OVERNIGHT_V1/GENERATIONS/GEN_0028/MATCH/games.pgn
18713	2026-09-20T23:56:25.3086212000	/data/BASELINE_2026/NNUE_TUNING/C54_ITERATIVE_OVERNIGHT_V1/GENERATIONS/GEN_0028/MATCH/match.txt
146410	2026-09-20T23:49:53.2681485000	/data/BASELINE_2026/NNUE_TUNING/C54_ITERATIVE_OVERNIGHT_V1/GENERATIONS/GEN_0028/MINING_POOL.tsv
568	2026-09-20T23:56:26.4588625000	/data/BASELINE_2026/NNUE_TUNING/C54_ITERATIVE_OVERNIGHT_V1/GENERATIONS/GEN_0028/RESULT.json
697960	2026-09-20T23:54:37.7479015000	/data/BASELINE_2026/NNUE_TUNING/C54_ITERATIVE_OVERNIGHT_V1/GENERATIONS/GEN_0028/TARGETED_TRAIN.binpack
4228786	2026-09-20T23:54:37.6825014000	/data/BASELINE_2026/NNUE_TUNING/C54_ITERATIVE_OVERNIGHT_V1/GENERATIONS/GEN_0028/TARGETED_TRAIN.tsv
1857951552	2026-09-20T23:54:51.0536683000	/data/BASELINE_2026/NNUE_TUNING/C54_ITERATIVE_OVERNIGHT_V1/GENERATIONS/GEN_0028/TRAIN_RUN/lightning_logs/version_0/checkpoints/last.ckpt
386	2026-09-20T23:54:52.4376896000	/data/BASELINE_2026/NNUE_TUNING/C54_ITERATIVE_OVERNIGHT_V1/GENERATIONS/GEN_0028/TRAIN_RUN/lightning_logs/version_0/events.out.tfevents.1789948481.74700ca2d2bd.140650.0
227	2026-09-20T23:54:52.4462379000	/data/BASELINE_2026/NNUE_TUNING/C54_ITERATIVE_OVERNIGHT_V1/GENERATIONS/GEN_0028/TRAIN_RUN/lightning_logs/version_0/metrics.csv
0	2026-09-20T23:54:52.4593258000	/data/BASELINE_2026/NNUE_TUNING/C54_ITERATIVE_OVERNIGHT_V1/GENERATIONS/GEN_0028/TRAIN_RUN/training_finished
526	2026-09-20T23:54:37.7479015000	/data/BASELINE_2026/NNUE_TUNING/C54_ITERATIVE_OVERNIGHT_V1/GENERATIONS/GEN_0028/binpack.log
98961938	2026-09-20T23:55:13.0607801000	/data/BASELINE_2026/NNUE_TUNING/C54_ITERATIVE_OVERNIGHT_V1/GENERATIONS/GEN_0028/challenger.nnue
371605482	2026-09-20T23:55:02.2914181000	/data/BASELINE_2026/NNUE_TUNING/C54_ITERATIVE_OVERNIGHT_V1/GENERATIONS/GEN_0028/challenger.pt
1601	2026-09-20T23:55:18.0916679000	/data/BASELINE_2026/NNUE_TUNING/C54_ITERATIVE_OVERNIGHT_V1/GENERATIONS/GEN_0028/fixed_dev.txt
444812	2026-09-20T23:54:37.5270862000	/data/BASELINE_2026/NNUE_TUNING/C54_ITERATIVE_OVERNIGHT_V1/GENERATIONS/GEN_0028/metrics.log
199791	2026-09-20T23:54:37.4066760000	/data/BASELINE_2026/NNUE_TUNING/C54_ITERATIVE_OVERNIGHT_V1/GENERATIONS/GEN_0028/mining.log
1744896	2026-09-20T23:54:37.5255787000	/data/BASELINE_2026/NNUE_TUNING/C54_ITERATIVE_OVERNIGHT_V1/GENERATIONS/GEN_0028/mining.sqlite
21164	2026-09-20T23:55:13.1016020000	/data/BASELINE_2026/NNUE_TUNING/C54_ITERATIVE_OVERNIGHT_V1/GENERATIONS/GEN_0028/serialize_nnue.log
600	2026-09-20T23:55:02.3226394000	/data/BASELINE_2026/NNUE_TUNING/C54_ITERATIVE_OVERNIGHT_V1/GENERATIONS/GEN_0028/serialize_pt.log
2738	2026-09-20T23:54:52.4502488000	/data/BASELINE_2026/NNUE_TUNING/C54_ITERATIVE_OVERNIGHT_V1/GENERATIONS/GEN_0028/train.log
9	2026-09-21T00:03:01.3639434000	/data/BASELINE_2026/NNUE_TUNING/C54_ITERATIVE_OVERNIGHT_V1/GENERATIONS/GEN_0029/DONE
210661	2026-09-21T00:03:00.1888051000	/data/BASELINE_2026/NNUE_TUNING/C54_ITERATIVE_OVERNIGHT_V1/GENERATIONS/GEN_0029/MATCH/games.pgn
18803	2026-09-21T00:03:00.1994187000	/data/BASELINE_2026/NNUE_TUNING/C54_ITERATIVE_OVERNIGHT_V1/GENERATIONS/GEN_0029/MATCH/match.txt
145568	2026-09-20T23:56:29.6728249000	/data/BASELINE_2026/NNUE_TUNING/C54_ITERATIVE_OVERNIGHT_V1/GENERATIONS/GEN_0029/MINING_POOL.tsv
567	2026-09-21T00:03:01.3604222000	/data/BASELINE_2026/NNUE_TUNING/C54_ITERATIVE_OVERNIGHT_V1/GENERATIONS/GEN_0029/RESULT.json
674296	2026-09-21T00:01:15.7625091000	/data/BASELINE_2026/NNUE_TUNING/C54_ITERATIVE_OVERNIGHT_V1/GENERATIONS/GEN_0029/TARGETED_TRAIN.binpack
4065026	2026-09-21T00:01:15.6921429000	/data/BASELINE_2026/NNUE_TUNING/C54_ITERATIVE_OVERNIGHT_V1/GENERATIONS/GEN_0029/TARGETED_TRAIN.tsv
1857951552	2026-09-21T00:01:28.9455972000	/data/BASELINE_2026/NNUE_TUNING/C54_ITERATIVE_OVERNIGHT_V1/GENERATIONS/GEN_0029/TRAIN_RUN/lightning_logs/version_0/checkpoints/last.ckpt
386	2026-09-21T00:01:30.2908743000	/data/BASELINE_2026/NNUE_TUNING/C54_ITERATIVE_OVERNIGHT_V1/GENERATIONS/GEN_0029/TRAIN_RUN/lightning_logs/version_0/events.out.tfevents.1789948879.74700ca2d2bd.143582.0
225	2026-09-21T00:01:30.3010988000	/data/BASELINE_2026/NNUE_TUNING/C54_ITERATIVE_OVERNIGHT_V1/GENERATIONS/GEN_0029/TRAIN_RUN/lightning_logs/version_0/metrics.csv
0	2026-09-21T00:01:30.3098380000	/data/BASELINE_2026/NNUE_TUNING/C54_ITERATIVE_OVERNIGHT_V1/GENERATIONS/GEN_0029/TRAIN_RUN/training_finished
526	2026-09-21T00:01:15.7706245000	/data/BASELINE_2026/NNUE_TUNING/C54_ITERATIVE_OVERNIGHT_V1/GENERATIONS/GEN_0029/binpack.log
98961938	2026-09-21T00:01:50.9290649000	/data/BASELINE_2026/NNUE_TUNING/C54_ITERATIVE_OVERNIGHT_V1/GENERATIONS/GEN_0029/challenger.nnue
371605482	2026-09-21T00:01:40.1014646000	/data/BASELINE_2026/NNUE_TUNING/C54_ITERATIVE_OVERNIGHT_V1/GENERATIONS/GEN_0029/challenger.pt
1601	2026-09-21T00:01:55.9421454000	/data/BASELINE_2026/NNUE_TUNING/C54_ITERATIVE_OVERNIGHT_V1/GENERATIONS/GEN_0029/fixed_dev.txt
444430	2026-09-21T00:01:15.5190009000	/data/BASELINE_2026/NNUE_TUNING/C54_ITERATIVE_OVERNIGHT_V1/GENERATIONS/GEN_0029/metrics.log
199899	2026-09-21T00:01:15.3922413000	/data/BASELINE_2026/NNUE_TUNING/C54_ITERATIVE_OVERNIGHT_V1/GENERATIONS/GEN_0029/mining.log
1757184	2026-09-21T00:01:15.5104560000	/data/BASELINE_2026/NNUE_TUNING/C54_ITERATIVE_OVERNIGHT_V1/GENERATIONS/GEN_0029/mining.sqlite
21164	2026-09-21T00:01:50.9719154000	/data/BASELINE_2026/NNUE_TUNING/C54_ITERATIVE_OVERNIGHT_V1/GENERATIONS/GEN_0029/serialize_nnue.log
600	2026-09-21T00:01:40.1351795000	/data/BASELINE_2026/NNUE_TUNING/C54_ITERATIVE_OVERNIGHT_V1/GENERATIONS/GEN_0029/serialize_pt.log
2738	2026-09-21T00:01:30.3021314000	/data/BASELINE_2026/NNUE_TUNING/C54_ITERATIVE_OVERNIGHT_V1/GENERATIONS/GEN_0029/train.log
9	2026-09-21T00:09:40.7035415000	/data/BASELINE_2026/NNUE_TUNING/C54_ITERATIVE_OVERNIGHT_V1/GENERATIONS/GEN_0030/DONE
210002	2026-09-21T00:09:39.5640872000	/data/BASELINE_2026/NNUE_TUNING/C54_ITERATIVE_OVERNIGHT_V1/GENERATIONS/GEN_0030/MATCH/games.pgn
18757	2026-09-21T00:09:39.5767633000	/data/BASELINE_2026/NNUE_TUNING/C54_ITERATIVE_OVERNIGHT_V1/GENERATIONS/GEN_0030/MATCH/match.txt
146247	2026-09-21T00:03:04.7301134000	/data/BASELINE_2026/NNUE_TUNING/C54_ITERATIVE_OVERNIGHT_V1/GENERATIONS/GEN_0030/MINING_POOL.tsv
568	2026-09-21T00:09:40.6947846000	/data/BASELINE_2026/NNUE_TUNING/C54_ITERATIVE_OVERNIGHT_V1/GENERATIONS/GEN_0030/RESULT.json
696872	2026-09-21T00:07:52.6654343000	/data/BASELINE_2026/NNUE_TUNING/C54_ITERATIVE_OVERNIGHT_V1/GENERATIONS/GEN_0030/TARGETED_TRAIN.binpack
4221589	2026-09-21T00:07:52.5932547000	/data/BASELINE_2026/NNUE_TUNING/C54_ITERATIVE_OVERNIGHT_V1/GENERATIONS/GEN_0030/TARGETED_TRAIN.tsv
1857951552	2026-09-21T00:08:05.8748935000	/data/BASELINE_2026/NNUE_TUNING/C54_ITERATIVE_OVERNIGHT_V1/GENERATIONS/GEN_0030/TRAIN_RUN/lightning_logs/version_0/checkpoints/last.ckpt
386	2026-09-21T00:08:07.2239775000	/data/BASELINE_2026/NNUE_TUNING/C54_ITERATIVE_OVERNIGHT_V1/GENERATIONS/GEN_0030/TRAIN_RUN/lightning_logs/version_0/events.out.tfevents.1789949276.74700ca2d2bd.146510.0
226	2026-09-21T00:08:07.2360651000	/data/BASELINE_2026/NNUE_TUNING/C54_ITERATIVE_OVERNIGHT_V1/GENERATIONS/GEN_0030/TRAIN_RUN/lightning_logs/version_0/metrics.csv
0	2026-09-21T00:08:07.2456434000	/data/BASELINE_2026/NNUE_TUNING/C54_ITERATIVE_OVERNIGHT_V1/GENERATIONS/GEN_0030/TRAIN_RUN/training_finished
526	2026-09-21T00:07:52.6714403000	/data/BASELINE_2026/NNUE_TUNING/C54_ITERATIVE_OVERNIGHT_V1/GENERATIONS/GEN_0030/binpack.log
98961937	2026-09-21T00:08:27.8615474000	/data/BASELINE_2026/NNUE_TUNING/C54_ITERATIVE_OVERNIGHT_V1/GENERATIONS/GEN_0030/challenger.nnue
371605482	2026-09-21T00:08:17.0508000000	/data/BASELINE_2026/NNUE_TUNING/C54_ITERATIVE_OVERNIGHT_V1/GENERATIONS/GEN_0030/challenger.pt
1601	2026-09-21T00:08:32.9615556000	/data/BASELINE_2026/NNUE_TUNING/C54_ITERATIVE_OVERNIGHT_V1/GENERATIONS/GEN_0030/fixed_dev.txt
444281	2026-09-21T00:07:52.3786263000	/data/BASELINE_2026/NNUE_TUNING/C54_ITERATIVE_OVERNIGHT_V1/GENERATIONS/GEN_0030/metrics.log
200011	2026-09-21T00:07:52.2536864000	/data/BASELINE_2026/NNUE_TUNING/C54_ITERATIVE_OVERNIGHT_V1/GENERATIONS/GEN_0030/mining.log
1757184	2026-09-21T00:07:52.3766235000	/data/BASELINE_2026/NNUE_TUNING/C54_ITERATIVE_OVERNIGHT_V1/GENERATIONS/GEN_0030/mining.sqlite
21164	2026-09-21T00:08:27.9004532000	/data/BASELINE_2026/NNUE_TUNING/C54_ITERATIVE_OVERNIGHT_V1/GENERATIONS/GEN_0030/serialize_nnue.log
600	2026-09-21T00:08:17.0869234000	/data/BASELINE_2026/NNUE_TUNING/C54_ITERATIVE_OVERNIGHT_V1/GENERATIONS/GEN_0030/serialize_pt.log
2738	2026-09-21T00:08:07.2380730000	/data/BASELINE_2026/NNUE_TUNING/C54_ITERATIVE_OVERNIGHT_V1/GENERATIONS/GEN_0030/train.log
9	2026-09-21T00:16:21.3490708000	/data/BASELINE_2026/NNUE_TUNING/C54_ITERATIVE_OVERNIGHT_V1/GENERATIONS/GEN_0031/DONE
220827	2026-09-21T00:16:20.1535369000	/data/BASELINE_2026/NNUE_TUNING/C54_ITERATIVE_OVERNIGHT_V1/GENERATIONS/GEN_0031/MATCH/games.pgn
18795	2026-09-21T00:16:20.1637987000	/data/BASELINE_2026/NNUE_TUNING/C54_ITERATIVE_OVERNIGHT_V1/GENERATIONS/GEN_0031/MATCH/match.txt
146573	2026-09-21T00:09:43.9671768000	/data/BASELINE_2026/NNUE_TUNING/C54_ITERATIVE_OVERNIGHT_V1/GENERATIONS/GEN_0031/MINING_POOL.tsv
565	2026-09-21T00:16:21.3426553000	/data/BASELINE_2026/NNUE_TUNING/C54_ITERATIVE_OVERNIGHT_V1/GENERATIONS/GEN_0031/RESULT.json
701768	2026-09-21T00:14:30.2355114000	/data/BASELINE_2026/NNUE_TUNING/C54_ITERATIVE_OVERNIGHT_V1/GENERATIONS/GEN_0031/TARGETED_TRAIN.binpack
4271802	2026-09-21T00:14:30.1724315000	/data/BASELINE_2026/NNUE_TUNING/C54_ITERATIVE_OVERNIGHT_V1/GENERATIONS/GEN_0031/TARGETED_TRAIN.tsv
1857951552	2026-09-21T00:14:43.5878934000	/data/BASELINE_2026/NNUE_TUNING/C54_ITERATIVE_OVERNIGHT_V1/GENERATIONS/GEN_0031/TRAIN_RUN/lightning_logs/version_0/checkpoints/last.ckpt
386	2026-09-21T00:14:44.9738495000	/data/BASELINE_2026/NNUE_TUNING/C54_ITERATIVE_OVERNIGHT_V1/GENERATIONS/GEN_0031/TRAIN_RUN/lightning_logs/version_0/events.out.tfevents.1789949673.74700ca2d2bd.149442.0
225	2026-09-21T00:14:44.9834690000	/data/BASELINE_2026/NNUE_TUNING/C54_ITERATIVE_OVERNIGHT_V1/GENERATIONS/GEN_0031/TRAIN_RUN/lightning_logs/version_0/metrics.csv
0	2026-09-21T00:14:44.9899800000	/data/BASELINE_2026/NNUE_TUNING/C54_ITERATIVE_OVERNIGHT_V1/GENERATIONS/GEN_0031/TRAIN_RUN/training_finished
526	2026-09-21T00:14:30.2511595000	/data/BASELINE_2026/NNUE_TUNING/C54_ITERATIVE_OVERNIGHT_V1/GENERATIONS/GEN_0031/binpack.log
98961937	2026-09-21T00:15:05.7091575000	/data/BASELINE_2026/NNUE_TUNING/C54_ITERATIVE_OVERNIGHT_V1/GENERATIONS/GEN_0031/challenger.nnue
371605482	2026-09-21T00:14:54.6289006000	/data/BASELINE_2026/NNUE_TUNING/C54_ITERATIVE_OVERNIGHT_V1/GENERATIONS/GEN_0031/challenger.pt
1601	2026-09-21T00:15:10.7382218000	/data/BASELINE_2026/NNUE_TUNING/C54_ITERATIVE_OVERNIGHT_V1/GENERATIONS/GEN_0031/fixed_dev.txt
445338	2026-09-21T00:14:29.9888990000	/data/BASELINE_2026/NNUE_TUNING/C54_ITERATIVE_OVERNIGHT_V1/GENERATIONS/GEN_0031/metrics.log
199999	2026-09-21T00:14:29.8564063000	/data/BASELINE_2026/NNUE_TUNING/C54_ITERATIVE_OVERNIGHT_V1/GENERATIONS/GEN_0031/mining.log
1753088	2026-09-21T00:14:29.9888990000	/data/BASELINE_2026/NNUE_TUNING/C54_ITERATIVE_OVERNIGHT_V1/GENERATIONS/GEN_0031/mining.sqlite
21164	2026-09-21T00:15:05.7542104000	/data/BASELINE_2026/NNUE_TUNING/C54_ITERATIVE_OVERNIGHT_V1/GENERATIONS/GEN_0031/serialize_nnue.log
600	2026-09-21T00:14:54.6528525000	/data/BASELINE_2026/NNUE_TUNING/C54_ITERATIVE_OVERNIGHT_V1/GENERATIONS/GEN_0031/serialize_pt.log
2738	2026-09-21T00:14:44.9834690000	/data/BASELINE_2026/NNUE_TUNING/C54_ITERATIVE_OVERNIGHT_V1/GENERATIONS/GEN_0031/train.log
9	2026-09-21T00:22:52.6348547000	/data/BASELINE_2026/NNUE_TUNING/C54_ITERATIVE_OVERNIGHT_V1/GENERATIONS/GEN_0032/DONE
209071	2026-09-21T00:22:51.4717087000	/data/BASELINE_2026/NNUE_TUNING/C54_ITERATIVE_OVERNIGHT_V1/GENERATIONS/GEN_0032/MATCH/games.pgn
18789	2026-09-21T00:22:51.4717087000	/data/BASELINE_2026/NNUE_TUNING/C54_ITERATIVE_OVERNIGHT_V1/GENERATIONS/GEN_0032/MATCH/match.txt
145279	2026-09-21T00:16:24.6077688000	/data/BASELINE_2026/NNUE_TUNING/C54_ITERATIVE_OVERNIGHT_V1/GENERATIONS/GEN_0032/MINING_POOL.tsv
566	2026-09-21T00:22:52.6197677000	/data/BASELINE_2026/NNUE_TUNING/C54_ITERATIVE_OVERNIGHT_V1/GENERATIONS/GEN_0032/RESULT.json
698096	2026-09-21T00:21:06.5157118000	/data/BASELINE_2026/NNUE_TUNING/C54_ITERATIVE_OVERNIGHT_V1/GENERATIONS/GEN_0032/TARGETED_TRAIN.binpack
4212001	2026-09-21T00:21:06.4530035000	/data/BASELINE_2026/NNUE_TUNING/C54_ITERATIVE_OVERNIGHT_V1/GENERATIONS/GEN_0032/TARGETED_TRAIN.tsv
1857951552	2026-09-21T00:21:19.8948045000	/data/BASELINE_2026/NNUE_TUNING/C54_ITERATIVE_OVERNIGHT_V1/GENERATIONS/GEN_0032/TRAIN_RUN/lightning_logs/version_0/checkpoints/last.ckpt
386	2026-09-21T00:21:21.2618211000	/data/BASELINE_2026/NNUE_TUNING/C54_ITERATIVE_OVERNIGHT_V1/GENERATIONS/GEN_0032/TRAIN_RUN/lightning_logs/version_0/events.out.tfevents.1789950070.74700ca2d2bd.152350.0
224	2026-09-21T00:21:21.2724097000	/data/BASELINE_2026/NNUE_TUNING/C54_ITERATIVE_OVERNIGHT_V1/GENERATIONS/GEN_0032/TRAIN_RUN/lightning_logs/version_0/metrics.csv
0	2026-09-21T00:21:21.2827403000	/data/BASELINE_2026/NNUE_TUNING/C54_ITERATIVE_OVERNIGHT_V1/GENERATIONS/GEN_0032/TRAIN_RUN/training_finished
526	2026-09-21T00:21:06.5157118000	/data/BASELINE_2026/NNUE_TUNING/C54_ITERATIVE_OVERNIGHT_V1/GENERATIONS/GEN_0032/binpack.log
98961933	2026-09-21T00:21:41.9539044000	/data/BASELINE_2026/NNUE_TUNING/C54_ITERATIVE_OVERNIGHT_V1/GENERATIONS/GEN_0032/challenger.nnue
371605482	2026-09-21T00:21:31.1905496000	/data/BASELINE_2026/NNUE_TUNING/C54_ITERATIVE_OVERNIGHT_V1/GENERATIONS/GEN_0032/challenger.pt
1601	2026-09-21T00:21:46.9954435000	/data/BASELINE_2026/NNUE_TUNING/C54_ITERATIVE_OVERNIGHT_V1/GENERATIONS/GEN_0032/fixed_dev.txt
444207	2026-09-21T00:21:06.2944069000	/data/BASELINE_2026/NNUE_TUNING/C54_ITERATIVE_OVERNIGHT_V1/GENERATIONS/GEN_0032/metrics.log
199609	2026-09-21T00:21:06.1680050000	/data/BASELINE_2026/NNUE_TUNING/C54_ITERATIVE_OVERNIGHT_V1/GENERATIONS/GEN_0032/mining.log
1757184	2026-09-21T00:21:06.2944069000	/data/BASELINE_2026/NNUE_TUNING/C54_ITERATIVE_OVERNIGHT_V1/GENERATIONS/GEN_0032/mining.sqlite
21164	2026-09-21T00:21:41.9889618000	/data/BASELINE_2026/NNUE_TUNING/C54_ITERATIVE_OVERNIGHT_V1/GENERATIONS/GEN_0032/serialize_nnue.log
600	2026-09-21T00:21:31.2237540000	/data/BASELINE_2026/NNUE_TUNING/C54_ITERATIVE_OVERNIGHT_V1/GENERATIONS/GEN_0032/serialize_pt.log
2738	2026-09-21T00:21:21.2724097000	/data/BASELINE_2026/NNUE_TUNING/C54_ITERATIVE_OVERNIGHT_V1/GENERATIONS/GEN_0032/train.log
9	2026-09-21T00:29:26.5344458000	/data/BASELINE_2026/NNUE_TUNING/C54_ITERATIVE_OVERNIGHT_V1/GENERATIONS/GEN_0033/DONE
216302	2026-09-21T00:29:25.3585767000	/data/BASELINE_2026/NNUE_TUNING/C54_ITERATIVE_OVERNIGHT_V1/GENERATIONS/GEN_0033/MATCH/games.pgn
18816	2026-09-21T00:29:25.3717516000	/data/BASELINE_2026/NNUE_TUNING/C54_ITERATIVE_OVERNIGHT_V1/GENERATIONS/GEN_0033/MATCH/match.txt
145452	2026-09-21T00:22:55.9310798000	/data/BASELINE_2026/NNUE_TUNING/C54_ITERATIVE_OVERNIGHT_V1/GENERATIONS/GEN_0033/MINING_POOL.tsv
565	2026-09-21T00:29:26.5284173000	/data/BASELINE_2026/NNUE_TUNING/C54_ITERATIVE_OVERNIGHT_V1/GENERATIONS/GEN_0033/RESULT.json
718088	2026-09-21T00:27:37.8168706000	/data/BASELINE_2026/NNUE_TUNING/C54_ITERATIVE_OVERNIGHT_V1/GENERATIONS/GEN_0033/TARGETED_TRAIN.binpack
4368582	2026-09-21T00:27:37.7535514000	/data/BASELINE_2026/NNUE_TUNING/C54_ITERATIVE_OVERNIGHT_V1/GENERATIONS/GEN_0033/TARGETED_TRAIN.tsv
1857951552	2026-09-21T00:27:51.2061027000	/data/BASELINE_2026/NNUE_TUNING/C54_ITERATIVE_OVERNIGHT_V1/GENERATIONS/GEN_0033/TRAIN_RUN/lightning_logs/version_0/checkpoints/last.ckpt
386	2026-09-21T00:27:52.5997332000	/data/BASELINE_2026/NNUE_TUNING/C54_ITERATIVE_OVERNIGHT_V1/GENERATIONS/GEN_0033/TRAIN_RUN/lightning_logs/version_0/events.out.tfevents.1789950461.74700ca2d2bd.155250.0
227	2026-09-21T00:27:52.6105631000	/data/BASELINE_2026/NNUE_TUNING/C54_ITERATIVE_OVERNIGHT_V1/GENERATIONS/GEN_0033/TRAIN_RUN/lightning_logs/version_0/metrics.csv
0	2026-09-21T00:27:52.6211936000	/data/BASELINE_2026/NNUE_TUNING/C54_ITERATIVE_OVERNIGHT_V1/GENERATIONS/GEN_0033/TRAIN_RUN/training_finished
526	2026-09-21T00:27:37.8251266000	/data/BASELINE_2026/NNUE_TUNING/C54_ITERATIVE_OVERNIGHT_V1/GENERATIONS/GEN_0033/binpack.log
98961933	2026-09-21T00:28:13.3627253000	/data/BASELINE_2026/NNUE_TUNING/C54_ITERATIVE_OVERNIGHT_V1/GENERATIONS/GEN_0033/challenger.nnue
371605482	2026-09-21T00:28:02.3639098000	/data/BASELINE_2026/NNUE_TUNING/C54_ITERATIVE_OVERNIGHT_V1/GENERATIONS/GEN_0033/challenger.pt
1601	2026-09-21T00:28:18.4383552000	/data/BASELINE_2026/NNUE_TUNING/C54_ITERATIVE_OVERNIGHT_V1/GENERATIONS/GEN_0033/fixed_dev.txt
445831	2026-09-21T00:27:37.5861926000	/data/BASELINE_2026/NNUE_TUNING/C54_ITERATIVE_OVERNIGHT_V1/GENERATIONS/GEN_0033/metrics.log
199750	2026-09-21T00:27:37.4472789000	/data/BASELINE_2026/NNUE_TUNING/C54_ITERATIVE_OVERNIGHT_V1/GENERATIONS/GEN_0033/mining.log
1765376	2026-09-21T00:27:37.5851899000	/data/BASELINE_2026/NNUE_TUNING/C54_ITERATIVE_OVERNIGHT_V1/GENERATIONS/GEN_0033/mining.sqlite
21164	2026-09-21T00:28:13.4107154000	/data/BASELINE_2026/NNUE_TUNING/C54_ITERATIVE_OVERNIGHT_V1/GENERATIONS/GEN_0033/serialize_nnue.log
600	2026-09-21T00:28:02.3994153000	/data/BASELINE_2026/NNUE_TUNING/C54_ITERATIVE_OVERNIGHT_V1/GENERATIONS/GEN_0033/serialize_pt.log
2738	2026-09-21T00:27:52.6133096000	/data/BASELINE_2026/NNUE_TUNING/C54_ITERATIVE_OVERNIGHT_V1/GENERATIONS/GEN_0033/train.log
9	2026-09-21T00:36:04.2156235000	/data/BASELINE_2026/NNUE_TUNING/C54_ITERATIVE_OVERNIGHT_V1/GENERATIONS/GEN_0034/DONE
214416	2026-09-21T00:36:03.0749581000	/data/BASELINE_2026/NNUE_TUNING/C54_ITERATIVE_OVERNIGHT_V1/GENERATIONS/GEN_0034/MATCH/games.pgn
18775	2026-09-21T00:36:03.0815053000	/data/BASELINE_2026/NNUE_TUNING/C54_ITERATIVE_OVERNIGHT_V1/GENERATIONS/GEN_0034/MATCH/match.txt
146664	2026-09-21T00:29:29.6645586000	/data/BASELINE_2026/NNUE_TUNING/C54_ITERATIVE_OVERNIGHT_V1/GENERATIONS/GEN_0034/MINING_POOL.tsv
565	2026-09-21T00:36:04.1997651000	/data/BASELINE_2026/NNUE_TUNING/C54_ITERATIVE_OVERNIGHT_V1/GENERATIONS/GEN_0034/RESULT.json
685584	2026-09-21T00:34:15.3750868000	/data/BASELINE_2026/NNUE_TUNING/C54_ITERATIVE_OVERNIGHT_V1/GENERATIONS/GEN_0034/TARGETED_TRAIN.binpack
4183149	2026-09-21T00:34:15.3080710000	/data/BASELINE_2026/NNUE_TUNING/C54_ITERATIVE_OVERNIGHT_V1/GENERATIONS/GEN_0034/TARGETED_TRAIN.tsv
1857951552	2026-09-21T00:34:29.1163810000	/data/BASELINE_2026/NNUE_TUNING/C54_ITERATIVE_OVERNIGHT_V1/GENERATIONS/GEN_0034/TRAIN_RUN/lightning_logs/version_0/checkpoints/last.ckpt
386	2026-09-21T00:34:30.4473557000	/data/BASELINE_2026/NNUE_TUNING/C54_ITERATIVE_OVERNIGHT_V1/GENERATIONS/GEN_0034/TRAIN_RUN/lightning_logs/version_0/events.out.tfevents.1789950858.74700ca2d2bd.158180.0
227	2026-09-21T00:34:30.4587316000	/data/BASELINE_2026/NNUE_TUNING/C54_ITERATIVE_OVERNIGHT_V1/GENERATIONS/GEN_0034/TRAIN_RUN/lightning_logs/version_0/metrics.csv
0	2026-09-21T00:34:30.4684651000	/data/BASELINE_2026/NNUE_TUNING/C54_ITERATIVE_OVERNIGHT_V1/GENERATIONS/GEN_0034/TRAIN_RUN/training_finished
526	2026-09-21T00:34:15.3832946000	/data/BASELINE_2026/NNUE_TUNING/C54_ITERATIVE_OVERNIGHT_V1/GENERATIONS/GEN_0034/binpack.log
98961930	2026-09-21T00:34:52.2370093000	/data/BASELINE_2026/NNUE_TUNING/C54_ITERATIVE_OVERNIGHT_V1/GENERATIONS/GEN_0034/challenger.nnue
371605482	2026-09-21T00:34:41.3355607000	/data/BASELINE_2026/NNUE_TUNING/C54_ITERATIVE_OVERNIGHT_V1/GENERATIONS/GEN_0034/challenger.pt
1601	2026-09-21T00:34:57.3293767000	/data/BASELINE_2026/NNUE_TUNING/C54_ITERATIVE_OVERNIGHT_V1/GENERATIONS/GEN_0034/fixed_dev.txt
443770	2026-09-21T00:34:15.1501304000	/data/BASELINE_2026/NNUE_TUNING/C54_ITERATIVE_OVERNIGHT_V1/GENERATIONS/GEN_0034/metrics.log
199964	2026-09-21T00:34:15.0258415000	/data/BASELINE_2026/NNUE_TUNING/C54_ITERATIVE_OVERNIGHT_V1/GENERATIONS/GEN_0034/mining.log
1740800	2026-09-21T00:34:15.1491270000	/data/BASELINE_2026/NNUE_TUNING/C54_ITERATIVE_OVERNIGHT_V1/GENERATIONS/GEN_0034/mining.sqlite
21164	2026-09-21T00:34:52.2727617000	/data/BASELINE_2026/NNUE_TUNING/C54_ITERATIVE_OVERNIGHT_V1/GENERATIONS/GEN_0034/serialize_nnue.log
600	2026-09-21T00:34:41.3669411000	/data/BASELINE_2026/NNUE_TUNING/C54_ITERATIVE_OVERNIGHT_V1/GENERATIONS/GEN_0034/serialize_pt.log
2738	2026-09-21T00:34:30.4607354000	/data/BASELINE_2026/NNUE_TUNING/C54_ITERATIVE_OVERNIGHT_V1/GENERATIONS/GEN_0034/train.log
9	2026-09-21T00:42:39.8183510000	/data/BASELINE_2026/NNUE_TUNING/C54_ITERATIVE_OVERNIGHT_V1/GENERATIONS/GEN_0035/DONE
204319	2026-09-21T00:42:38.7142267000	/data/BASELINE_2026/NNUE_TUNING/C54_ITERATIVE_OVERNIGHT_V1/GENERATIONS/GEN_0035/MATCH/games.pgn
18805	2026-09-21T00:42:38.7263659000	/data/BASELINE_2026/NNUE_TUNING/C54_ITERATIVE_OVERNIGHT_V1/GENERATIONS/GEN_0035/MATCH/match.txt
144902	2026-09-21T00:36:07.4135712000	/data/BASELINE_2026/NNUE_TUNING/C54_ITERATIVE_OVERNIGHT_V1/GENERATIONS/GEN_0035/MINING_POOL.tsv
566	2026-09-21T00:42:39.7987226000	/data/BASELINE_2026/NNUE_TUNING/C54_ITERATIVE_OVERNIGHT_V1/GENERATIONS/GEN_0035/RESULT.json
677016	2026-09-21T00:40:53.5601352000	/data/BASELINE_2026/NNUE_TUNING/C54_ITERATIVE_OVERNIGHT_V1/GENERATIONS/GEN_0035/TARGETED_TRAIN.binpack
4084808	2026-09-21T00:40:53.4977149000	/data/BASELINE_2026/NNUE_TUNING/C54_ITERATIVE_OVERNIGHT_V1/GENERATIONS/GEN_0035/TARGETED_TRAIN.tsv
1857951552	2026-09-21T00:41:06.2066429000	/data/BASELINE_2026/NNUE_TUNING/C54_ITERATIVE_OVERNIGHT_V1/GENERATIONS/GEN_0035/TRAIN_RUN/lightning_logs/version_0/checkpoints/last.ckpt
386	2026-09-21T00:41:07.5830175000	/data/BASELINE_2026/NNUE_TUNING/C54_ITERATIVE_OVERNIGHT_V1/GENERATIONS/GEN_0035/TRAIN_RUN/lightning_logs/version_0/events.out.tfevents.1789951257.74700ca2d2bd.161112.0
224	2026-09-21T00:41:07.5931260000	/data/BASELINE_2026/NNUE_TUNING/C54_ITERATIVE_OVERNIGHT_V1/GENERATIONS/GEN_0035/TRAIN_RUN/lightning_logs/version_0/metrics.csv
0	2026-09-21T00:41:07.6016879000	/data/BASELINE_2026/NNUE_TUNING/C54_ITERATIVE_OVERNIGHT_V1/GENERATIONS/GEN_0035/TRAIN_RUN/training_finished
526	2026-09-21T00:40:53.5601352000	/data/BASELINE_2026/NNUE_TUNING/C54_ITERATIVE_OVERNIGHT_V1/GENERATIONS/GEN_0035/binpack.log
98961927	2026-09-21T00:41:27.6202324000	/data/BASELINE_2026/NNUE_TUNING/C54_ITERATIVE_OVERNIGHT_V1/GENERATIONS/GEN_0035/challenger.nnue
371605482	2026-09-21T00:41:17.0480299000	/data/BASELINE_2026/NNUE_TUNING/C54_ITERATIVE_OVERNIGHT_V1/GENERATIONS/GEN_0035/challenger.pt
1601	2026-09-21T00:41:32.5696259000	/data/BASELINE_2026/NNUE_TUNING/C54_ITERATIVE_OVERNIGHT_V1/GENERATIONS/GEN_0035/fixed_dev.txt
443576	2026-09-21T00:40:53.3373138000	/data/BASELINE_2026/NNUE_TUNING/C54_ITERATIVE_OVERNIGHT_V1/GENERATIONS/GEN_0035/metrics.log
199985	2026-09-21T00:40:53.2306747000	/data/BASELINE_2026/NNUE_TUNING/C54_ITERATIVE_OVERNIGHT_V1/GENERATIONS/GEN_0035/mining.log
1740800	2026-09-21T00:40:53.3373138000	/data/BASELINE_2026/NNUE_TUNING/C54_ITERATIVE_OVERNIGHT_V1/GENERATIONS/GEN_0035/mining.sqlite
21164	2026-09-21T00:41:27.6567928000	/data/BASELINE_2026/NNUE_TUNING/C54_ITERATIVE_OVERNIGHT_V1/GENERATIONS/GEN_0035/serialize_nnue.log
600	2026-09-21T00:41:17.0660324000	/data/BASELINE_2026/NNUE_TUNING/C54_ITERATIVE_OVERNIGHT_V1/GENERATIONS/GEN_0035/serialize_pt.log
2738	2026-09-21T00:41:07.5931260000	/data/BASELINE_2026/NNUE_TUNING/C54_ITERATIVE_OVERNIGHT_V1/GENERATIONS/GEN_0035/train.log
9	2026-09-21T00:49:15.4523515000	/data/BASELINE_2026/NNUE_TUNING/C54_ITERATIVE_OVERNIGHT_V1/GENERATIONS/GEN_0036/DONE
205837	2026-09-21T00:49:14.2686975000	/data/BASELINE_2026/NNUE_TUNING/C54_ITERATIVE_OVERNIGHT_V1/GENERATIONS/GEN_0036/MATCH/games.pgn
18830	2026-09-21T00:49:14.2808127000	/data/BASELINE_2026/NNUE_TUNING/C54_ITERATIVE_OVERNIGHT_V1/GENERATIONS/GEN_0036/MATCH/match.txt
146616	2026-09-21T00:42:42.8994067000	/data/BASELINE_2026/NNUE_TUNING/C54_ITERATIVE_OVERNIGHT_V1/GENERATIONS/GEN_0036/MINING_POOL.tsv
566	2026-09-21T00:49:15.4461916000	/data/BASELINE_2026/NNUE_TUNING/C54_ITERATIVE_OVERNIGHT_V1/GENERATIONS/GEN_0036/RESULT.json
685720	2026-09-21T00:47:28.6249509000	/data/BASELINE_2026/NNUE_TUNING/C54_ITERATIVE_OVERNIGHT_V1/GENERATIONS/GEN_0036/TARGETED_TRAIN.binpack
4195156	2026-09-21T00:47:28.5580239000	/data/BASELINE_2026/NNUE_TUNING/C54_ITERATIVE_OVERNIGHT_V1/GENERATIONS/GEN_0036/TARGETED_TRAIN.tsv
1857951552	2026-09-21T00:47:41.8416323000	/data/BASELINE_2026/NNUE_TUNING/C54_ITERATIVE_OVERNIGHT_V1/GENERATIONS/GEN_0036/TRAIN_RUN/lightning_logs/version_0/checkpoints/last.ckpt
386	2026-09-21T00:47:43.1921259000	/data/BASELINE_2026/NNUE_TUNING/C54_ITERATIVE_OVERNIGHT_V1/GENERATIONS/GEN_0036/TRAIN_RUN/lightning_logs/version_0/events.out.tfevents.1789951652.74700ca2d2bd.164020.0
228	2026-09-21T00:47:43.2031546000	/data/BASELINE_2026/NNUE_TUNING/C54_ITERATIVE_OVERNIGHT_V1/GENERATIONS/GEN_0036/TRAIN_RUN/lightning_logs/version_0/metrics.csv
0	2026-09-21T00:47:43.2051637000	/data/BASELINE_2026/NNUE_TUNING/C54_ITERATIVE_OVERNIGHT_V1/GENERATIONS/GEN_0036/TRAIN_RUN/training_finished
526	2026-09-21T00:47:28.6373730000	/data/BASELINE_2026/NNUE_TUNING/C54_ITERATIVE_OVERNIGHT_V1/GENERATIONS/GEN_0036/binpack.log
98961933	2026-09-21T00:48:04.0441458000	/data/BASELINE_2026/NNUE_TUNING/C54_ITERATIVE_OVERNIGHT_V1/GENERATIONS/GEN_0036/challenger.nnue
371605482	2026-09-21T00:47:53.0307156000	/data/BASELINE_2026/NNUE_TUNING/C54_ITERATIVE_OVERNIGHT_V1/GENERATIONS/GEN_0036/challenger.pt
1601	2026-09-21T00:48:09.1953355000	/data/BASELINE_2026/NNUE_TUNING/C54_ITERATIVE_OVERNIGHT_V1/GENERATIONS/GEN_0036/fixed_dev.txt
444513	2026-09-21T00:47:28.3866019000	/data/BASELINE_2026/NNUE_TUNING/C54_ITERATIVE_OVERNIGHT_V1/GENERATIONS/GEN_0036/metrics.log
199833	2026-09-21T00:47:28.2583504000	/data/BASELINE_2026/NNUE_TUNING/C54_ITERATIVE_OVERNIGHT_V1/GENERATIONS/GEN_0036/mining.log
1757184	2026-09-21T00:47:28.3866019000	/data/BASELINE_2026/NNUE_TUNING/C54_ITERATIVE_OVERNIGHT_V1/GENERATIONS/GEN_0036/mining.sqlite
21164	2026-09-21T00:48:04.0842375000	/data/BASELINE_2026/NNUE_TUNING/C54_ITERATIVE_OVERNIGHT_V1/GENERATIONS/GEN_0036/serialize_nnue.log
600	2026-09-21T00:47:53.0626649000	/data/BASELINE_2026/NNUE_TUNING/C54_ITERATIVE_OVERNIGHT_V1/GENERATIONS/GEN_0036/serialize_pt.log
2738	2026-09-21T00:47:43.2046592000	/data/BASELINE_2026/NNUE_TUNING/C54_ITERATIVE_OVERNIGHT_V1/GENERATIONS/GEN_0036/train.log
9	2026-09-21T00:55:53.5246970000	/data/BASELINE_2026/NNUE_TUNING/C54_ITERATIVE_OVERNIGHT_V1/GENERATIONS/GEN_0037/DONE
211993	2026-09-21T00:55:52.3742365000	/data/BASELINE_2026/NNUE_TUNING/C54_ITERATIVE_OVERNIGHT_V1/GENERATIONS/GEN_0037/MATCH/games.pgn
18741	2026-09-21T00:55:52.3820354000	/data/BASELINE_2026/NNUE_TUNING/C54_ITERATIVE_OVERNIGHT_V1/GENERATIONS/GEN_0037/MATCH/match.txt
144999	2026-09-21T00:49:18.6475281000	/data/BASELINE_2026/NNUE_TUNING/C54_ITERATIVE_OVERNIGHT_V1/GENERATIONS/GEN_0037/MINING_POOL.tsv
568	2026-09-21T00:55:53.5117467000	/data/BASELINE_2026/NNUE_TUNING/C54_ITERATIVE_OVERNIGHT_V1/GENERATIONS/GEN_0037/RESULT.json
690616	2026-09-21T00:54:07.5551750000	/data/BASELINE_2026/NNUE_TUNING/C54_ITERATIVE_OVERNIGHT_V1/GENERATIONS/GEN_0037/TARGETED_TRAIN.binpack
4163478	2026-09-21T00:54:07.4912185000	/data/BASELINE_2026/NNUE_TUNING/C54_ITERATIVE_OVERNIGHT_V1/GENERATIONS/GEN_0037/TARGETED_TRAIN.tsv
1857951552	2026-09-21T00:54:20.8057339000	/data/BASELINE_2026/NNUE_TUNING/C54_ITERATIVE_OVERNIGHT_V1/GENERATIONS/GEN_0037/TRAIN_RUN/lightning_logs/version_0/checkpoints/last.ckpt
386	2026-09-21T00:54:22.1830649000	/data/BASELINE_2026/NNUE_TUNING/C54_ITERATIVE_OVERNIGHT_V1/GENERATIONS/GEN_0037/TRAIN_RUN/lightning_logs/version_0/events.out.tfevents.1789952051.74700ca2d2bd.166952.0
227	2026-09-21T00:54:22.1928483000	/data/BASELINE_2026/NNUE_TUNING/C54_ITERATIVE_OVERNIGHT_V1/GENERATIONS/GEN_0037/TRAIN_RUN/lightning_logs/version_0/metrics.csv
0	2026-09-21T00:54:22.2018890000	/data/BASELINE_2026/NNUE_TUNING/C54_ITERATIVE_OVERNIGHT_V1/GENERATIONS/GEN_0037/TRAIN_RUN/training_finished
526	2026-09-21T00:54:07.5691616000	/data/BASELINE_2026/NNUE_TUNING/C54_ITERATIVE_OVERNIGHT_V1/GENERATIONS/GEN_0037/binpack.log
98961925	2026-09-21T00:54:43.0935302000	/data/BASELINE_2026/NNUE_TUNING/C54_ITERATIVE_OVERNIGHT_V1/GENERATIONS/GEN_0037/challenger.nnue
371605482	2026-09-21T00:54:32.0054025000	/data/BASELINE_2026/NNUE_TUNING/C54_ITERATIVE_OVERNIGHT_V1/GENERATIONS/GEN_0037/challenger.pt
1601	2026-09-21T00:54:48.1359442000	/data/BASELINE_2026/NNUE_TUNING/C54_ITERATIVE_OVERNIGHT_V1/GENERATIONS/GEN_0037/fixed_dev.txt
444092	2026-09-21T00:54:07.3338592000	/data/BASELINE_2026/NNUE_TUNING/C54_ITERATIVE_OVERNIGHT_V1/GENERATIONS/GEN_0037/metrics.log
200066	2026-09-21T00:54:07.1967404000	/data/BASELINE_2026/NNUE_TUNING/C54_ITERATIVE_OVERNIGHT_V1/GENERATIONS/GEN_0037/mining.log
1740800	2026-09-21T00:54:07.3338592000	/data/BASELINE_2026/NNUE_TUNING/C54_ITERATIVE_OVERNIGHT_V1/GENERATIONS/GEN_0037/mining.sqlite
21164	2026-09-21T00:54:43.1379075000	/data/BASELINE_2026/NNUE_TUNING/C54_ITERATIVE_OVERNIGHT_V1/GENERATIONS/GEN_0037/serialize_nnue.log
600	2026-09-21T00:54:32.0402938000	/data/BASELINE_2026/NNUE_TUNING/C54_ITERATIVE_OVERNIGHT_V1/GENERATIONS/GEN_0037/serialize_pt.log
2738	2026-09-21T00:54:22.1943574000	/data/BASELINE_2026/NNUE_TUNING/C54_ITERATIVE_OVERNIGHT_V1/GENERATIONS/GEN_0037/train.log
9	2026-09-21T01:02:30.2064320000	/data/BASELINE_2026/NNUE_TUNING/C54_ITERATIVE_OVERNIGHT_V1/GENERATIONS/GEN_0038/DONE
213003	2026-09-21T01:02:29.0483277000	/data/BASELINE_2026/NNUE_TUNING/C54_ITERATIVE_OVERNIGHT_V1/GENERATIONS/GEN_0038/MATCH/games.pgn
18746	2026-09-21T01:02:29.0600092000	/data/BASELINE_2026/NNUE_TUNING/C54_ITERATIVE_OVERNIGHT_V1/GENERATIONS/GEN_0038/MATCH/match.txt
145949	2026-09-21T00:55:56.8019274000	/data/BASELINE_2026/NNUE_TUNING/C54_ITERATIVE_OVERNIGHT_V1/GENERATIONS/GEN_0038/MINING_POOL.tsv
565	2026-09-21T01:02:30.1903554000	/data/BASELINE_2026/NNUE_TUNING/C54_ITERATIVE_OVERNIGHT_V1/GENERATIONS/GEN_0038/RESULT.json
695784	2026-09-21T01:00:44.9700381000	/data/BASELINE_2026/NNUE_TUNING/C54_ITERATIVE_OVERNIGHT_V1/GENERATIONS/GEN_0038/TARGETED_TRAIN.binpack
4224941	2026-09-21T01:00:44.9038496000	/data/BASELINE_2026/NNUE_TUNING/C54_ITERATIVE_OVERNIGHT_V1/GENERATIONS/GEN_0038/TARGETED_TRAIN.tsv
1857951552	2026-09-21T01:00:58.2037154000	/data/BASELINE_2026/NNUE_TUNING/C54_ITERATIVE_OVERNIGHT_V1/GENERATIONS/GEN_0038/TRAIN_RUN/lightning_logs/version_0/checkpoints/last.ckpt
386	2026-09-21T01:00:59.5656313000	/data/BASELINE_2026/NNUE_TUNING/C54_ITERATIVE_OVERNIGHT_V1/GENERATIONS/GEN_0038/TRAIN_RUN/lightning_logs/version_0/events.out.tfevents.1789952448.74700ca2d2bd.169882.0
227	2026-09-21T01:00:59.5747344000	/data/BASELINE_2026/NNUE_TUNING/C54_ITERATIVE_OVERNIGHT_V1/GENERATIONS/GEN_0038/TRAIN_RUN/lightning_logs/version_0/metrics.csv
0	2026-09-21T01:00:59.5857965000	/data/BASELINE_2026/NNUE_TUNING/C54_ITERATIVE_OVERNIGHT_V1/GENERATIONS/GEN_0038/TRAIN_RUN/training_finished
526	2026-09-21T01:00:44.9791770000	/data/BASELINE_2026/NNUE_TUNING/C54_ITERATIVE_OVERNIGHT_V1/GENERATIONS/GEN_0038/binpack.log
98961929	2026-09-21T01:01:20.3227575000	/data/BASELINE_2026/NNUE_TUNING/C54_ITERATIVE_OVERNIGHT_V1/GENERATIONS/GEN_0038/challenger.nnue
371605482	2026-09-21T01:01:09.3978937000	/data/BASELINE_2026/NNUE_TUNING/C54_ITERATIVE_OVERNIGHT_V1/GENERATIONS/GEN_0038/challenger.pt
1601	2026-09-21T01:01:25.3999098000	/data/BASELINE_2026/NNUE_TUNING/C54_ITERATIVE_OVERNIGHT_V1/GENERATIONS/GEN_0038/fixed_dev.txt
445655	2026-09-21T01:00:44.7355725000	/data/BASELINE_2026/NNUE_TUNING/C54_ITERATIVE_OVERNIGHT_V1/GENERATIONS/GEN_0038/metrics.log
200186	2026-09-21T01:00:44.6176231000	/data/BASELINE_2026/NNUE_TUNING/C54_ITERATIVE_OVERNIGHT_V1/GENERATIONS/GEN_0038/mining.log
1765376	2026-09-21T01:00:44.7355725000	/data/BASELINE_2026/NNUE_TUNING/C54_ITERATIVE_OVERNIGHT_V1/GENERATIONS/GEN_0038/mining.sqlite
21164	2026-09-21T01:01:20.3621901000	/data/BASELINE_2026/NNUE_TUNING/C54_ITERATIVE_OVERNIGHT_V1/GENERATIONS/GEN_0038/serialize_nnue.log
600	2026-09-21T01:01:09.4275701000	/data/BASELINE_2026/NNUE_TUNING/C54_ITERATIVE_OVERNIGHT_V1/GENERATIONS/GEN_0038/serialize_pt.log
2738	2026-09-21T01:00:59.5772445000	/data/BASELINE_2026/NNUE_TUNING/C54_ITERATIVE_OVERNIGHT_V1/GENERATIONS/GEN_0038/train.log
9	2026-09-21T01:09:05.3258566000	/data/BASELINE_2026/NNUE_TUNING/C54_ITERATIVE_OVERNIGHT_V1/GENERATIONS/GEN_0039/DONE
201364	2026-09-21T01:09:04.1734998000	/data/BASELINE_2026/NNUE_TUNING/C54_ITERATIVE_OVERNIGHT_V1/GENERATIONS/GEN_0039/MATCH/games.pgn
18744	2026-09-21T01:09:04.1797202000	/data/BASELINE_2026/NNUE_TUNING/C54_ITERATIVE_OVERNIGHT_V1/GENERATIONS/GEN_0039/MATCH/match.txt
145798	2026-09-21T01:02:33.3505185000	/data/BASELINE_2026/NNUE_TUNING/C54_ITERATIVE_OVERNIGHT_V1/GENERATIONS/GEN_0039/MINING_POOL.tsv
566	2026-09-21T01:09:05.3196382000	/data/BASELINE_2026/NNUE_TUNING/C54_ITERATIVE_OVERNIGHT_V1/GENERATIONS/GEN_0039/RESULT.json
680280	2026-09-21T01:07:21.3031958000	/data/BASELINE_2026/NNUE_TUNING/C54_ITERATIVE_OVERNIGHT_V1/GENERATIONS/GEN_0039/TARGETED_TRAIN.binpack
4115676	2026-09-21T01:07:21.2412515000	/data/BASELINE_2026/NNUE_TUNING/C54_ITERATIVE_OVERNIGHT_V1/GENERATIONS/GEN_0039/TARGETED_TRAIN.tsv
1857951552	2026-09-21T01:07:34.9765946000	/data/BASELINE_2026/NNUE_TUNING/C54_ITERATIVE_OVERNIGHT_V1/GENERATIONS/GEN_0039/TRAIN_RUN/lightning_logs/version_0/checkpoints/last.ckpt
386	2026-09-21T01:07:36.3628418000	/data/BASELINE_2026/NNUE_TUNING/C54_ITERATIVE_OVERNIGHT_V1/GENERATIONS/GEN_0039/TRAIN_RUN/lightning_logs/version_0/events.out.tfevents.1789952844.74700ca2d2bd.172810.0
224	2026-09-21T01:07:36.3754361000	/data/BASELINE_2026/NNUE_TUNING/C54_ITERATIVE_OVERNIGHT_V1/GENERATIONS/GEN_0039/TRAIN_RUN/lightning_logs/version_0/metrics.csv
0	2026-09-21T01:07:36.3839072000	/data/BASELINE_2026/NNUE_TUNING/C54_ITERATIVE_OVERNIGHT_V1/GENERATIONS/GEN_0039/TRAIN_RUN/training_finished
526	2026-09-21T01:07:21.3031958000	/data/BASELINE_2026/NNUE_TUNING/C54_ITERATIVE_OVERNIGHT_V1/GENERATIONS/GEN_0039/binpack.log
98961932	2026-09-21T01:07:56.8858742000	/data/BASELINE_2026/NNUE_TUNING/C54_ITERATIVE_OVERNIGHT_V1/GENERATIONS/GEN_0039/challenger.nnue
371605482	2026-09-21T01:07:46.1671857000	/data/BASELINE_2026/NNUE_TUNING/C54_ITERATIVE_OVERNIGHT_V1/GENERATIONS/GEN_0039/challenger.pt
1601	2026-09-21T01:08:02.0303259000	/data/BASELINE_2026/NNUE_TUNING/C54_ITERATIVE_OVERNIGHT_V1/GENERATIONS/GEN_0039/fixed_dev.txt
444271	2026-09-21T01:07:21.0828205000	/data/BASELINE_2026/NNUE_TUNING/C54_ITERATIVE_OVERNIGHT_V1/GENERATIONS/GEN_0039/metrics.log
200113	2026-09-21T01:07:20.9549924000	/data/BASELINE_2026/NNUE_TUNING/C54_ITERATIVE_OVERNIGHT_V1/GENERATIONS/GEN_0039/mining.log
1744896	2026-09-21T01:07:21.0721130000	/data/BASELINE_2026/NNUE_TUNING/C54_ITERATIVE_OVERNIGHT_V1/GENERATIONS/GEN_0039/mining.sqlite
21164	2026-09-21T01:07:56.9349339000	/data/BASELINE_2026/NNUE_TUNING/C54_ITERATIVE_OVERNIGHT_V1/GENERATIONS/GEN_0039/serialize_nnue.log
600	2026-09-21T01:07:46.2037681000	/data/BASELINE_2026/NNUE_TUNING/C54_ITERATIVE_OVERNIGHT_V1/GENERATIONS/GEN_0039/serialize_pt.log
2738	2026-09-21T01:07:36.3759395000	/data/BASELINE_2026/NNUE_TUNING/C54_ITERATIVE_OVERNIGHT_V1/GENERATIONS/GEN_0039/train.log
9	2026-09-21T01:15:39.4886557000	/data/BASELINE_2026/NNUE_TUNING/C54_ITERATIVE_OVERNIGHT_V1/GENERATIONS/GEN_0040/DONE
217697	2026-09-21T01:15:38.3274226000	/data/BASELINE_2026/NNUE_TUNING/C54_ITERATIVE_OVERNIGHT_V1/GENERATIONS/GEN_0040/MATCH/games.pgn
18798	2026-09-21T01:15:38.3390252000	/data/BASELINE_2026/NNUE_TUNING/C54_ITERATIVE_OVERNIGHT_V1/GENERATIONS/GEN_0040/MATCH/match.txt
145687	2026-09-21T01:09:08.5876086000	/data/BASELINE_2026/NNUE_TUNING/C54_ITERATIVE_OVERNIGHT_V1/GENERATIONS/GEN_0040/MINING_POOL.tsv
568	2026-09-21T01:15:39.4683958000	/data/BASELINE_2026/NNUE_TUNING/C54_ITERATIVE_OVERNIGHT_V1/GENERATIONS/GEN_0040/RESULT.json
697144	2026-09-21T01:13:50.9246191000	/data/BASELINE_2026/NNUE_TUNING/C54_ITERATIVE_OVERNIGHT_V1/GENERATIONS/GEN_0040/TARGETED_TRAIN.binpack
4239091	2026-09-21T01:13:50.8588105000	/data/BASELINE_2026/NNUE_TUNING/C54_ITERATIVE_OVERNIGHT_V1/GENERATIONS/GEN_0040/TARGETED_TRAIN.tsv
1857951552	2026-09-21T01:14:03.9583713000	/data/BASELINE_2026/NNUE_TUNING/C54_ITERATIVE_OVERNIGHT_V1/GENERATIONS/GEN_0040/TRAIN_RUN/lightning_logs/version_0/checkpoints/last.ckpt
386	2026-09-21T01:14:05.3310369000	/data/BASELINE_2026/NNUE_TUNING/C54_ITERATIVE_OVERNIGHT_V1/GENERATIONS/GEN_0040/TRAIN_RUN/lightning_logs/version_0/events.out.tfevents.1789953234.74700ca2d2bd.175686.0
226	2026-09-21T01:14:05.3421123000	/data/BASELINE_2026/NNUE_TUNING/C54_ITERATIVE_OVERNIGHT_V1/GENERATIONS/GEN_0040/TRAIN_RUN/lightning_logs/version_0/metrics.csv
0	2026-09-21T01:14:05.3502417000	/data/BASELINE_2026/NNUE_TUNING/C54_ITERATIVE_OVERNIGHT_V1/GENERATIONS/GEN_0040/TRAIN_RUN/training_finished
526	2026-09-21T01:13:50.9246191000	/data/BASELINE_2026/NNUE_TUNING/C54_ITERATIVE_OVERNIGHT_V1/GENERATIONS/GEN_0040/binpack.log
98961933	2026-09-21T01:14:25.9945822000	/data/BASELINE_2026/NNUE_TUNING/C54_ITERATIVE_OVERNIGHT_V1/GENERATIONS/GEN_0040/challenger.nnue
371605482	2026-09-21T01:14:15.1584219000	/data/BASELINE_2026/NNUE_TUNING/C54_ITERATIVE_OVERNIGHT_V1/GENERATIONS/GEN_0040/challenger.pt
1601	2026-09-21T01:14:31.1210363000	/data/BASELINE_2026/NNUE_TUNING/C54_ITERATIVE_OVERNIGHT_V1/GENERATIONS/GEN_0040/fixed_dev.txt
444937	2026-09-21T01:13:50.7020456000	/data/BASELINE_2026/NNUE_TUNING/C54_ITERATIVE_OVERNIGHT_V1/GENERATIONS/GEN_0040/metrics.log
199437	2026-09-21T01:13:50.5810495000	/data/BASELINE_2026/NNUE_TUNING/C54_ITERATIVE_OVERNIGHT_V1/GENERATIONS/GEN_0040/mining.log
1732608	2026-09-21T01:13:50.6931701000	/data/BASELINE_2026/NNUE_TUNING/C54_ITERATIVE_OVERNIGHT_V1/GENERATIONS/GEN_0040/mining.sqlite
21164	2026-09-21T01:14:26.0324447000	/data/BASELINE_2026/NNUE_TUNING/C54_ITERATIVE_OVERNIGHT_V1/GENERATIONS/GEN_0040/serialize_nnue.log
600	2026-09-21T01:14:15.1917565000	/data/BASELINE_2026/NNUE_TUNING/C54_ITERATIVE_OVERNIGHT_V1/GENERATIONS/GEN_0040/serialize_pt.log
2738	2026-09-21T01:14:05.3436183000	/data/BASELINE_2026/NNUE_TUNING/C54_ITERATIVE_OVERNIGHT_V1/GENERATIONS/GEN_0040/train.log
9	2026-09-21T01:22:23.6201219000	/data/BASELINE_2026/NNUE_TUNING/C54_ITERATIVE_OVERNIGHT_V1/GENERATIONS/GEN_0041/DONE
210608	2026-09-21T01:22:22.4302488000	/data/BASELINE_2026/NNUE_TUNING/C54_ITERATIVE_OVERNIGHT_V1/GENERATIONS/GEN_0041/MATCH/games.pgn
18740	2026-09-21T01:22:22.4390136000	/data/BASELINE_2026/NNUE_TUNING/C54_ITERATIVE_OVERNIGHT_V1/GENERATIONS/GEN_0041/MATCH/match.txt
145005	2026-09-21T01:15:42.7230431000	/data/BASELINE_2026/NNUE_TUNING/C54_ITERATIVE_OVERNIGHT_V1/GENERATIONS/GEN_0041/MINING_POOL.tsv
568	2026-09-21T01:22:23.6064311000	/data/BASELINE_2026/NNUE_TUNING/C54_ITERATIVE_OVERNIGHT_V1/GENERATIONS/GEN_0041/RESULT.json
695648	2026-09-21T01:20:32.6322916000	/data/BASELINE_2026/NNUE_TUNING/C54_ITERATIVE_OVERNIGHT_V1/GENERATIONS/GEN_0041/TARGETED_TRAIN.binpack
4163983	2026-09-21T01:20:32.5702552000	/data/BASELINE_2026/NNUE_TUNING/C54_ITERATIVE_OVERNIGHT_V1/GENERATIONS/GEN_0041/TARGETED_TRAIN.tsv
1857951552	2026-09-21T01:20:46.1049358000	/data/BASELINE_2026/NNUE_TUNING/C54_ITERATIVE_OVERNIGHT_V1/GENERATIONS/GEN_0041/TRAIN_RUN/lightning_logs/version_0/checkpoints/last.ckpt
386	2026-09-21T01:20:47.5203236000	/data/BASELINE_2026/NNUE_TUNING/C54_ITERATIVE_OVERNIGHT_V1/GENERATIONS/GEN_0041/TRAIN_RUN/lightning_logs/version_0/events.out.tfevents.1789953636.74700ca2d2bd.178644.0
228	2026-09-21T01:20:47.5324448000	/data/BASELINE_2026/NNUE_TUNING/C54_ITERATIVE_OVERNIGHT_V1/GENERATIONS/GEN_0041/TRAIN_RUN/lightning_logs/version_0/metrics.csv
0	2026-09-21T01:20:47.5410860000	/data/BASELINE_2026/NNUE_TUNING/C54_ITERATIVE_OVERNIGHT_V1/GENERATIONS/GEN_0041/TRAIN_RUN/training_finished
526	2026-09-21T01:20:32.6437873000	/data/BASELINE_2026/NNUE_TUNING/C54_ITERATIVE_OVERNIGHT_V1/GENERATIONS/GEN_0041/binpack.log
98961932	2026-09-21T01:21:08.1803827000	/data/BASELINE_2026/NNUE_TUNING/C54_ITERATIVE_OVERNIGHT_V1/GENERATIONS/GEN_0041/challenger.nnue
371605482	2026-09-21T01:20:57.3395284000	/data/BASELINE_2026/NNUE_TUNING/C54_ITERATIVE_OVERNIGHT_V1/GENERATIONS/GEN_0041/challenger.pt
1601	2026-09-21T01:21:13.2662503000	/data/BASELINE_2026/NNUE_TUNING/C54_ITERATIVE_OVERNIGHT_V1/GENERATIONS/GEN_0041/fixed_dev.txt
444544	2026-09-21T01:20:32.4029302000	/data/BASELINE_2026/NNUE_TUNING/C54_ITERATIVE_OVERNIGHT_V1/GENERATIONS/GEN_0041/metrics.log
200162	2026-09-21T01:20:32.2748164000	/data/BASELINE_2026/NNUE_TUNING/C54_ITERATIVE_OVERNIGHT_V1/GENERATIONS/GEN_0041/mining.log
1765376	2026-09-21T01:20:32.4029302000	/data/BASELINE_2026/NNUE_TUNING/C54_ITERATIVE_OVERNIGHT_V1/GENERATIONS/GEN_0041/mining.sqlite
21164	2026-09-21T01:21:08.2282819000	/data/BASELINE_2026/NNUE_TUNING/C54_ITERATIVE_OVERNIGHT_V1/GENERATIONS/GEN_0041/serialize_nnue.log
600	2026-09-21T01:20:57.3750232000	/data/BASELINE_2026/NNUE_TUNING/C54_ITERATIVE_OVERNIGHT_V1/GENERATIONS/GEN_0041/serialize_pt.log
2738	2026-09-21T01:20:47.5324448000	/data/BASELINE_2026/NNUE_TUNING/C54_ITERATIVE_OVERNIGHT_V1/GENERATIONS/GEN_0041/train.log
9	2026-09-21T01:28:54.3564942000	/data/BASELINE_2026/NNUE_TUNING/C54_ITERATIVE_OVERNIGHT_V1/GENERATIONS/GEN_0042/DONE
204049	2026-09-21T01:28:53.1983852000	/data/BASELINE_2026/NNUE_TUNING/C54_ITERATIVE_OVERNIGHT_V1/GENERATIONS/GEN_0042/MATCH/games.pgn
18776	2026-09-21T01:28:53.2070661000	/data/BASELINE_2026/NNUE_TUNING/C54_ITERATIVE_OVERNIGHT_V1/GENERATIONS/GEN_0042/MATCH/match.txt
146746	2026-09-21T01:22:26.8536781000	/data/BASELINE_2026/NNUE_TUNING/C54_ITERATIVE_OVERNIGHT_V1/GENERATIONS/GEN_0042/MINING_POOL.tsv
565	2026-09-21T01:28:54.3458267000	/data/BASELINE_2026/NNUE_TUNING/C54_ITERATIVE_OVERNIGHT_V1/GENERATIONS/GEN_0042/RESULT.json
665728	2026-09-21T01:27:09.1951953000	/data/BASELINE_2026/NNUE_TUNING/C54_ITERATIVE_OVERNIGHT_V1/GENERATIONS/GEN_0042/TARGETED_TRAIN.binpack
4052813	2026-09-21T01:27:09.0686034000	/data/BASELINE_2026/NNUE_TUNING/C54_ITERATIVE_OVERNIGHT_V1/GENERATIONS/GEN_0042/TARGETED_TRAIN.tsv
1857951552	2026-09-21T01:27:22.8502322000	/data/BASELINE_2026/NNUE_TUNING/C54_ITERATIVE_OVERNIGHT_V1/GENERATIONS/GEN_0042/TRAIN_RUN/lightning_logs/version_0/checkpoints/last.ckpt
386	2026-09-21T01:27:24.2250941000	/data/BASELINE_2026/NNUE_TUNING/C54_ITERATIVE_OVERNIGHT_V1/GENERATIONS/GEN_0042/TRAIN_RUN/lightning_logs/version_0/events.out.tfevents.1789954032.74700ca2d2bd.181574.0
226	2026-09-21T01:27:24.2356606000	/data/BASELINE_2026/NNUE_TUNING/C54_ITERATIVE_OVERNIGHT_V1/GENERATIONS/GEN_0042/TRAIN_RUN/lightning_logs/version_0/metrics.csv
0	2026-09-21T01:27:24.2446958000	/data/BASELINE_2026/NNUE_TUNING/C54_ITERATIVE_OVERNIGHT_V1/GENERATIONS/GEN_0042/TRAIN_RUN/training_finished
526	2026-09-21T01:27:09.2045965000	/data/BASELINE_2026/NNUE_TUNING/C54_ITERATIVE_OVERNIGHT_V1/GENERATIONS/GEN_0042/binpack.log
98961925	2026-09-21T01:27:44.9471994000	/data/BASELINE_2026/NNUE_TUNING/C54_ITERATIVE_OVERNIGHT_V1/GENERATIONS/GEN_0042/challenger.nnue
371605482	2026-09-21T01:27:34.0678755000	/data/BASELINE_2026/NNUE_TUNING/C54_ITERATIVE_OVERNIGHT_V1/GENERATIONS/GEN_0042/challenger.pt
1601	2026-09-21T01:27:50.0080698000	/data/BASELINE_2026/NNUE_TUNING/C54_ITERATIVE_OVERNIGHT_V1/GENERATIONS/GEN_0042/fixed_dev.txt
444204	2026-09-21T01:27:08.8570094000	/data/BASELINE_2026/NNUE_TUNING/C54_ITERATIVE_OVERNIGHT_V1/GENERATIONS/GEN_0042/metrics.log
199682	2026-09-21T01:27:08.7343986000	/data/BASELINE_2026/NNUE_TUNING/C54_ITERATIVE_OVERNIGHT_V1/GENERATIONS/GEN_0042/mining.log
1732608	2026-09-21T01:27:08.8570094000	/data/BASELINE_2026/NNUE_TUNING/C54_ITERATIVE_OVERNIGHT_V1/GENERATIONS/GEN_0042/mining.sqlite
21164	2026-09-21T01:27:44.9886761000	/data/BASELINE_2026/NNUE_TUNING/C54_ITERATIVE_OVERNIGHT_V1/GENERATIONS/GEN_0042/serialize_nnue.log
600	2026-09-21T01:27:34.0993992000	/data/BASELINE_2026/NNUE_TUNING/C54_ITERATIVE_OVERNIGHT_V1/GENERATIONS/GEN_0042/serialize_pt.log
2738	2026-09-21T01:27:24.2376700000	/data/BASELINE_2026/NNUE_TUNING/C54_ITERATIVE_OVERNIGHT_V1/GENERATIONS/GEN_0042/train.log
9	2026-09-21T01:35:32.8064867000	/data/BASELINE_2026/NNUE_TUNING/C54_ITERATIVE_OVERNIGHT_V1/GENERATIONS/GEN_0043/DONE
216407	2026-09-21T01:35:31.6446813000	/data/BASELINE_2026/NNUE_TUNING/C54_ITERATIVE_OVERNIGHT_V1/GENERATIONS/GEN_0043/MATCH/games.pgn
18826	2026-09-21T01:35:31.6525640000	/data/BASELINE_2026/NNUE_TUNING/C54_ITERATIVE_OVERNIGHT_V1/GENERATIONS/GEN_0043/MATCH/match.txt
146501	2026-09-21T01:28:57.6669294000	/data/BASELINE_2026/NNUE_TUNING/C54_ITERATIVE_OVERNIGHT_V1/GENERATIONS/GEN_0043/MINING_POOL.tsv
565	2026-09-21T01:35:32.7911697000	/data/BASELINE_2026/NNUE_TUNING/C54_ITERATIVE_OVERNIGHT_V1/GENERATIONS/GEN_0043/RESULT.json
690208	2026-09-21T01:33:44.4965147000	/data/BASELINE_2026/NNUE_TUNING/C54_ITERATIVE_OVERNIGHT_V1/GENERATIONS/GEN_0043/TARGETED_TRAIN.binpack
4217033	2026-09-21T01:33:44.4335853000	/data/BASELINE_2026/NNUE_TUNING/C54_ITERATIVE_OVERNIGHT_V1/GENERATIONS/GEN_0043/TARGETED_TRAIN.tsv
1857951552	2026-09-21T01:33:57.8369125000	/data/BASELINE_2026/NNUE_TUNING/C54_ITERATIVE_OVERNIGHT_V1/GENERATIONS/GEN_0043/TRAIN_RUN/lightning_logs/version_0/checkpoints/last.ckpt
386	2026-09-21T01:33:59.2070701000	/data/BASELINE_2026/NNUE_TUNING/C54_ITERATIVE_OVERNIGHT_V1/GENERATIONS/GEN_0043/TRAIN_RUN/lightning_logs/version_0/events.out.tfevents.1789954428.74700ca2d2bd.184480.0
226	2026-09-21T01:33:59.2176972000	/data/BASELINE_2026/NNUE_TUNING/C54_ITERATIVE_OVERNIGHT_V1/GENERATIONS/GEN_0043/TRAIN_RUN/lightning_logs/version_0/metrics.csv
0	2026-09-21T01:33:59.2282796000	/data/BASELINE_2026/NNUE_TUNING/C54_ITERATIVE_OVERNIGHT_V1/GENERATIONS/GEN_0043/TRAIN_RUN/training_finished
526	2026-09-21T01:33:44.5083866000	/data/BASELINE_2026/NNUE_TUNING/C54_ITERATIVE_OVERNIGHT_V1/GENERATIONS/GEN_0043/binpack.log
98961923	2026-09-21T01:34:19.8242875000	/data/BASELINE_2026/NNUE_TUNING/C54_ITERATIVE_OVERNIGHT_V1/GENERATIONS/GEN_0043/challenger.nnue
371605482	2026-09-21T01:34:09.0461149000	/data/BASELINE_2026/NNUE_TUNING/C54_ITERATIVE_OVERNIGHT_V1/GENERATIONS/GEN_0043/challenger.pt
1601	2026-09-21T01:34:24.8884132000	/data/BASELINE_2026/NNUE_TUNING/C54_ITERATIVE_OVERNIGHT_V1/GENERATIONS/GEN_0043/fixed_dev.txt
444922	2026-09-21T01:33:44.2481321000	/data/BASELINE_2026/NNUE_TUNING/C54_ITERATIVE_OVERNIGHT_V1/GENERATIONS/GEN_0043/metrics.log
200072	2026-09-21T01:33:44.1305437000	/data/BASELINE_2026/NNUE_TUNING/C54_ITERATIVE_OVERNIGHT_V1/GENERATIONS/GEN_0043/mining.log
1757184	2026-09-21T01:33:44.2481321000	/data/BASELINE_2026/NNUE_TUNING/C54_ITERATIVE_OVERNIGHT_V1/GENERATIONS/GEN_0043/mining.sqlite
21164	2026-09-21T01:34:19.8621366000	/data/BASELINE_2026/NNUE_TUNING/C54_ITERATIVE_OVERNIGHT_V1/GENERATIONS/GEN_0043/serialize_nnue.log
600	2026-09-21T01:34:09.0777272000	/data/BASELINE_2026/NNUE_TUNING/C54_ITERATIVE_OVERNIGHT_V1/GENERATIONS/GEN_0043/serialize_pt.log
2738	2026-09-21T01:33:59.2192131000	/data/BASELINE_2026/NNUE_TUNING/C54_ITERATIVE_OVERNIGHT_V1/GENERATIONS/GEN_0043/train.log
145257	2026-09-21T01:35:36.0136360000	/data/BASELINE_2026/NNUE_TUNING/C54_ITERATIVE_OVERNIGHT_V1/GENERATIONS/GEN_0044/MINING_POOL.tsv
684224	2026-09-21T01:40:21.5154680000	/data/BASELINE_2026/NNUE_TUNING/C54_ITERATIVE_OVERNIGHT_V1/GENERATIONS/GEN_0044/TARGETED_TRAIN.binpack
4132951	2026-09-21T01:40:21.4467470000	/data/BASELINE_2026/NNUE_TUNING/C54_ITERATIVE_OVERNIGHT_V1/GENERATIONS/GEN_0044/TARGETED_TRAIN.tsv
1857951552	2026-09-21T01:40:34.8470127000	/data/BASELINE_2026/NNUE_TUNING/C54_ITERATIVE_OVERNIGHT_V1/GENERATIONS/GEN_0044/TRAIN_RUN/lightning_logs/version_0/checkpoints/last.ckpt
386	2026-09-21T01:40:36.2134563000	/data/BASELINE_2026/NNUE_TUNING/C54_ITERATIVE_OVERNIGHT_V1/GENERATIONS/GEN_0044/TRAIN_RUN/lightning_logs/version_0/events.out.tfevents.1789954825.74700ca2d2bd.187408.0
226	2026-09-21T01:40:36.2235411000	/data/BASELINE_2026/NNUE_TUNING/C54_ITERATIVE_OVERNIGHT_V1/GENERATIONS/GEN_0044/TRAIN_RUN/lightning_logs/version_0/metrics.csv
0	2026-09-21T01:40:36.2338537000	/data/BASELINE_2026/NNUE_TUNING/C54_ITERATIVE_OVERNIGHT_V1/GENERATIONS/GEN_0044/TRAIN_RUN/training_finished
526	2026-09-21T01:40:21.5199713000	/data/BASELINE_2026/NNUE_TUNING/C54_ITERATIVE_OVERNIGHT_V1/GENERATIONS/GEN_0044/binpack.log
98961921	2026-09-21T01:40:57.2738590000	/data/BASELINE_2026/NNUE_TUNING/C54_ITERATIVE_OVERNIGHT_V1/GENERATIONS/GEN_0044/challenger.nnue
371605482	2026-09-21T01:40:46.0119050000	/data/BASELINE_2026/NNUE_TUNING/C54_ITERATIVE_OVERNIGHT_V1/GENERATIONS/GEN_0044/challenger.pt
0	2026-09-21T06:11:47.9131199000	/data/BASELINE_2026/NNUE_TUNING/C54_ITERATIVE_OVERNIGHT_V1/GENERATIONS/GEN_0044/fixed_dev.txt
444934	2026-09-21T01:40:21.2751266000	/data/BASELINE_2026/NNUE_TUNING/C54_ITERATIVE_OVERNIGHT_V1/GENERATIONS/GEN_0044/metrics.log
199913	2026-09-21T01:40:21.1461457000	/data/BASELINE_2026/NNUE_TUNING/C54_ITERATIVE_OVERNIGHT_V1/GENERATIONS/GEN_0044/mining.log
1748992	2026-09-21T01:40:21.2736179000	/data/BASELINE_2026/NNUE_TUNING/C54_ITERATIVE_OVERNIGHT_V1/GENERATIONS/GEN_0044/mining.sqlite
21164	2026-09-21T01:40:57.3136052000	/data/BASELINE_2026/NNUE_TUNING/C54_ITERATIVE_OVERNIGHT_V1/GENERATIONS/GEN_0044/serialize_nnue.log
600	2026-09-21T01:40:46.0443856000	/data/BASELINE_2026/NNUE_TUNING/C54_ITERATIVE_OVERNIGHT_V1/GENERATIONS/GEN_0044/serialize_pt.log
2738	2026-09-21T01:40:36.2250482000	/data/BASELINE_2026/NNUE_TUNING/C54_ITERATIVE_OVERNIGHT_V1/GENERATIONS/GEN_0044/train.log
9	2026-09-21T07:08:15.1568066000	/data/BASELINE_2026/NNUE_TUNING/C54_ITERATIVE_OVERNIGHT_V1/GENERATIONS/GEN_0044_RETRY_20260921_070133/DONE
210954	2026-09-21T07:08:14.0047306000	/data/BASELINE_2026/NNUE_TUNING/C54_ITERATIVE_OVERNIGHT_V1/GENERATIONS/GEN_0044_RETRY_20260921_070133/MATCH/games.pgn
18774	2026-09-21T07:08:14.0122690000	/data/BASELINE_2026/NNUE_TUNING/C54_ITERATIVE_OVERNIGHT_V1/GENERATIONS/GEN_0044_RETRY_20260921_070133/MATCH/match.txt
145257	2026-09-21T07:01:36.6789429000	/data/BASELINE_2026/NNUE_TUNING/C54_ITERATIVE_OVERNIGHT_V1/GENERATIONS/GEN_0044_RETRY_20260921_070133/MINING_POOL.tsv
567	2026-09-21T07:08:15.1444691000	/data/BASELINE_2026/NNUE_TUNING/C54_ITERATIVE_OVERNIGHT_V1/GENERATIONS/GEN_0044_RETRY_20260921_070133/RESULT.json
684224	2026-09-21T07:06:24.8633753000	/data/BASELINE_2026/NNUE_TUNING/C54_ITERATIVE_OVERNIGHT_V1/GENERATIONS/GEN_0044_RETRY_20260921_070133/TARGETED_TRAIN.binpack
4132951	2026-09-21T07:06:24.7852517000	/data/BASELINE_2026/NNUE_TUNING/C54_ITERATIVE_OVERNIGHT_V1/GENERATIONS/GEN_0044_RETRY_20260921_070133/TARGETED_TRAIN.tsv
1857951552	2026-09-21T07:06:40.2217631000	/data/BASELINE_2026/NNUE_TUNING/C54_ITERATIVE_OVERNIGHT_V1/GENERATIONS/GEN_0044_RETRY_20260921_070133/TRAIN_RUN/lightning_logs/version_0/checkpoints/last.ckpt
386	2026-09-21T07:06:41.6389050000	/data/BASELINE_2026/NNUE_TUNING/C54_ITERATIVE_OVERNIGHT_V1/GENERATIONS/GEN_0044_RETRY_20260921_070133/TRAIN_RUN/lightning_logs/version_0/events.out.tfevents.1789974389.74700ca2d2bd.303187.0
226	2026-09-21T07:06:41.6464342000	/data/BASELINE_2026/NNUE_TUNING/C54_ITERATIVE_OVERNIGHT_V1/GENERATIONS/GEN_0044_RETRY_20260921_070133/TRAIN_RUN/lightning_logs/version_0/metrics.csv
0	2026-09-21T07:06:41.6564828000	/data/BASELINE_2026/NNUE_TUNING/C54_ITERATIVE_OVERNIGHT_V1/GENERATIONS/GEN_0044_RETRY_20260921_070133/TRAIN_RUN/training_finished
570	2026-09-21T07:06:24.8688667000	/data/BASELINE_2026/NNUE_TUNING/C54_ITERATIVE_OVERNIGHT_V1/GENERATIONS/GEN_0044_RETRY_20260921_070133/binpack.log
98961921	2026-09-21T07:07:03.3559705000	/data/BASELINE_2026/NNUE_TUNING/C54_ITERATIVE_OVERNIGHT_V1/GENERATIONS/GEN_0044_RETRY_20260921_070133/challenger.nnue
371605482	2026-09-21T07:06:52.2978258000	/data/BASELINE_2026/NNUE_TUNING/C54_ITERATIVE_OVERNIGHT_V1/GENERATIONS/GEN_0044_RETRY_20260921_070133/challenger.pt
1623	2026-09-21T07:07:08.5833853000	/data/BASELINE_2026/NNUE_TUNING/C54_ITERATIVE_OVERNIGHT_V1/GENERATIONS/GEN_0044_RETRY_20260921_070133/fixed_dev.txt
444956	2026-09-21T07:06:24.5209051000	/data/BASELINE_2026/NNUE_TUNING/C54_ITERATIVE_OVERNIGHT_V1/GENERATIONS/GEN_0044_RETRY_20260921_070133/metrics.log
199957	2026-09-21T07:06:24.3981798000	/data/BASELINE_2026/NNUE_TUNING/C54_ITERATIVE_OVERNIGHT_V1/GENERATIONS/GEN_0044_RETRY_20260921_070133/mining.log
1748992	2026-09-21T07:06:24.5209051000	/data/BASELINE_2026/NNUE_TUNING/C54_ITERATIVE_OVERNIGHT_V1/GENERATIONS/GEN_0044_RETRY_20260921_070133/mining.sqlite
21274	2026-09-21T07:07:03.3946593000	/data/BASELINE_2026/NNUE_TUNING/C54_ITERATIVE_OVERNIGHT_V1/GENERATIONS/GEN_0044_RETRY_20260921_070133/serialize_nnue.log
688	2026-09-21T07:06:52.3311999000	/data/BASELINE_2026/NNUE_TUNING/C54_ITERATIVE_OVERNIGHT_V1/GENERATIONS/GEN_0044_RETRY_20260921_070133/serialize_pt.log
2826	2026-09-21T07:06:41.6484466000	/data/BASELINE_2026/NNUE_TUNING/C54_ITERATIVE_OVERNIGHT_V1/GENERATIONS/GEN_0044_RETRY_20260921_070133/train.log
9	2026-09-21T07:14:49.0162140000	/data/BASELINE_2026/NNUE_TUNING/C54_ITERATIVE_OVERNIGHT_V1/GENERATIONS/GEN_0045/DONE
205972	2026-09-21T07:14:47.8587664000	/data/BASELINE_2026/NNUE_TUNING/C54_ITERATIVE_OVERNIGHT_V1/GENERATIONS/GEN_0045/MATCH/games.pgn
18810	2026-09-21T07:14:47.8587664000	/data/BASELINE_2026/NNUE_TUNING/C54_ITERATIVE_OVERNIGHT_V1/GENERATIONS/GEN_0045/MATCH/match.txt
146141	2026-09-21T07:08:18.3416789000	/data/BASELINE_2026/NNUE_TUNING/C54_ITERATIVE_OVERNIGHT_V1/GENERATIONS/GEN_0045/MINING_POOL.tsv
565	2026-09-21T07:14:49.0034567000	/data/BASELINE_2026/NNUE_TUNING/C54_ITERATIVE_OVERNIGHT_V1/GENERATIONS/GEN_0045/RESULT.json
688712	2026-09-21T07:13:00.6550503000	/data/BASELINE_2026/NNUE_TUNING/C54_ITERATIVE_OVERNIGHT_V1/GENERATIONS/GEN_0045/TARGETED_TRAIN.binpack
4182917	2026-09-21T07:13:00.5883659000	/data/BASELINE_2026/NNUE_TUNING/C54_ITERATIVE_OVERNIGHT_V1/GENERATIONS/GEN_0045/TARGETED_TRAIN.tsv
1857951552	2026-09-21T07:13:14.0304329000	/data/BASELINE_2026/NNUE_TUNING/C54_ITERATIVE_OVERNIGHT_V1/GENERATIONS/GEN_0045/TRAIN_RUN/lightning_logs/version_0/checkpoints/last.ckpt
386	2026-09-21T07:13:15.3776350000	/data/BASELINE_2026/NNUE_TUNING/C54_ITERATIVE_OVERNIGHT_V1/GENERATIONS/GEN_0045/TRAIN_RUN/lightning_logs/version_0/events.out.tfevents.1789974784.74700ca2d2bd.306026.0
227	2026-09-21T07:13:15.3871999000	/data/BASELINE_2026/NNUE_TUNING/C54_ITERATIVE_OVERNIGHT_V1/GENERATIONS/GEN_0045/TRAIN_RUN/lightning_logs/version_0/metrics.csv
0	2026-09-21T07:13:15.3988079000	/data/BASELINE_2026/NNUE_TUNING/C54_ITERATIVE_OVERNIGHT_V1/GENERATIONS/GEN_0045/TRAIN_RUN/training_finished
526	2026-09-21T07:13:00.6582740000	/data/BASELINE_2026/NNUE_TUNING/C54_ITERATIVE_OVERNIGHT_V1/GENERATIONS/GEN_0045/binpack.log
98961921	2026-09-21T07:13:36.9274635000	/data/BASELINE_2026/NNUE_TUNING/C54_ITERATIVE_OVERNIGHT_V1/GENERATIONS/GEN_0045/challenger.nnue
371605482	2026-09-21T07:13:25.9337481000	/data/BASELINE_2026/NNUE_TUNING/C54_ITERATIVE_OVERNIGHT_V1/GENERATIONS/GEN_0045/challenger.pt
1601	2026-09-21T07:13:42.1111706000	/data/BASELINE_2026/NNUE_TUNING/C54_ITERATIVE_OVERNIGHT_V1/GENERATIONS/GEN_0045/fixed_dev.txt
444490	2026-09-21T07:13:00.4149096000	/data/BASELINE_2026/NNUE_TUNING/C54_ITERATIVE_OVERNIGHT_V1/GENERATIONS/GEN_0045/metrics.log
199542	2026-09-21T07:13:00.2808103000	/data/BASELINE_2026/NNUE_TUNING/C54_ITERATIVE_OVERNIGHT_V1/GENERATIONS/GEN_0045/mining.log
1757184	2026-09-21T07:13:00.4123348000	/data/BASELINE_2026/NNUE_TUNING/C54_ITERATIVE_OVERNIGHT_V1/GENERATIONS/GEN_0045/mining.sqlite
21164	2026-09-21T07:13:36.9666983000	/data/BASELINE_2026/NNUE_TUNING/C54_ITERATIVE_OVERNIGHT_V1/GENERATIONS/GEN_0045/serialize_nnue.log
600	2026-09-21T07:13:25.9648344000	/data/BASELINE_2026/NNUE_TUNING/C54_ITERATIVE_OVERNIGHT_V1/GENERATIONS/GEN_0045/serialize_pt.log
2738	2026-09-21T07:13:15.3871999000	/data/BASELINE_2026/NNUE_TUNING/C54_ITERATIVE_OVERNIGHT_V1/GENERATIONS/GEN_0045/train.log
9	2026-09-21T07:21:34.6712012000	/data/BASELINE_2026/NNUE_TUNING/C54_ITERATIVE_OVERNIGHT_V1/GENERATIONS/GEN_0046/DONE
214666	2026-09-21T07:21:33.4994295000	/data/BASELINE_2026/NNUE_TUNING/C54_ITERATIVE_OVERNIGHT_V1/GENERATIONS/GEN_0046/MATCH/games.pgn
18754	2026-09-21T07:21:33.5100980000	/data/BASELINE_2026/NNUE_TUNING/C54_ITERATIVE_OVERNIGHT_V1/GENERATIONS/GEN_0046/MATCH/match.txt
146896	2026-09-21T07:14:52.2902068000	/data/BASELINE_2026/NNUE_TUNING/C54_ITERATIVE_OVERNIGHT_V1/GENERATIONS/GEN_0046/MINING_POOL.tsv
567	2026-09-21T07:21:34.6602295000	/data/BASELINE_2026/NNUE_TUNING/C54_ITERATIVE_OVERNIGHT_V1/GENERATIONS/GEN_0046/RESULT.json
679872	2026-09-21T07:19:44.4895485000	/data/BASELINE_2026/NNUE_TUNING/C54_ITERATIVE_OVERNIGHT_V1/GENERATIONS/GEN_0046/TARGETED_TRAIN.binpack
4169529	2026-09-21T07:19:44.4131359000	/data/BASELINE_2026/NNUE_TUNING/C54_ITERATIVE_OVERNIGHT_V1/GENERATIONS/GEN_0046/TARGETED_TRAIN.tsv
1857951552	2026-09-21T07:19:58.0306096000	/data/BASELINE_2026/NNUE_TUNING/C54_ITERATIVE_OVERNIGHT_V1/GENERATIONS/GEN_0046/TRAIN_RUN/lightning_logs/version_0/checkpoints/last.ckpt
386	2026-09-21T07:19:59.3684271000	/data/BASELINE_2026/NNUE_TUNING/C54_ITERATIVE_OVERNIGHT_V1/GENERATIONS/GEN_0046/TRAIN_RUN/lightning_logs/version_0/events.out.tfevents.1789975188.74700ca2d2bd.308919.0
226	2026-09-21T07:19:59.3825178000	/data/BASELINE_2026/NNUE_TUNING/C54_ITERATIVE_OVERNIGHT_V1/GENERATIONS/GEN_0046/TRAIN_RUN/lightning_logs/version_0/metrics.csv
0	2026-09-21T07:19:59.3905865000	/data/BASELINE_2026/NNUE_TUNING/C54_ITERATIVE_OVERNIGHT_V1/GENERATIONS/GEN_0046/TRAIN_RUN/training_finished
526	2026-09-21T07:19:44.4983775000	/data/BASELINE_2026/NNUE_TUNING/C54_ITERATIVE_OVERNIGHT_V1/GENERATIONS/GEN_0046/binpack.log
98961921	2026-09-21T07:20:20.3320704000	/data/BASELINE_2026/NNUE_TUNING/C54_ITERATIVE_OVERNIGHT_V1/GENERATIONS/GEN_0046/challenger.nnue
371605482	2026-09-21T07:20:09.3317393000	/data/BASELINE_2026/NNUE_TUNING/C54_ITERATIVE_OVERNIGHT_V1/GENERATIONS/GEN_0046/challenger.pt
1601	2026-09-21T07:20:25.5485020000	/data/BASELINE_2026/NNUE_TUNING/C54_ITERATIVE_OVERNIGHT_V1/GENERATIONS/GEN_0046/fixed_dev.txt
444338	2026-09-21T07:19:44.2448993000	/data/BASELINE_2026/NNUE_TUNING/C54_ITERATIVE_OVERNIGHT_V1/GENERATIONS/GEN_0046/metrics.log
200113	2026-09-21T07:19:44.1220844000	/data/BASELINE_2026/NNUE_TUNING/C54_ITERATIVE_OVERNIGHT_V1/GENERATIONS/GEN_0046/mining.log
1744896	2026-09-21T07:19:44.2448993000	/data/BASELINE_2026/NNUE_TUNING/C54_ITERATIVE_OVERNIGHT_V1/GENERATIONS/GEN_0046/mining.sqlite
21164	2026-09-21T07:20:20.3795148000	/data/BASELINE_2026/NNUE_TUNING/C54_ITERATIVE_OVERNIGHT_V1/GENERATIONS/GEN_0046/serialize_nnue.log
600	2026-09-21T07:20:09.3620225000	/data/BASELINE_2026/NNUE_TUNING/C54_ITERATIVE_OVERNIGHT_V1/GENERATIONS/GEN_0046/serialize_pt.log
2738	2026-09-21T07:19:59.3835248000	/data/BASELINE_2026/NNUE_TUNING/C54_ITERATIVE_OVERNIGHT_V1/GENERATIONS/GEN_0046/train.log
9	2026-09-21T07:28:18.9675324000	/data/BASELINE_2026/NNUE_TUNING/C54_ITERATIVE_OVERNIGHT_V1/GENERATIONS/GEN_0047/DONE
207923	2026-09-21T07:28:17.8015286000	/data/BASELINE_2026/NNUE_TUNING/C54_ITERATIVE_OVERNIGHT_V1/GENERATIONS/GEN_0047/MATCH/games.pgn
18748	2026-09-21T07:28:17.8124992000	/data/BASELINE_2026/NNUE_TUNING/C54_ITERATIVE_OVERNIGHT_V1/GENERATIONS/GEN_0047/MATCH/match.txt
146173	2026-09-21T07:21:37.8756036000	/data/BASELINE_2026/NNUE_TUNING/C54_ITERATIVE_OVERNIGHT_V1/GENERATIONS/GEN_0047/MINING_POOL.tsv
564	2026-09-21T07:28:18.9518856000	/data/BASELINE_2026/NNUE_TUNING/C54_ITERATIVE_OVERNIGHT_V1/GENERATIONS/GEN_0047/RESULT.json
700680	2026-09-21T07:26:29.0999312000	/data/BASELINE_2026/NNUE_TUNING/C54_ITERATIVE_OVERNIGHT_V1/GENERATIONS/GEN_0047/TARGETED_TRAIN.binpack
4271411	2026-09-21T07:26:29.0247520000	/data/BASELINE_2026/NNUE_TUNING/C54_ITERATIVE_OVERNIGHT_V1/GENERATIONS/GEN_0047/TARGETED_TRAIN.tsv
1857951552	2026-09-21T07:26:43.4149163000	/data/BASELINE_2026/NNUE_TUNING/C54_ITERATIVE_OVERNIGHT_V1/GENERATIONS/GEN_0047/TRAIN_RUN/lightning_logs/version_0/checkpoints/last.ckpt
386	2026-09-21T07:26:44.8306477000	/data/BASELINE_2026/NNUE_TUNING/C54_ITERATIVE_OVERNIGHT_V1/GENERATIONS/GEN_0047/TRAIN_RUN/lightning_logs/version_0/events.out.tfevents.1789975592.74700ca2d2bd.311808.0
224	2026-09-21T07:26:44.8412474000	/data/BASELINE_2026/NNUE_TUNING/C54_ITERATIVE_OVERNIGHT_V1/GENERATIONS/GEN_0047/TRAIN_RUN/lightning_logs/version_0/metrics.csv
0	2026-09-21T07:26:44.8497772000	/data/BASELINE_2026/NNUE_TUNING/C54_ITERATIVE_OVERNIGHT_V1/GENERATIONS/GEN_0047/TRAIN_RUN/training_finished
526	2026-09-21T07:26:29.1052907000	/data/BASELINE_2026/NNUE_TUNING/C54_ITERATIVE_OVERNIGHT_V1/GENERATIONS/GEN_0047/binpack.log
98961928	2026-09-21T07:27:06.1262841000	/data/BASELINE_2026/NNUE_TUNING/C54_ITERATIVE_OVERNIGHT_V1/GENERATIONS/GEN_0047/challenger.nnue
371605482	2026-09-21T07:26:55.3297427000	/data/BASELINE_2026/NNUE_TUNING/C54_ITERATIVE_OVERNIGHT_V1/GENERATIONS/GEN_0047/challenger.pt
1601	2026-09-21T07:27:11.2644544000	/data/BASELINE_2026/NNUE_TUNING/C54_ITERATIVE_OVERNIGHT_V1/GENERATIONS/GEN_0047/fixed_dev.txt
444965	2026-09-21T07:26:28.8559227000	/data/BASELINE_2026/NNUE_TUNING/C54_ITERATIVE_OVERNIGHT_V1/GENERATIONS/GEN_0047/metrics.log
199803	2026-09-21T07:26:28.7150871000	/data/BASELINE_2026/NNUE_TUNING/C54_ITERATIVE_OVERNIGHT_V1/GENERATIONS/GEN_0047/mining.log
1757184	2026-09-21T07:26:28.8559227000	/data/BASELINE_2026/NNUE_TUNING/C54_ITERATIVE_OVERNIGHT_V1/GENERATIONS/GEN_0047/mining.sqlite
21164	2026-09-21T07:27:06.1759543000	/data/BASELINE_2026/NNUE_TUNING/C54_ITERATIVE_OVERNIGHT_V1/GENERATIONS/GEN_0047/serialize_nnue.log
600	2026-09-21T07:26:55.3650990000	/data/BASELINE_2026/NNUE_TUNING/C54_ITERATIVE_OVERNIGHT_V1/GENERATIONS/GEN_0047/serialize_pt.log
2738	2026-09-21T07:26:44.8412474000	/data/BASELINE_2026/NNUE_TUNING/C54_ITERATIVE_OVERNIGHT_V1/GENERATIONS/GEN_0047/train.log
9	2026-09-21T07:34:54.6887534000	/data/BASELINE_2026/NNUE_TUNING/C54_ITERATIVE_OVERNIGHT_V1/GENERATIONS/GEN_0048/DONE
199658	2026-09-21T07:34:53.5109967000	/data/BASELINE_2026/NNUE_TUNING/C54_ITERATIVE_OVERNIGHT_V1/GENERATIONS/GEN_0048/MATCH/games.pgn
18771	2026-09-21T07:34:53.5200680000	/data/BASELINE_2026/NNUE_TUNING/C54_ITERATIVE_OVERNIGHT_V1/GENERATIONS/GEN_0048/MATCH/match.txt
145206	2026-09-21T07:28:22.1544304000	/data/BASELINE_2026/NNUE_TUNING/C54_ITERATIVE_OVERNIGHT_V1/GENERATIONS/GEN_0048/MINING_POOL.tsv
567	2026-09-21T07:34:54.6780164000	/data/BASELINE_2026/NNUE_TUNING/C54_ITERATIVE_OVERNIGHT_V1/GENERATIONS/GEN_0048/RESULT.json
672800	2026-09-21T07:33:08.2601582000	/data/BASELINE_2026/NNUE_TUNING/C54_ITERATIVE_OVERNIGHT_V1/GENERATIONS/GEN_0048/TARGETED_TRAIN.binpack
4080286	2026-09-21T07:33:08.1957815000	/data/BASELINE_2026/NNUE_TUNING/C54_ITERATIVE_OVERNIGHT_V1/GENERATIONS/GEN_0048/TARGETED_TRAIN.tsv
1857951552	2026-09-21T07:33:21.6381930000	/data/BASELINE_2026/NNUE_TUNING/C54_ITERATIVE_OVERNIGHT_V1/GENERATIONS/GEN_0048/TRAIN_RUN/lightning_logs/version_0/checkpoints/last.ckpt
386	2026-09-21T07:33:23.0508098000	/data/BASELINE_2026/NNUE_TUNING/C54_ITERATIVE_OVERNIGHT_V1/GENERATIONS/GEN_0048/TRAIN_RUN/lightning_logs/version_0/events.out.tfevents.1789975991.74700ca2d2bd.314693.0
225	2026-09-21T07:33:23.0619524000	/data/BASELINE_2026/NNUE_TUNING/C54_ITERATIVE_OVERNIGHT_V1/GENERATIONS/GEN_0048/TRAIN_RUN/lightning_logs/version_0/metrics.csv
0	2026-09-21T07:33:23.0710403000	/data/BASELINE_2026/NNUE_TUNING/C54_ITERATIVE_OVERNIGHT_V1/GENERATIONS/GEN_0048/TRAIN_RUN/training_finished
526	2026-09-21T07:33:08.2673637000	/data/BASELINE_2026/NNUE_TUNING/C54_ITERATIVE_OVERNIGHT_V1/GENERATIONS/GEN_0048/binpack.log
98961920	2026-09-21T07:33:43.9821913000	/data/BASELINE_2026/NNUE_TUNING/C54_ITERATIVE_OVERNIGHT_V1/GENERATIONS/GEN_0048/challenger.nnue
371605482	2026-09-21T07:33:33.0937020000	/data/BASELINE_2026/NNUE_TUNING/C54_ITERATIVE_OVERNIGHT_V1/GENERATIONS/GEN_0048/challenger.pt
1601	2026-09-21T07:33:49.0975190000	/data/BASELINE_2026/NNUE_TUNING/C54_ITERATIVE_OVERNIGHT_V1/GENERATIONS/GEN_0048/fixed_dev.txt
443653	2026-09-21T07:33:08.0362203000	/data/BASELINE_2026/NNUE_TUNING/C54_ITERATIVE_OVERNIGHT_V1/GENERATIONS/GEN_0048/metrics.log
199831	2026-09-21T07:33:07.8921550000	/data/BASELINE_2026/NNUE_TUNING/C54_ITERATIVE_OVERNIGHT_V1/GENERATIONS/GEN_0048/mining.log
1744896	2026-09-21T07:33:08.0303345000	/data/BASELINE_2026/NNUE_TUNING/C54_ITERATIVE_OVERNIGHT_V1/GENERATIONS/GEN_0048/mining.sqlite
21164	2026-09-21T07:33:44.0328934000	/data/BASELINE_2026/NNUE_TUNING/C54_ITERATIVE_OVERNIGHT_V1/GENERATIONS/GEN_0048/serialize_nnue.log
600	2026-09-21T07:33:33.1221601000	/data/BASELINE_2026/NNUE_TUNING/C54_ITERATIVE_OVERNIGHT_V1/GENERATIONS/GEN_0048/serialize_pt.log
2738	2026-09-21T07:33:23.0619524000	/data/BASELINE_2026/NNUE_TUNING/C54_ITERATIVE_OVERNIGHT_V1/GENERATIONS/GEN_0048/train.log
9	2026-09-21T07:41:37.1498505000	/data/BASELINE_2026/NNUE_TUNING/C54_ITERATIVE_OVERNIGHT_V1/GENERATIONS/GEN_0049/DONE
229698	2026-09-21T07:41:35.9678721000	/data/BASELINE_2026/NNUE_TUNING/C54_ITERATIVE_OVERNIGHT_V1/GENERATIONS/GEN_0049/MATCH/games.pgn
18775	2026-09-21T07:41:35.9698779000	/data/BASELINE_2026/NNUE_TUNING/C54_ITERATIVE_OVERNIGHT_V1/GENERATIONS/GEN_0049/MATCH/match.txt
145140	2026-09-21T07:34:57.8964028000	/data/BASELINE_2026/NNUE_TUNING/C54_ITERATIVE_OVERNIGHT_V1/GENERATIONS/GEN_0049/MINING_POOL.tsv
564	2026-09-21T07:41:37.1342830000	/data/BASELINE_2026/NNUE_TUNING/C54_ITERATIVE_OVERNIGHT_V1/GENERATIONS/GEN_0049/RESULT.json
691432	2026-09-21T07:39:44.0568054000	/data/BASELINE_2026/NNUE_TUNING/C54_ITERATIVE_OVERNIGHT_V1/GENERATIONS/GEN_0049/TARGETED_TRAIN.binpack
4175710	2026-09-21T07:39:43.9888225000	/data/BASELINE_2026/NNUE_TUNING/C54_ITERATIVE_OVERNIGHT_V1/GENERATIONS/GEN_0049/TARGETED_TRAIN.tsv
1857951552	2026-09-21T07:39:57.6749646000	/data/BASELINE_2026/NNUE_TUNING/C54_ITERATIVE_OVERNIGHT_V1/GENERATIONS/GEN_0049/TRAIN_RUN/lightning_logs/version_0/checkpoints/last.ckpt
386	2026-09-21T07:39:59.0418786000	/data/BASELINE_2026/NNUE_TUNING/C54_ITERATIVE_OVERNIGHT_V1/GENERATIONS/GEN_0049/TRAIN_RUN/lightning_logs/version_0/events.out.tfevents.1789976387.74700ca2d2bd.317532.0
223	2026-09-21T07:39:59.0511725000	/data/BASELINE_2026/NNUE_TUNING/C54_ITERATIVE_OVERNIGHT_V1/GENERATIONS/GEN_0049/TRAIN_RUN/lightning_logs/version_0/metrics.csv
0	2026-09-21T07:39:59.0601920000	/data/BASELINE_2026/NNUE_TUNING/C54_ITERATIVE_OVERNIGHT_V1/GENERATIONS/GEN_0049/TRAIN_RUN/training_finished
526	2026-09-21T07:39:44.0654535000	/data/BASELINE_2026/NNUE_TUNING/C54_ITERATIVE_OVERNIGHT_V1/GENERATIONS/GEN_0049/binpack.log
98961923	2026-09-21T07:40:19.9230590000	/data/BASELINE_2026/NNUE_TUNING/C54_ITERATIVE_OVERNIGHT_V1/GENERATIONS/GEN_0049/challenger.nnue
371605482	2026-09-21T07:40:08.9870260000	/data/BASELINE_2026/NNUE_TUNING/C54_ITERATIVE_OVERNIGHT_V1/GENERATIONS/GEN_0049/challenger.pt
1601	2026-09-21T07:40:24.9942829000	/data/BASELINE_2026/NNUE_TUNING/C54_ITERATIVE_OVERNIGHT_V1/GENERATIONS/GEN_0049/fixed_dev.txt
445082	2026-09-21T07:39:43.8194164000	/data/BASELINE_2026/NNUE_TUNING/C54_ITERATIVE_OVERNIGHT_V1/GENERATIONS/GEN_0049/metrics.log
199705	2026-09-21T07:39:43.6936854000	/data/BASELINE_2026/NNUE_TUNING/C54_ITERATIVE_OVERNIGHT_V1/GENERATIONS/GEN_0049/mining.log
1761280	2026-09-21T07:39:43.8194164000	/data/BASELINE_2026/NNUE_TUNING/C54_ITERATIVE_OVERNIGHT_V1/GENERATIONS/GEN_0049/mining.sqlite
21164	2026-09-21T07:40:19.9628334000	/data/BASELINE_2026/NNUE_TUNING/C54_ITERATIVE_OVERNIGHT_V1/GENERATIONS/GEN_0049/serialize_nnue.log
600	2026-09-21T07:40:09.0187954000	/data/BASELINE_2026/NNUE_TUNING/C54_ITERATIVE_OVERNIGHT_V1/GENERATIONS/GEN_0049/serialize_pt.log
2738	2026-09-21T07:39:59.0531789000	/data/BASELINE_2026/NNUE_TUNING/C54_ITERATIVE_OVERNIGHT_V1/GENERATIONS/GEN_0049/train.log
9	2026-09-21T07:48:08.6093159000	/data/BASELINE_2026/NNUE_TUNING/C54_ITERATIVE_OVERNIGHT_V1/GENERATIONS/GEN_0050/DONE
191594	2026-09-21T07:48:07.4157938000	/data/BASELINE_2026/NNUE_TUNING/C54_ITERATIVE_OVERNIGHT_V1/GENERATIONS/GEN_0050/MATCH/games.pgn
18816	2026-09-21T07:48:07.4157938000	/data/BASELINE_2026/NNUE_TUNING/C54_ITERATIVE_OVERNIGHT_V1/GENERATIONS/GEN_0050/MATCH/match.txt
145409	2026-09-21T07:41:40.3573392000	/data/BASELINE_2026/NNUE_TUNING/C54_ITERATIVE_OVERNIGHT_V1/GENERATIONS/GEN_0050/MINING_POOL.tsv
564	2026-09-21T07:48:08.5847018000	/data/BASELINE_2026/NNUE_TUNING/C54_ITERATIVE_OVERNIGHT_V1/GENERATIONS/GEN_0050/RESULT.json
688576	2026-09-21T07:46:23.6236754000	/data/BASELINE_2026/NNUE_TUNING/C54_ITERATIVE_OVERNIGHT_V1/GENERATIONS/GEN_0050/TARGETED_TRAIN.binpack
4164594	2026-09-21T07:46:23.5603592000	/data/BASELINE_2026/NNUE_TUNING/C54_ITERATIVE_OVERNIGHT_V1/GENERATIONS/GEN_0050/TARGETED_TRAIN.tsv
1857951552	2026-09-21T07:46:37.0380732000	/data/BASELINE_2026/NNUE_TUNING/C54_ITERATIVE_OVERNIGHT_V1/GENERATIONS/GEN_0050/TRAIN_RUN/lightning_logs/version_0/checkpoints/last.ckpt
386	2026-09-21T07:46:38.4110579000	/data/BASELINE_2026/NNUE_TUNING/C54_ITERATIVE_OVERNIGHT_V1/GENERATIONS/GEN_0050/TRAIN_RUN/lightning_logs/version_0/events.out.tfevents.1789976787.74700ca2d2bd.320397.0
227	2026-09-21T07:46:38.4221235000	/data/BASELINE_2026/NNUE_TUNING/C54_ITERATIVE_OVERNIGHT_V1/GENERATIONS/GEN_0050/TRAIN_RUN/lightning_logs/version_0/metrics.csv
0	2026-09-21T07:46:38.4316517000	/data/BASELINE_2026/NNUE_TUNING/C54_ITERATIVE_OVERNIGHT_V1/GENERATIONS/GEN_0050/TRAIN_RUN/training_finished
526	2026-09-21T07:46:23.6325460000	/data/BASELINE_2026/NNUE_TUNING/C54_ITERATIVE_OVERNIGHT_V1/GENERATIONS/GEN_0050/binpack.log
98961924	2026-09-21T07:46:59.5865276000	/data/BASELINE_2026/NNUE_TUNING/C54_ITERATIVE_OVERNIGHT_V1/GENERATIONS/GEN_0050/challenger.nnue
371605482	2026-09-21T07:46:48.4001477000	/data/BASELINE_2026/NNUE_TUNING/C54_ITERATIVE_OVERNIGHT_V1/GENERATIONS/GEN_0050/challenger.pt
1601	2026-09-21T07:47:04.6801287000	/data/BASELINE_2026/NNUE_TUNING/C54_ITERATIVE_OVERNIGHT_V1/GENERATIONS/GEN_0050/fixed_dev.txt
444884	2026-09-21T07:46:23.3796770000	/data/BASELINE_2026/NNUE_TUNING/C54_ITERATIVE_OVERNIGHT_V1/GENERATIONS/GEN_0050/metrics.log
199514	2026-09-21T07:46:23.2461198000	/data/BASELINE_2026/NNUE_TUNING/C54_ITERATIVE_OVERNIGHT_V1/GENERATIONS/GEN_0050/mining.log
1744896	2026-09-21T07:46:23.3776756000	/data/BASELINE_2026/NNUE_TUNING/C54_ITERATIVE_OVERNIGHT_V1/GENERATIONS/GEN_0050/mining.sqlite
21164	2026-09-21T07:46:59.6285811000	/data/BASELINE_2026/NNUE_TUNING/C54_ITERATIVE_OVERNIGHT_V1/GENERATIONS/GEN_0050/serialize_nnue.log
600	2026-09-21T07:46:48.4323368000	/data/BASELINE_2026/NNUE_TUNING/C54_ITERATIVE_OVERNIGHT_V1/GENERATIONS/GEN_0050/serialize_pt.log
2738	2026-09-21T07:46:38.4231273000	/data/BASELINE_2026/NNUE_TUNING/C54_ITERATIVE_OVERNIGHT_V1/GENERATIONS/GEN_0050/train.log
9	2026-09-21T07:54:46.9862751000	/data/BASELINE_2026/NNUE_TUNING/C54_ITERATIVE_OVERNIGHT_V1/GENERATIONS/GEN_0051/DONE
209305	2026-09-21T07:54:45.8189828000	/data/BASELINE_2026/NNUE_TUNING/C54_ITERATIVE_OVERNIGHT_V1/GENERATIONS/GEN_0051/MATCH/games.pgn
18721	2026-09-21T07:54:45.8300007000	/data/BASELINE_2026/NNUE_TUNING/C54_ITERATIVE_OVERNIGHT_V1/GENERATIONS/GEN_0051/MATCH/match.txt
143846	2026-09-21T07:48:11.8376263000	/data/BASELINE_2026/NNUE_TUNING/C54_ITERATIVE_OVERNIGHT_V1/GENERATIONS/GEN_0051/MINING_POOL.tsv
565	2026-09-21T07:54:46.9719383000	/data/BASELINE_2026/NNUE_TUNING/C54_ITERATIVE_OVERNIGHT_V1/GENERATIONS/GEN_0051/RESULT.json
689256	2026-09-21T07:52:59.8408054000	/data/BASELINE_2026/NNUE_TUNING/C54_ITERATIVE_OVERNIGHT_V1/GENERATIONS/GEN_0051/TARGETED_TRAIN.binpack
4131211	2026-09-21T07:52:59.7784986000	/data/BASELINE_2026/NNUE_TUNING/C54_ITERATIVE_OVERNIGHT_V1/GENERATIONS/GEN_0051/TARGETED_TRAIN.tsv
1857951552	2026-09-21T07:53:13.1884614000	/data/BASELINE_2026/NNUE_TUNING/C54_ITERATIVE_OVERNIGHT_V1/GENERATIONS/GEN_0051/TRAIN_RUN/lightning_logs/version_0/checkpoints/last.ckpt
386	2026-09-21T07:53:14.5720538000	/data/BASELINE_2026/NNUE_TUNING/C54_ITERATIVE_OVERNIGHT_V1/GENERATIONS/GEN_0051/TRAIN_RUN/lightning_logs/version_0/events.out.tfevents.1789977183.74700ca2d2bd.323256.0
227	2026-09-21T07:53:14.5841607000	/data/BASELINE_2026/NNUE_TUNING/C54_ITERATIVE_OVERNIGHT_V1/GENERATIONS/GEN_0051/TRAIN_RUN/lightning_logs/version_0/metrics.csv
0	2026-09-21T07:53:14.5910694000	/data/BASELINE_2026/NNUE_TUNING/C54_ITERATIVE_OVERNIGHT_V1/GENERATIONS/GEN_0051/TRAIN_RUN/training_finished
526	2026-09-21T07:52:59.8544183000	/data/BASELINE_2026/NNUE_TUNING/C54_ITERATIVE_OVERNIGHT_V1/GENERATIONS/GEN_0051/binpack.log
98961927	2026-09-21T07:53:35.8683076000	/data/BASELINE_2026/NNUE_TUNING/C54_ITERATIVE_OVERNIGHT_V1/GENERATIONS/GEN_0051/challenger.nnue
371605482	2026-09-21T07:53:24.8320760000	/data/BASELINE_2026/NNUE_TUNING/C54_ITERATIVE_OVERNIGHT_V1/GENERATIONS/GEN_0051/challenger.pt
1601	2026-09-21T07:53:41.0408516000	/data/BASELINE_2026/NNUE_TUNING/C54_ITERATIVE_OVERNIGHT_V1/GENERATIONS/GEN_0051/fixed_dev.txt
445540	2026-09-21T07:52:59.6108420000	/data/BASELINE_2026/NNUE_TUNING/C54_ITERATIVE_OVERNIGHT_V1/GENERATIONS/GEN_0051/metrics.log
199837	2026-09-21T07:52:59.4780766000	/data/BASELINE_2026/NNUE_TUNING/C54_ITERATIVE_OVERNIGHT_V1/GENERATIONS/GEN_0051/mining.log
1765376	2026-09-21T07:52:59.6108420000	/data/BASELINE_2026/NNUE_TUNING/C54_ITERATIVE_OVERNIGHT_V1/GENERATIONS/GEN_0051/mining.sqlite
21164	2026-09-21T07:53:35.9136558000	/data/BASELINE_2026/NNUE_TUNING/C54_ITERATIVE_OVERNIGHT_V1/GENERATIONS/GEN_0051/serialize_nnue.log
600	2026-09-21T07:53:24.8707089000	/data/BASELINE_2026/NNUE_TUNING/C54_ITERATIVE_OVERNIGHT_V1/GENERATIONS/GEN_0051/serialize_pt.log
2738	2026-09-21T07:53:14.5841607000	/data/BASELINE_2026/NNUE_TUNING/C54_ITERATIVE_OVERNIGHT_V1/GENERATIONS/GEN_0051/train.log
9	2026-09-21T08:01:25.4521533000	/data/BASELINE_2026/NNUE_TUNING/C54_ITERATIVE_OVERNIGHT_V1/GENERATIONS/GEN_0052/DONE
222234	2026-09-21T08:01:24.2855144000	/data/BASELINE_2026/NNUE_TUNING/C54_ITERATIVE_OVERNIGHT_V1/GENERATIONS/GEN_0052/MATCH/games.pgn
18744	2026-09-21T08:01:24.2917420000	/data/BASELINE_2026/NNUE_TUNING/C54_ITERATIVE_OVERNIGHT_V1/GENERATIONS/GEN_0052/MATCH/match.txt
144284	2026-09-21T07:54:50.1888411000	/data/BASELINE_2026/NNUE_TUNING/C54_ITERATIVE_OVERNIGHT_V1/GENERATIONS/GEN_0052/MINING_POOL.tsv
567	2026-09-21T08:01:25.4393537000	/data/BASELINE_2026/NNUE_TUNING/C54_ITERATIVE_OVERNIGHT_V1/GENERATIONS/GEN_0052/RESULT.json
708976	2026-09-21T07:59:36.3581732000	/data/BASELINE_2026/NNUE_TUNING/C54_ITERATIVE_OVERNIGHT_V1/GENERATIONS/GEN_0052/TARGETED_TRAIN.binpack
4280709	2026-09-21T07:59:36.2948335000	/data/BASELINE_2026/NNUE_TUNING/C54_ITERATIVE_OVERNIGHT_V1/GENERATIONS/GEN_0052/TARGETED_TRAIN.tsv
1857951552	2026-09-21T07:59:49.1880046000	/data/BASELINE_2026/NNUE_TUNING/C54_ITERATIVE_OVERNIGHT_V1/GENERATIONS/GEN_0052/TRAIN_RUN/lightning_logs/version_0/checkpoints/last.ckpt
386	2026-09-21T07:59:50.5628764000	/data/BASELINE_2026/NNUE_TUNING/C54_ITERATIVE_OVERNIGHT_V1/GENERATIONS/GEN_0052/TRAIN_RUN/lightning_logs/version_0/events.out.tfevents.1789977579.74700ca2d2bd.326117.0
226	2026-09-21T07:59:50.5724524000	/data/BASELINE_2026/NNUE_TUNING/C54_ITERATIVE_OVERNIGHT_V1/GENERATIONS/GEN_0052/TRAIN_RUN/lightning_logs/version_0/metrics.csv
0	2026-09-21T07:59:50.5833076000	/data/BASELINE_2026/NNUE_TUNING/C54_ITERATIVE_OVERNIGHT_V1/GENERATIONS/GEN_0052/TRAIN_RUN/training_finished
526	2026-09-21T07:59:36.3581732000	/data/BASELINE_2026/NNUE_TUNING/C54_ITERATIVE_OVERNIGHT_V1/GENERATIONS/GEN_0052/binpack.log
98961925	2026-09-21T08:00:10.7470883000	/data/BASELINE_2026/NNUE_TUNING/C54_ITERATIVE_OVERNIGHT_V1/GENERATIONS/GEN_0052/challenger.nnue
371605482	2026-09-21T08:00:00.1452771000	/data/BASELINE_2026/NNUE_TUNING/C54_ITERATIVE_OVERNIGHT_V1/GENERATIONS/GEN_0052/challenger.pt
1601	2026-09-21T08:00:15.8196974000	/data/BASELINE_2026/NNUE_TUNING/C54_ITERATIVE_OVERNIGHT_V1/GENERATIONS/GEN_0052/fixed_dev.txt
445866	2026-09-21T07:59:36.1259799000	/data/BASELINE_2026/NNUE_TUNING/C54_ITERATIVE_OVERNIGHT_V1/GENERATIONS/GEN_0052/metrics.log
199943	2026-09-21T07:59:35.9961512000	/data/BASELINE_2026/NNUE_TUNING/C54_ITERATIVE_OVERNIGHT_V1/GENERATIONS/GEN_0052/mining.log
1761280	2026-09-21T07:59:36.1249575000	/data/BASELINE_2026/NNUE_TUNING/C54_ITERATIVE_OVERNIGHT_V1/GENERATIONS/GEN_0052/mining.sqlite
21164	2026-09-21T08:00:10.8002101000	/data/BASELINE_2026/NNUE_TUNING/C54_ITERATIVE_OVERNIGHT_V1/GENERATIONS/GEN_0052/serialize_nnue.log
600	2026-09-21T08:00:00.1858741000	/data/BASELINE_2026/NNUE_TUNING/C54_ITERATIVE_OVERNIGHT_V1/GENERATIONS/GEN_0052/serialize_pt.log
2738	2026-09-21T07:59:50.5739620000	/data/BASELINE_2026/NNUE_TUNING/C54_ITERATIVE_OVERNIGHT_V1/GENERATIONS/GEN_0052/train.log
9	2026-09-21T08:07:55.6689084000	/data/BASELINE_2026/NNUE_TUNING/C54_ITERATIVE_OVERNIGHT_V1/GENERATIONS/GEN_0053/DONE
198762	2026-09-21T08:07:54.4102563000	/data/BASELINE_2026/NNUE_TUNING/C54_ITERATIVE_OVERNIGHT_V1/GENERATIONS/GEN_0053/MATCH/games.pgn
18856	2026-09-21T08:07:54.4227640000	/data/BASELINE_2026/NNUE_TUNING/C54_ITERATIVE_OVERNIGHT_V1/GENERATIONS/GEN_0053/MATCH/match.txt
146240	2026-09-21T08:01:28.7809245000	/data/BASELINE_2026/NNUE_TUNING/C54_ITERATIVE_OVERNIGHT_V1/GENERATIONS/GEN_0053/MINING_POOL.tsv
567	2026-09-21T08:07:55.6475944000	/data/BASELINE_2026/NNUE_TUNING/C54_ITERATIVE_OVERNIGHT_V1/GENERATIONS/GEN_0053/RESULT.json
701088	2026-09-21T08:06:11.4035486000	/data/BASELINE_2026/NNUE_TUNING/C54_ITERATIVE_OVERNIGHT_V1/GENERATIONS/GEN_0053/TARGETED_TRAIN.binpack
4266733	2026-09-21T08:06:11.3360926000	/data/BASELINE_2026/NNUE_TUNING/C54_ITERATIVE_OVERNIGHT_V1/GENERATIONS/GEN_0053/TARGETED_TRAIN.tsv
1857951552	2026-09-21T08:06:25.1184557000	/data/BASELINE_2026/NNUE_TUNING/C54_ITERATIVE_OVERNIGHT_V1/GENERATIONS/GEN_0053/TRAIN_RUN/lightning_logs/version_0/checkpoints/last.ckpt
386	2026-09-21T08:06:26.4872131000	/data/BASELINE_2026/NNUE_TUNING/C54_ITERATIVE_OVERNIGHT_V1/GENERATIONS/GEN_0053/TRAIN_RUN/lightning_logs/version_0/events.out.tfevents.1789977975.74700ca2d2bd.328954.0
226	2026-09-21T08:06:26.4943024000	/data/BASELINE_2026/NNUE_TUNING/C54_ITERATIVE_OVERNIGHT_V1/GENERATIONS/GEN_0053/TRAIN_RUN/lightning_logs/version_0/metrics.csv
0	2026-09-21T08:06:26.5043294000	/data/BASELINE_2026/NNUE_TUNING/C54_ITERATIVE_OVERNIGHT_V1/GENERATIONS/GEN_0053/TRAIN_RUN/training_finished
526	2026-09-21T08:06:11.4068419000	/data/BASELINE_2026/NNUE_TUNING/C54_ITERATIVE_OVERNIGHT_V1/GENERATIONS/GEN_0053/binpack.log
98961928	2026-09-21T08:06:47.5053746000	/data/BASELINE_2026/NNUE_TUNING/C54_ITERATIVE_OVERNIGHT_V1/GENERATIONS/GEN_0053/challenger.nnue
371605482	2026-09-21T08:06:36.4600969000	/data/BASELINE_2026/NNUE_TUNING/C54_ITERATIVE_OVERNIGHT_V1/GENERATIONS/GEN_0053/challenger.pt
1601	2026-09-21T08:06:52.6448128000	/data/BASELINE_2026/NNUE_TUNING/C54_ITERATIVE_OVERNIGHT_V1/GENERATIONS/GEN_0053/fixed_dev.txt
444525	2026-09-21T08:06:11.1707447000	/data/BASELINE_2026/NNUE_TUNING/C54_ITERATIVE_OVERNIGHT_V1/GENERATIONS/GEN_0053/metrics.log
199417	2026-09-21T08:06:11.0442103000	/data/BASELINE_2026/NNUE_TUNING/C54_ITERATIVE_OVERNIGHT_V1/GENERATIONS/GEN_0053/mining.log
1744896	2026-09-21T08:06:11.1668681000	/data/BASELINE_2026/NNUE_TUNING/C54_ITERATIVE_OVERNIGHT_V1/GENERATIONS/GEN_0053/mining.sqlite
21164	2026-09-21T08:06:47.5441150000	/data/BASELINE_2026/NNUE_TUNING/C54_ITERATIVE_OVERNIGHT_V1/GENERATIONS/GEN_0053/serialize_nnue.log
600	2026-09-21T08:06:36.4919771000	/data/BASELINE_2026/NNUE_TUNING/C54_ITERATIVE_OVERNIGHT_V1/GENERATIONS/GEN_0053/serialize_pt.log
2738	2026-09-21T08:06:26.4996232000	/data/BASELINE_2026/NNUE_TUNING/C54_ITERATIVE_OVERNIGHT_V1/GENERATIONS/GEN_0053/train.log
9	2026-09-21T08:14:35.7594151000	/data/BASELINE_2026/NNUE_TUNING/C54_ITERATIVE_OVERNIGHT_V1/GENERATIONS/GEN_0054/DONE
199236	2026-09-21T08:14:34.5556147000	/data/BASELINE_2026/NNUE_TUNING/C54_ITERATIVE_OVERNIGHT_V1/GENERATIONS/GEN_0054/MATCH/games.pgn
18792	2026-09-21T08:14:34.5638087000	/data/BASELINE_2026/NNUE_TUNING/C54_ITERATIVE_OVERNIGHT_V1/GENERATIONS/GEN_0054/MATCH/match.txt
143973	2026-09-21T08:07:58.8536636000	/data/BASELINE_2026/NNUE_TUNING/C54_ITERATIVE_OVERNIGHT_V1/GENERATIONS/GEN_0054/MINING_POOL.tsv
565	2026-09-21T08:14:35.7472770000	/data/BASELINE_2026/NNUE_TUNING/C54_ITERATIVE_OVERNIGHT_V1/GENERATIONS/GEN_0054/RESULT.json
709248	2026-09-21T08:12:50.2860994000	/data/BASELINE_2026/NNUE_TUNING/C54_ITERATIVE_OVERNIGHT_V1/GENERATIONS/GEN_0054/TARGETED_TRAIN.binpack
4258689	2026-09-21T08:12:50.2120347000	/data/BASELINE_2026/NNUE_TUNING/C54_ITERATIVE_OVERNIGHT_V1/GENERATIONS/GEN_0054/TARGETED_TRAIN.tsv
1857951552	2026-09-21T08:13:03.8032701000	/data/BASELINE_2026/NNUE_TUNING/C54_ITERATIVE_OVERNIGHT_V1/GENERATIONS/GEN_0054/TRAIN_RUN/lightning_logs/version_0/checkpoints/last.ckpt
386	2026-09-21T08:13:05.1744610000	/data/BASELINE_2026/NNUE_TUNING/C54_ITERATIVE_OVERNIGHT_V1/GENERATIONS/GEN_0054/TRAIN_RUN/lightning_logs/version_0/events.out.tfevents.1789978373.74700ca2d2bd.331819.0
225	2026-09-21T08:13:05.1855995000	/data/BASELINE_2026/NNUE_TUNING/C54_ITERATIVE_OVERNIGHT_V1/GENERATIONS/GEN_0054/TRAIN_RUN/lightning_logs/version_0/metrics.csv
0	2026-09-21T08:13:05.1904189000	/data/BASELINE_2026/NNUE_TUNING/C54_ITERATIVE_OVERNIGHT_V1/GENERATIONS/GEN_0054/TRAIN_RUN/training_finished
526	2026-09-21T08:12:50.2932599000	/data/BASELINE_2026/NNUE_TUNING/C54_ITERATIVE_OVERNIGHT_V1/GENERATIONS/GEN_0054/binpack.log
98961930	2026-09-21T08:13:26.0163949000	/data/BASELINE_2026/NNUE_TUNING/C54_ITERATIVE_OVERNIGHT_V1/GENERATIONS/GEN_0054/challenger.nnue
371605482	2026-09-21T08:13:15.1065258000	/data/BASELINE_2026/NNUE_TUNING/C54_ITERATIVE_OVERNIGHT_V1/GENERATIONS/GEN_0054/challenger.pt
1601	2026-09-21T08:13:31.1654804000	/data/BASELINE_2026/NNUE_TUNING/C54_ITERATIVE_OVERNIGHT_V1/GENERATIONS/GEN_0054/fixed_dev.txt
445174	2026-09-21T08:12:50.0424918000	/data/BASELINE_2026/NNUE_TUNING/C54_ITERATIVE_OVERNIGHT_V1/GENERATIONS/GEN_0054/metrics.log
200017	2026-09-21T08:12:49.9060861000	/data/BASELINE_2026/NNUE_TUNING/C54_ITERATIVE_OVERNIGHT_V1/GENERATIONS/GEN_0054/mining.log
1748992	2026-09-21T08:12:50.0424918000	/data/BASELINE_2026/NNUE_TUNING/C54_ITERATIVE_OVERNIGHT_V1/GENERATIONS/GEN_0054/mining.sqlite
21164	2026-09-21T08:13:26.0670083000	/data/BASELINE_2026/NNUE_TUNING/C54_ITERATIVE_OVERNIGHT_V1/GENERATIONS/GEN_0054/serialize_nnue.log
600	2026-09-21T08:13:15.1412997000	/data/BASELINE_2026/NNUE_TUNING/C54_ITERATIVE_OVERNIGHT_V1/GENERATIONS/GEN_0054/serialize_pt.log
2738	2026-09-21T08:13:05.1855995000	/data/BASELINE_2026/NNUE_TUNING/C54_ITERATIVE_OVERNIGHT_V1/GENERATIONS/GEN_0054/train.log
9	2026-09-21T08:21:17.1950443000	/data/BASELINE_2026/NNUE_TUNING/C54_ITERATIVE_OVERNIGHT_V1/GENERATIONS/GEN_0055/DONE
208176	2026-09-21T08:21:15.9853226000	/data/BASELINE_2026/NNUE_TUNING/C54_ITERATIVE_OVERNIGHT_V1/GENERATIONS/GEN_0055/MATCH/games.pgn
18726	2026-09-21T08:21:15.9913288000	/data/BASELINE_2026/NNUE_TUNING/C54_ITERATIVE_OVERNIGHT_V1/GENERATIONS/GEN_0055/MATCH/match.txt
146707	2026-09-21T08:14:39.0012318000	/data/BASELINE_2026/NNUE_TUNING/C54_ITERATIVE_OVERNIGHT_V1/GENERATIONS/GEN_0055/MINING_POOL.tsv
568	2026-09-21T08:21:17.1835212000	/data/BASELINE_2026/NNUE_TUNING/C54_ITERATIVE_OVERNIGHT_V1/GENERATIONS/GEN_0055/RESULT.json
683680	2026-09-21T08:19:29.1490465000	/data/BASELINE_2026/NNUE_TUNING/C54_ITERATIVE_OVERNIGHT_V1/GENERATIONS/GEN_0055/TARGETED_TRAIN.binpack
4153245	2026-09-21T08:19:29.0907574000	/data/BASELINE_2026/NNUE_TUNING/C54_ITERATIVE_OVERNIGHT_V1/GENERATIONS/GEN_0055/TARGETED_TRAIN.tsv
1857951552	2026-09-21T08:19:42.5882687000	/data/BASELINE_2026/NNUE_TUNING/C54_ITERATIVE_OVERNIGHT_V1/GENERATIONS/GEN_0055/TRAIN_RUN/lightning_logs/version_0/checkpoints/last.ckpt
386	2026-09-21T08:19:43.9685223000	/data/BASELINE_2026/NNUE_TUNING/C54_ITERATIVE_OVERNIGHT_V1/GENERATIONS/GEN_0055/TRAIN_RUN/lightning_logs/version_0/events.out.tfevents.1789978772.74700ca2d2bd.334684.0
228	2026-09-21T08:19:43.9791232000	/data/BASELINE_2026/NNUE_TUNING/C54_ITERATIVE_OVERNIGHT_V1/GENERATIONS/GEN_0055/TRAIN_RUN/lightning_logs/version_0/metrics.csv
0	2026-09-21T08:19:43.9881279000	/data/BASELINE_2026/NNUE_TUNING/C54_ITERATIVE_OVERNIGHT_V1/GENERATIONS/GEN_0055/TRAIN_RUN/training_finished
526	2026-09-21T08:19:29.1606646000	/data/BASELINE_2026/NNUE_TUNING/C54_ITERATIVE_OVERNIGHT_V1/GENERATIONS/GEN_0055/binpack.log
98961923	2026-09-21T08:20:04.8345540000	/data/BASELINE_2026/NNUE_TUNING/C54_ITERATIVE_OVERNIGHT_V1/GENERATIONS/GEN_0055/challenger.nnue
371605482	2026-09-21T08:19:53.9334965000	/data/BASELINE_2026/NNUE_TUNING/C54_ITERATIVE_OVERNIGHT_V1/GENERATIONS/GEN_0055/challenger.pt
1601	2026-09-21T08:20:09.9136439000	/data/BASELINE_2026/NNUE_TUNING/C54_ITERATIVE_OVERNIGHT_V1/GENERATIONS/GEN_0055/fixed_dev.txt
445266	2026-09-21T08:19:28.9196466000	/data/BASELINE_2026/NNUE_TUNING/C54_ITERATIVE_OVERNIGHT_V1/GENERATIONS/GEN_0055/metrics.log
200130	2026-09-21T08:19:28.7952014000	/data/BASELINE_2026/NNUE_TUNING/C54_ITERATIVE_OVERNIGHT_V1/GENERATIONS/GEN_0055/mining.log
1753088	2026-09-21T08:19:28.9196466000	/data/BASELINE_2026/NNUE_TUNING/C54_ITERATIVE_OVERNIGHT_V1/GENERATIONS/GEN_0055/mining.sqlite
21164	2026-09-21T08:20:04.8813639000	/data/BASELINE_2026/NNUE_TUNING/C54_ITERATIVE_OVERNIGHT_V1/GENERATIONS/GEN_0055/serialize_nnue.log
600	2026-09-21T08:19:53.9628030000	/data/BASELINE_2026/NNUE_TUNING/C54_ITERATIVE_OVERNIGHT_V1/GENERATIONS/GEN_0055/serialize_pt.log
2738	2026-09-21T08:19:43.9811318000	/data/BASELINE_2026/NNUE_TUNING/C54_ITERATIVE_OVERNIGHT_V1/GENERATIONS/GEN_0055/train.log
9	2026-09-21T08:27:58.1263938000	/data/BASELINE_2026/NNUE_TUNING/C54_ITERATIVE_OVERNIGHT_V1/GENERATIONS/GEN_0056/DONE
208371	2026-09-21T08:27:56.8716311000	/data/BASELINE_2026/NNUE_TUNING/C54_ITERATIVE_OVERNIGHT_V1/GENERATIONS/GEN_0056/MATCH/games.pgn
18842	2026-09-21T08:27:56.8821560000	/data/BASELINE_2026/NNUE_TUNING/C54_ITERATIVE_OVERNIGHT_V1/GENERATIONS/GEN_0056/MATCH/match.txt
146171	2026-09-21T08:21:20.4130166000	/data/BASELINE_2026/NNUE_TUNING/C54_ITERATIVE_OVERNIGHT_V1/GENERATIONS/GEN_0056/MINING_POOL.tsv
567	2026-09-21T08:27:58.0989344000	/data/BASELINE_2026/NNUE_TUNING/C54_ITERATIVE_OVERNIGHT_V1/GENERATIONS/GEN_0056/RESULT.json
669264	2026-09-21T08:26:09.7084092000	/data/BASELINE_2026/NNUE_TUNING/C54_ITERATIVE_OVERNIGHT_V1/GENERATIONS/GEN_0056/TARGETED_TRAIN.binpack
4069175	2026-09-21T08:26:09.6450377000	/data/BASELINE_2026/NNUE_TUNING/C54_ITERATIVE_OVERNIGHT_V1/GENERATIONS/GEN_0056/TARGETED_TRAIN.tsv
1857951552	2026-09-21T08:26:23.6376983000	/data/BASELINE_2026/NNUE_TUNING/C54_ITERATIVE_OVERNIGHT_V1/GENERATIONS/GEN_0056/TRAIN_RUN/lightning_logs/version_0/checkpoints/last.ckpt
386	2026-09-21T08:26:25.0273888000	/data/BASELINE_2026/NNUE_TUNING/C54_ITERATIVE_OVERNIGHT_V1/GENERATIONS/GEN_0056/TRAIN_RUN/lightning_logs/version_0/events.out.tfevents.1789979173.74700ca2d2bd.337571.0
226	2026-09-21T08:26:25.0359377000	/data/BASELINE_2026/NNUE_TUNING/C54_ITERATIVE_OVERNIGHT_V1/GENERATIONS/GEN_0056/TRAIN_RUN/lightning_logs/version_0/metrics.csv
0	2026-09-21T08:26:25.0450494000	/data/BASELINE_2026/NNUE_TUNING/C54_ITERATIVE_OVERNIGHT_V1/GENERATIONS/GEN_0056/TRAIN_RUN/training_finished
526	2026-09-21T08:26:09.7084092000	/data/BASELINE_2026/NNUE_TUNING/C54_ITERATIVE_OVERNIGHT_V1/GENERATIONS/GEN_0056/binpack.log
98961922	2026-09-21T08:26:45.9078668000	/data/BASELINE_2026/NNUE_TUNING/C54_ITERATIVE_OVERNIGHT_V1/GENERATIONS/GEN_0056/challenger.nnue
371605482	2026-09-21T08:26:35.0402097000	/data/BASELINE_2026/NNUE_TUNING/C54_ITERATIVE_OVERNIGHT_V1/GENERATIONS/GEN_0056/challenger.pt
1601	2026-09-21T08:26:51.0976035000	/data/BASELINE_2026/NNUE_TUNING/C54_ITERATIVE_OVERNIGHT_V1/GENERATIONS/GEN_0056/fixed_dev.txt
444272	2026-09-21T08:26:09.3676952000	/data/BASELINE_2026/NNUE_TUNING/C54_ITERATIVE_OVERNIGHT_V1/GENERATIONS/GEN_0056/metrics.log
199943	2026-09-21T08:26:09.2442795000	/data/BASELINE_2026/NNUE_TUNING/C54_ITERATIVE_OVERNIGHT_V1/GENERATIONS/GEN_0056/mining.log
1748992	2026-09-21T08:26:09.3676952000	/data/BASELINE_2026/NNUE_TUNING/C54_ITERATIVE_OVERNIGHT_V1/GENERATIONS/GEN_0056/mining.sqlite
21164	2026-09-21T08:26:45.9483343000	/data/BASELINE_2026/NNUE_TUNING/C54_ITERATIVE_OVERNIGHT_V1/GENERATIONS/GEN_0056/serialize_nnue.log
600	2026-09-21T08:26:35.0704519000	/data/BASELINE_2026/NNUE_TUNING/C54_ITERATIVE_OVERNIGHT_V1/GENERATIONS/GEN_0056/serialize_pt.log
2738	2026-09-21T08:26:25.0384881000	/data/BASELINE_2026/NNUE_TUNING/C54_ITERATIVE_OVERNIGHT_V1/GENERATIONS/GEN_0056/train.log
9	2026-09-21T08:34:33.7210364000	/data/BASELINE_2026/NNUE_TUNING/C54_ITERATIVE_OVERNIGHT_V1/GENERATIONS/GEN_0057/DONE
204925	2026-09-21T08:34:32.5537292000	/data/BASELINE_2026/NNUE_TUNING/C54_ITERATIVE_OVERNIGHT_V1/GENERATIONS/GEN_0057/MATCH/games.pgn
18758	2026-09-21T08:34:32.5603758000	/data/BASELINE_2026/NNUE_TUNING/C54_ITERATIVE_OVERNIGHT_V1/GENERATIONS/GEN_0057/MATCH/match.txt
146369	2026-09-21T08:28:01.3944922000	/data/BASELINE_2026/NNUE_TUNING/C54_ITERATIVE_OVERNIGHT_V1/GENERATIONS/GEN_0057/MINING_POOL.tsv
567	2026-09-21T08:34:33.7145783000	/data/BASELINE_2026/NNUE_TUNING/C54_ITERATIVE_OVERNIGHT_V1/GENERATIONS/GEN_0057/RESULT.json
698776	2026-09-21T08:32:48.0052223000	/data/BASELINE_2026/NNUE_TUNING/C54_ITERATIVE_OVERNIGHT_V1/GENERATIONS/GEN_0057/TARGETED_TRAIN.binpack
4261548	2026-09-21T08:32:47.9467382000	/data/BASELINE_2026/NNUE_TUNING/C54_ITERATIVE_OVERNIGHT_V1/GENERATIONS/GEN_0057/TARGETED_TRAIN.tsv
1857951552	2026-09-21T08:33:01.6079045000	/data/BASELINE_2026/NNUE_TUNING/C54_ITERATIVE_OVERNIGHT_V1/GENERATIONS/GEN_0057/TRAIN_RUN/lightning_logs/version_0/checkpoints/last.ckpt
386	2026-09-21T08:33:02.9752505000	/data/BASELINE_2026/NNUE_TUNING/C54_ITERATIVE_OVERNIGHT_V1/GENERATIONS/GEN_0057/TRAIN_RUN/lightning_logs/version_0/events.out.tfevents.1789979571.74700ca2d2bd.340434.0
226	2026-09-21T08:33:02.9858393000	/data/BASELINE_2026/NNUE_TUNING/C54_ITERATIVE_OVERNIGHT_V1/GENERATIONS/GEN_0057/TRAIN_RUN/lightning_logs/version_0/metrics.csv
0	2026-09-21T08:33:02.9948715000	/data/BASELINE_2026/NNUE_TUNING/C54_ITERATIVE_OVERNIGHT_V1/GENERATIONS/GEN_0057/TRAIN_RUN/training_finished
526	2026-09-21T08:32:48.0204022000	/data/BASELINE_2026/NNUE_TUNING/C54_ITERATIVE_OVERNIGHT_V1/GENERATIONS/GEN_0057/binpack.log
98961926	2026-09-21T08:33:24.0182305000	/data/BASELINE_2026/NNUE_TUNING/C54_ITERATIVE_OVERNIGHT_V1/GENERATIONS/GEN_0057/challenger.nnue
371605482	2026-09-21T08:33:12.8927389000	/data/BASELINE_2026/NNUE_TUNING/C54_ITERATIVE_OVERNIGHT_V1/GENERATIONS/GEN_0057/challenger.pt
1601	2026-09-21T08:33:29.2034216000	/data/BASELINE_2026/NNUE_TUNING/C54_ITERATIVE_OVERNIGHT_V1/GENERATIONS/GEN_0057/fixed_dev.txt
444893	2026-09-21T08:32:47.7805222000	/data/BASELINE_2026/NNUE_TUNING/C54_ITERATIVE_OVERNIGHT_V1/GENERATIONS/GEN_0057/metrics.log
199888	2026-09-21T08:32:47.6539431000	/data/BASELINE_2026/NNUE_TUNING/C54_ITERATIVE_OVERNIGHT_V1/GENERATIONS/GEN_0057/mining.log
1757184	2026-09-21T08:32:47.7805222000	/data/BASELINE_2026/NNUE_TUNING/C54_ITERATIVE_OVERNIGHT_V1/GENERATIONS/GEN_0057/mining.sqlite
21164	2026-09-21T08:33:24.0515015000	/data/BASELINE_2026/NNUE_TUNING/C54_ITERATIVE_OVERNIGHT_V1/GENERATIONS/GEN_0057/serialize_nnue.log
600	2026-09-21T08:33:12.9224171000	/data/BASELINE_2026/NNUE_TUNING/C54_ITERATIVE_OVERNIGHT_V1/GENERATIONS/GEN_0057/serialize_pt.log
2738	2026-09-21T08:33:02.9858393000	/data/BASELINE_2026/NNUE_TUNING/C54_ITERATIVE_OVERNIGHT_V1/GENERATIONS/GEN_0057/train.log
9	2026-09-21T08:41:16.6602022000	/data/BASELINE_2026/NNUE_TUNING/C54_ITERATIVE_OVERNIGHT_V1/GENERATIONS/GEN_0058/DONE
225494	2026-09-21T08:41:15.4144258000	/data/BASELINE_2026/NNUE_TUNING/C54_ITERATIVE_OVERNIGHT_V1/GENERATIONS/GEN_0058/MATCH/games.pgn
18772	2026-09-21T08:41:15.4209870000	/data/BASELINE_2026/NNUE_TUNING/C54_ITERATIVE_OVERNIGHT_V1/GENERATIONS/GEN_0058/MATCH/match.txt
145308	2026-09-21T08:34:37.1154552000	/data/BASELINE_2026/NNUE_TUNING/C54_ITERATIVE_OVERNIGHT_V1/GENERATIONS/GEN_0058/MINING_POOL.tsv
568	2026-09-21T08:41:16.6467075000	/data/BASELINE_2026/NNUE_TUNING/C54_ITERATIVE_OVERNIGHT_V1/GENERATIONS/GEN_0058/RESULT.json
672800	2026-09-21T08:39:25.4608854000	/data/BASELINE_2026/NNUE_TUNING/C54_ITERATIVE_OVERNIGHT_V1/GENERATIONS/GEN_0058/TARGETED_TRAIN.binpack
4051337	2026-09-21T08:39:25.3969484000	/data/BASELINE_2026/NNUE_TUNING/C54_ITERATIVE_OVERNIGHT_V1/GENERATIONS/GEN_0058/TARGETED_TRAIN.tsv
1857951552	2026-09-21T08:39:38.5697375000	/data/BASELINE_2026/NNUE_TUNING/C54_ITERATIVE_OVERNIGHT_V1/GENERATIONS/GEN_0058/TRAIN_RUN/lightning_logs/version_0/checkpoints/last.ckpt
386	2026-09-21T08:39:39.9472792000	/data/BASELINE_2026/NNUE_TUNING/C54_ITERATIVE_OVERNIGHT_V1/GENERATIONS/GEN_0058/TRAIN_RUN/lightning_logs/version_0/events.out.tfevents.1789979969.74700ca2d2bd.343297.0
227	2026-09-21T08:39:39.9578211000	/data/BASELINE_2026/NNUE_TUNING/C54_ITERATIVE_OVERNIGHT_V1/GENERATIONS/GEN_0058/TRAIN_RUN/lightning_logs/version_0/metrics.csv
0	2026-09-21T08:39:39.9671318000	/data/BASELINE_2026/NNUE_TUNING/C54_ITERATIVE_OVERNIGHT_V1/GENERATIONS/GEN_0058/TRAIN_RUN/training_finished
526	2026-09-21T08:39:25.4668577000	/data/BASELINE_2026/NNUE_TUNING/C54_ITERATIVE_OVERNIGHT_V1/GENERATIONS/GEN_0058/binpack.log
98961921	2026-09-21T08:40:00.7861000000	/data/BASELINE_2026/NNUE_TUNING/C54_ITERATIVE_OVERNIGHT_V1/GENERATIONS/GEN_0058/challenger.nnue
371605482	2026-09-21T08:39:49.9188656000	/data/BASELINE_2026/NNUE_TUNING/C54_ITERATIVE_OVERNIGHT_V1/GENERATIONS/GEN_0058/challenger.pt
1601	2026-09-21T08:40:05.8733762000	/data/BASELINE_2026/NNUE_TUNING/C54_ITERATIVE_OVERNIGHT_V1/GENERATIONS/GEN_0058/fixed_dev.txt
445238	2026-09-21T08:39:25.2458266000	/data/BASELINE_2026/NNUE_TUNING/C54_ITERATIVE_OVERNIGHT_V1/GENERATIONS/GEN_0058/metrics.log
200082	2026-09-21T08:39:25.0770054000	/data/BASELINE_2026/NNUE_TUNING/C54_ITERATIVE_OVERNIGHT_V1/GENERATIONS/GEN_0058/mining.log
1753088	2026-09-21T08:39:25.2426966000	/data/BASELINE_2026/NNUE_TUNING/C54_ITERATIVE_OVERNIGHT_V1/GENERATIONS/GEN_0058/mining.sqlite
21164	2026-09-21T08:40:00.8216747000	/data/BASELINE_2026/NNUE_TUNING/C54_ITERATIVE_OVERNIGHT_V1/GENERATIONS/GEN_0058/serialize_nnue.log
600	2026-09-21T08:39:49.9503775000	/data/BASELINE_2026/NNUE_TUNING/C54_ITERATIVE_OVERNIGHT_V1/GENERATIONS/GEN_0058/serialize_pt.log
2738	2026-09-21T08:39:39.9578211000	/data/BASELINE_2026/NNUE_TUNING/C54_ITERATIVE_OVERNIGHT_V1/GENERATIONS/GEN_0058/train.log
9	2026-09-21T08:48:02.9257498000	/data/BASELINE_2026/NNUE_TUNING/C54_ITERATIVE_OVERNIGHT_V1/GENERATIONS/GEN_0059/DONE
216406	2026-09-21T08:48:01.6936649000	/data/BASELINE_2026/NNUE_TUNING/C54_ITERATIVE_OVERNIGHT_V1/GENERATIONS/GEN_0059/MATCH/games.pgn
18781	2026-09-21T08:48:01.7019775000	/data/BASELINE_2026/NNUE_TUNING/C54_ITERATIVE_OVERNIGHT_V1/GENERATIONS/GEN_0059/MATCH/match.txt
145972	2026-09-21T08:41:19.8615694000	/data/BASELINE_2026/NNUE_TUNING/C54_ITERATIVE_OVERNIGHT_V1/GENERATIONS/GEN_0059/MINING_POOL.tsv
567	2026-09-21T08:48:02.9107899000	/data/BASELINE_2026/NNUE_TUNING/C54_ITERATIVE_OVERNIGHT_V1/GENERATIONS/GEN_0059/RESULT.json
684496	2026-09-21T08:46:09.2893969000	/data/BASELINE_2026/NNUE_TUNING/C54_ITERATIVE_OVERNIGHT_V1/GENERATIONS/GEN_0059/TARGETED_TRAIN.binpack
4132833	2026-09-21T08:46:09.2191170000	/data/BASELINE_2026/NNUE_TUNING/C54_ITERATIVE_OVERNIGHT_V1/GENERATIONS/GEN_0059/TARGETED_TRAIN.tsv
1857951552	2026-09-21T08:46:23.1027002000	/data/BASELINE_2026/NNUE_TUNING/C54_ITERATIVE_OVERNIGHT_V1/GENERATIONS/GEN_0059/TRAIN_RUN/lightning_logs/version_0/checkpoints/last.ckpt
386	2026-09-21T08:46:24.4526130000	/data/BASELINE_2026/NNUE_TUNING/C54_ITERATIVE_OVERNIGHT_V1/GENERATIONS/GEN_0059/TRAIN_RUN/lightning_logs/version_0/events.out.tfevents.1789980372.74700ca2d2bd.346190.0
223	2026-09-21T08:46:24.4616593000	/data/BASELINE_2026/NNUE_TUNING/C54_ITERATIVE_OVERNIGHT_V1/GENERATIONS/GEN_0059/TRAIN_RUN/lightning_logs/version_0/metrics.csv
0	2026-09-21T08:46:24.4719121000	/data/BASELINE_2026/NNUE_TUNING/C54_ITERATIVE_OVERNIGHT_V1/GENERATIONS/GEN_0059/TRAIN_RUN/training_finished
526	2026-09-21T08:46:09.2944151000	/data/BASELINE_2026/NNUE_TUNING/C54_ITERATIVE_OVERNIGHT_V1/GENERATIONS/GEN_0059/binpack.log
98961924	2026-09-21T08:46:45.7800367000	/data/BASELINE_2026/NNUE_TUNING/C54_ITERATIVE_OVERNIGHT_V1/GENERATIONS/GEN_0059/challenger.nnue
371605482	2026-09-21T08:46:34.7582012000	/data/BASELINE_2026/NNUE_TUNING/C54_ITERATIVE_OVERNIGHT_V1/GENERATIONS/GEN_0059/challenger.pt
1601	2026-09-21T08:46:51.0462521000	/data/BASELINE_2026/NNUE_TUNING/C54_ITERATIVE_OVERNIGHT_V1/GENERATIONS/GEN_0059/fixed_dev.txt
444238	2026-09-21T08:46:09.0551225000	/data/BASELINE_2026/NNUE_TUNING/C54_ITERATIVE_OVERNIGHT_V1/GENERATIONS/GEN_0059/metrics.log
199947	2026-09-21T08:46:08.9254565000	/data/BASELINE_2026/NNUE_TUNING/C54_ITERATIVE_OVERNIGHT_V1/GENERATIONS/GEN_0059/mining.log
1740800	2026-09-21T08:46:09.0551225000	/data/BASELINE_2026/NNUE_TUNING/C54_ITERATIVE_OVERNIGHT_V1/GENERATIONS/GEN_0059/mining.sqlite
21164	2026-09-21T08:46:45.8168935000	/data/BASELINE_2026/NNUE_TUNING/C54_ITERATIVE_OVERNIGHT_V1/GENERATIONS/GEN_0059/serialize_nnue.log
600	2026-09-21T08:46:34.7910407000	/data/BASELINE_2026/NNUE_TUNING/C54_ITERATIVE_OVERNIGHT_V1/GENERATIONS/GEN_0059/serialize_pt.log
2738	2026-09-21T08:46:24.4636660000	/data/BASELINE_2026/NNUE_TUNING/C54_ITERATIVE_OVERNIGHT_V1/GENERATIONS/GEN_0059/train.log
145069	2026-09-21T08:48:06.2931403000	/data/BASELINE_2026/NNUE_TUNING/C54_ITERATIVE_OVERNIGHT_V1/GENERATIONS/GEN_0060/MINING_POOL.tsv
199440	2026-09-21T08:52:54.2065165000	/data/BASELINE_2026/NNUE_TUNING/C54_ITERATIVE_OVERNIGHT_V1/GENERATIONS/GEN_0060/mining.log
1613824	2026-09-21T08:52:54.1429915000	/data/BASELINE_2026/NNUE_TUNING/C54_ITERATIVE_OVERNIGHT_V1/GENERATIONS/GEN_0060/mining.sqlite
145069	2026-09-21T08:55:55.7451281000	/data/BASELINE_2026/NNUE_TUNING/C54_ITERATIVE_OVERNIGHT_V1/GENERATIONS/GEN_0060_RETRY_20260921_085552/MINING_POOL.tsv
199484	2026-09-21T09:00:38.2846789000	/data/BASELINE_2026/NNUE_TUNING/C54_ITERATIVE_OVERNIGHT_V1/GENERATIONS/GEN_0060_RETRY_20260921_085552/mining.log
1613824	2026-09-21T09:00:38.2212681000	/data/BASELINE_2026/NNUE_TUNING/C54_ITERATIVE_OVERNIGHT_V1/GENERATIONS/GEN_0060_RETRY_20260921_085552/mining.sqlite
9	2026-09-21T09:08:47.9012985000	/data/BASELINE_2026/NNUE_TUNING/C54_ITERATIVE_OVERNIGHT_V1/GENERATIONS/GEN_0060_RETRY_20260921_090214/DONE
210309	2026-09-21T09:08:46.6808800000	/data/BASELINE_2026/NNUE_TUNING/C54_ITERATIVE_OVERNIGHT_V1/GENERATIONS/GEN_0060_RETRY_20260921_090214/MATCH/games.pgn
18773	2026-09-21T09:08:46.6900588000	/data/BASELINE_2026/NNUE_TUNING/C54_ITERATIVE_OVERNIGHT_V1/GENERATIONS/GEN_0060_RETRY_20260921_090214/MATCH/match.txt
145069	2026-09-21T09:02:17.4310990000	/data/BASELINE_2026/NNUE_TUNING/C54_ITERATIVE_OVERNIGHT_V1/GENERATIONS/GEN_0060_RETRY_20260921_090214/MINING_POOL.tsv
569	2026-09-21T09:08:47.8937391000	/data/BASELINE_2026/NNUE_TUNING/C54_ITERATIVE_OVERNIGHT_V1/GENERATIONS/GEN_0060_RETRY_20260921_090214/RESULT.json
702176	2026-09-21T09:06:59.3037859000	/data/BASELINE_2026/NNUE_TUNING/C54_ITERATIVE_OVERNIGHT_V1/GENERATIONS/GEN_0060_RETRY_20260921_090214/TARGETED_TRAIN.binpack
4220409	2026-09-21T09:06:59.2283504000	/data/BASELINE_2026/NNUE_TUNING/C54_ITERATIVE_OVERNIGHT_V1/GENERATIONS/GEN_0060_RETRY_20260921_090214/TARGETED_TRAIN.tsv
1857951552	2026-09-21T09:07:13.1611820000	/data/BASELINE_2026/NNUE_TUNING/C54_ITERATIVE_OVERNIGHT_V1/GENERATIONS/GEN_0060_RETRY_20260921_090214/TRAIN_RUN/lightning_logs/version_0/checkpoints/last.ckpt
386	2026-09-21T09:07:14.5556726000	/data/BASELINE_2026/NNUE_TUNING/C54_ITERATIVE_OVERNIGHT_V1/GENERATIONS/GEN_0060_RETRY_20260921_090214/TRAIN_RUN/lightning_logs/version_0/events.out.tfevents.1789981623.74700ca2d2bd.354102.0
226	2026-09-21T09:07:14.5672791000	/data/BASELINE_2026/NNUE_TUNING/C54_ITERATIVE_OVERNIGHT_V1/GENERATIONS/GEN_0060_RETRY_20260921_090214/TRAIN_RUN/lightning_logs/version_0/metrics.csv
0	2026-09-21T09:07:14.5698410000	/data/BASELINE_2026/NNUE_TUNING/C54_ITERATIVE_OVERNIGHT_V1/GENERATIONS/GEN_0060_RETRY_20260921_090214/TRAIN_RUN/training_finished
570	2026-09-21T09:06:59.3143814000	/data/BASELINE_2026/NNUE_TUNING/C54_ITERATIVE_OVERNIGHT_V1/GENERATIONS/GEN_0060_RETRY_20260921_090214/binpack.log
98961931	2026-09-21T09:07:35.5133504000	/data/BASELINE_2026/NNUE_TUNING/C54_ITERATIVE_OVERNIGHT_V1/GENERATIONS/GEN_0060_RETRY_20260921_090214/challenger.nnue
371605482	2026-09-21T09:07:24.4554587000	/data/BASELINE_2026/NNUE_TUNING/C54_ITERATIVE_OVERNIGHT_V1/GENERATIONS/GEN_0060_RETRY_20260921_090214/challenger.pt
1623	2026-09-21T09:07:40.7597582000	/data/BASELINE_2026/NNUE_TUNING/C54_ITERATIVE_OVERNIGHT_V1/GENERATIONS/GEN_0060_RETRY_20260921_090214/fixed_dev.txt
443724	2026-09-21T09:06:59.0604816000	/data/BASELINE_2026/NNUE_TUNING/C54_ITERATIVE_OVERNIGHT_V1/GENERATIONS/GEN_0060_RETRY_20260921_090214/metrics.log
199484	2026-09-21T09:06:58.8965640000	/data/BASELINE_2026/NNUE_TUNING/C54_ITERATIVE_OVERNIGHT_V1/GENERATIONS/GEN_0060_RETRY_20260921_090214/mining.log
1732608	2026-09-21T09:06:59.0604816000	/data/BASELINE_2026/NNUE_TUNING/C54_ITERATIVE_OVERNIGHT_V1/GENERATIONS/GEN_0060_RETRY_20260921_090214/mining.sqlite
21274	2026-09-21T09:07:35.5434924000	/data/BASELINE_2026/NNUE_TUNING/C54_ITERATIVE_OVERNIGHT_V1/GENERATIONS/GEN_0060_RETRY_20260921_090214/serialize_nnue.log
688	2026-09-21T09:07:24.4810643000	/data/BASELINE_2026/NNUE_TUNING/C54_ITERATIVE_OVERNIGHT_V1/GENERATIONS/GEN_0060_RETRY_20260921_090214/serialize_pt.log
2826	2026-09-21T09:07:14.5672791000	/data/BASELINE_2026/NNUE_TUNING/C54_ITERATIVE_OVERNIGHT_V1/GENERATIONS/GEN_0060_RETRY_20260921_090214/train.log
9	2026-09-21T09:15:31.0744347000	/data/BASELINE_2026/NNUE_TUNING/C54_ITERATIVE_OVERNIGHT_V1/GENERATIONS/GEN_0061/DONE
208071	2026-09-21T09:15:29.8712581000	/data/BASELINE_2026/NNUE_TUNING/C54_ITERATIVE_OVERNIGHT_V1/GENERATIONS/GEN_0061/MATCH/games.pgn
18775	2026-09-21T09:15:29.8768109000	/data/BASELINE_2026/NNUE_TUNING/C54_ITERATIVE_OVERNIGHT_V1/GENERATIONS/GEN_0061/MATCH/match.txt
146732	2026-09-21T09:08:51.2553035000	/data/BASELINE_2026/NNUE_TUNING/C54_ITERATIVE_OVERNIGHT_V1/GENERATIONS/GEN_0061/MINING_POOL.tsv
565	2026-09-21T09:15:31.0587161000	/data/BASELINE_2026/NNUE_TUNING/C54_ITERATIVE_OVERNIGHT_V1/GENERATIONS/GEN_0061/RESULT.json
700272	2026-09-21T09:13:44.2439046000	/data/BASELINE_2026/NNUE_TUNING/C54_ITERATIVE_OVERNIGHT_V1/GENERATIONS/GEN_0061/TARGETED_TRAIN.binpack
4286997	2026-09-21T09:13:44.1797833000	/data/BASELINE_2026/NNUE_TUNING/C54_ITERATIVE_OVERNIGHT_V1/GENERATIONS/GEN_0061/TARGETED_TRAIN.tsv
1857951552	2026-09-21T09:13:57.8199408000	/data/BASELINE_2026/NNUE_TUNING/C54_ITERATIVE_OVERNIGHT_V1/GENERATIONS/GEN_0061/TRAIN_RUN/lightning_logs/version_0/checkpoints/last.ckpt
386	2026-09-21T09:13:59.1945340000	/data/BASELINE_2026/NNUE_TUNING/C54_ITERATIVE_OVERNIGHT_V1/GENERATIONS/GEN_0061/TRAIN_RUN/lightning_logs/version_0/events.out.tfevents.1789982027.74700ca2d2bd.356997.0
226	2026-09-21T09:13:59.2029644000	/data/BASELINE_2026/NNUE_TUNING/C54_ITERATIVE_OVERNIGHT_V1/GENERATIONS/GEN_0061/TRAIN_RUN/lightning_logs/version_0/metrics.csv
0	2026-09-21T09:13:59.2109339000	/data/BASELINE_2026/NNUE_TUNING/C54_ITERATIVE_OVERNIGHT_V1/GENERATIONS/GEN_0061/TRAIN_RUN/training_finished
526	2026-09-21T09:13:44.2544187000	/data/BASELINE_2026/NNUE_TUNING/C54_ITERATIVE_OVERNIGHT_V1/GENERATIONS/GEN_0061/binpack.log
98961926	2026-09-21T09:14:20.2622117000	/data/BASELINE_2026/NNUE_TUNING/C54_ITERATIVE_OVERNIGHT_V1/GENERATIONS/GEN_0061/challenger.nnue
371605482	2026-09-21T09:14:09.0564312000	/data/BASELINE_2026/NNUE_TUNING/C54_ITERATIVE_OVERNIGHT_V1/GENERATIONS/GEN_0061/challenger.pt
1601	2026-09-21T09:14:25.3907530000	/data/BASELINE_2026/NNUE_TUNING/C54_ITERATIVE_OVERNIGHT_V1/GENERATIONS/GEN_0061/fixed_dev.txt
444717	2026-09-21T09:13:44.0158467000	/data/BASELINE_2026/NNUE_TUNING/C54_ITERATIVE_OVERNIGHT_V1/GENERATIONS/GEN_0061/metrics.log
200202	2026-09-21T09:13:43.8834704000	/data/BASELINE_2026/NNUE_TUNING/C54_ITERATIVE_OVERNIGHT_V1/GENERATIONS/GEN_0061/mining.log
1753088	2026-09-21T09:13:44.0158467000	/data/BASELINE_2026/NNUE_TUNING/C54_ITERATIVE_OVERNIGHT_V1/GENERATIONS/GEN_0061/mining.sqlite
21164	2026-09-21T09:14:20.3139614000	/data/BASELINE_2026/NNUE_TUNING/C54_ITERATIVE_OVERNIGHT_V1/GENERATIONS/GEN_0061/serialize_nnue.log
600	2026-09-21T09:14:09.0953091000	/data/BASELINE_2026/NNUE_TUNING/C54_ITERATIVE_OVERNIGHT_V1/GENERATIONS/GEN_0061/serialize_pt.log
2738	2026-09-21T09:13:59.2029644000	/data/BASELINE_2026/NNUE_TUNING/C54_ITERATIVE_OVERNIGHT_V1/GENERATIONS/GEN_0061/train.log
9	2026-09-21T09:22:11.7130366000	/data/BASELINE_2026/NNUE_TUNING/C54_ITERATIVE_OVERNIGHT_V1/GENERATIONS/GEN_0062/DONE
212375	2026-09-21T09:22:10.4880884000	/data/BASELINE_2026/NNUE_TUNING/C54_ITERATIVE_OVERNIGHT_V1/GENERATIONS/GEN_0062/MATCH/games.pgn
18740	2026-09-21T09:22:10.4961378000	/data/BASELINE_2026/NNUE_TUNING/C54_ITERATIVE_OVERNIGHT_V1/GENERATIONS/GEN_0062/MATCH/match.txt
145890	2026-09-21T09:15:34.3212198000	/data/BASELINE_2026/NNUE_TUNING/C54_ITERATIVE_OVERNIGHT_V1/GENERATIONS/GEN_0062/MINING_POOL.tsv
566	2026-09-21T09:22:11.7029239000	/data/BASELINE_2026/NNUE_TUNING/C54_ITERATIVE_OVERNIGHT_V1/GENERATIONS/GEN_0062/RESULT.json
689936	2026-09-21T09:20:23.6894477000	/data/BASELINE_2026/NNUE_TUNING/C54_ITERATIVE_OVERNIGHT_V1/GENERATIONS/GEN_0062/TARGETED_TRAIN.binpack
4202297	2026-09-21T09:20:23.6259626000	/data/BASELINE_2026/NNUE_TUNING/C54_ITERATIVE_OVERNIGHT_V1/GENERATIONS/GEN_0062/TARGETED_TRAIN.tsv
1857951552	2026-09-21T09:20:37.1189483000	/data/BASELINE_2026/NNUE_TUNING/C54_ITERATIVE_OVERNIGHT_V1/GENERATIONS/GEN_0062/TRAIN_RUN/lightning_logs/version_0/checkpoints/last.ckpt
386	2026-09-21T09:20:38.5331221000	/data/BASELINE_2026/NNUE_TUNING/C54_ITERATIVE_OVERNIGHT_V1/GENERATIONS/GEN_0062/TRAIN_RUN/lightning_logs/version_0/events.out.tfevents.1789982427.74700ca2d2bd.359864.0
226	2026-09-21T09:20:38.5412292000	/data/BASELINE_2026/NNUE_TUNING/C54_ITERATIVE_OVERNIGHT_V1/GENERATIONS/GEN_0062/TRAIN_RUN/lightning_logs/version_0/metrics.csv
0	2026-09-21T09:20:38.5544145000	/data/BASELINE_2026/NNUE_TUNING/C54_ITERATIVE_OVERNIGHT_V1/GENERATIONS/GEN_0062/TRAIN_RUN/training_finished
526	2026-09-21T09:20:23.6977935000	/data/BASELINE_2026/NNUE_TUNING/C54_ITERATIVE_OVERNIGHT_V1/GENERATIONS/GEN_0062/binpack.log
98961925	2026-09-21T09:20:59.7287593000	/data/BASELINE_2026/NNUE_TUNING/C54_ITERATIVE_OVERNIGHT_V1/GENERATIONS/GEN_0062/challenger.nnue
371605482	2026-09-21T09:20:48.6357338000	/data/BASELINE_2026/NNUE_TUNING/C54_ITERATIVE_OVERNIGHT_V1/GENERATIONS/GEN_0062/challenger.pt
1601	2026-09-21T09:21:04.9020996000	/data/BASELINE_2026/NNUE_TUNING/C54_ITERATIVE_OVERNIGHT_V1/GENERATIONS/GEN_0062/fixed_dev.txt
444311	2026-09-21T09:20:23.4132826000	/data/BASELINE_2026/NNUE_TUNING/C54_ITERATIVE_OVERNIGHT_V1/GENERATIONS/GEN_0062/metrics.log
199969	2026-09-21T09:20:23.2809474000	/data/BASELINE_2026/NNUE_TUNING/C54_ITERATIVE_OVERNIGHT_V1/GENERATIONS/GEN_0062/mining.log
1744896	2026-09-21T09:20:23.4132826000	/data/BASELINE_2026/NNUE_TUNING/C54_ITERATIVE_OVERNIGHT_V1/GENERATIONS/GEN_0062/mining.sqlite
21164	2026-09-21T09:20:59.7676419000	/data/BASELINE_2026/NNUE_TUNING/C54_ITERATIVE_OVERNIGHT_V1/GENERATIONS/GEN_0062/serialize_nnue.log
600	2026-09-21T09:20:48.6660230000	/data/BASELINE_2026/NNUE_TUNING/C54_ITERATIVE_OVERNIGHT_V1/GENERATIONS/GEN_0062/serialize_pt.log
2738	2026-09-21T09:20:38.5452388000	/data/BASELINE_2026/NNUE_TUNING/C54_ITERATIVE_OVERNIGHT_V1/GENERATIONS/GEN_0062/train.log
9	2026-09-21T09:28:52.1276434000	/data/BASELINE_2026/NNUE_TUNING/C54_ITERATIVE_OVERNIGHT_V1/GENERATIONS/GEN_0063/DONE
209047	2026-09-21T09:28:50.9468632000	/data/BASELINE_2026/NNUE_TUNING/C54_ITERATIVE_OVERNIGHT_V1/GENERATIONS/GEN_0063/MATCH/games.pgn
18779	2026-09-21T09:28:50.9562673000	/data/BASELINE_2026/NNUE_TUNING/C54_ITERATIVE_OVERNIGHT_V1/GENERATIONS/GEN_0063/MATCH/match.txt
146958	2026-09-21T09:22:14.9649540000	/data/BASELINE_2026/NNUE_TUNING/C54_ITERATIVE_OVERNIGHT_V1/GENERATIONS/GEN_0063/MINING_POOL.tsv
567	2026-09-21T09:28:52.1167162000	/data/BASELINE_2026/NNUE_TUNING/C54_ITERATIVE_OVERNIGHT_V1/GENERATIONS/GEN_0063/RESULT.json
677832	2026-09-21T09:27:03.1560404000	/data/BASELINE_2026/NNUE_TUNING/C54_ITERATIVE_OVERNIGHT_V1/GENERATIONS/GEN_0063/TARGETED_TRAIN.binpack
4132279	2026-09-21T09:27:03.0830540000	/data/BASELINE_2026/NNUE_TUNING/C54_ITERATIVE_OVERNIGHT_V1/GENERATIONS/GEN_0063/TARGETED_TRAIN.tsv
1857951552	2026-09-21T09:27:16.9968706000	/data/BASELINE_2026/NNUE_TUNING/C54_ITERATIVE_OVERNIGHT_V1/GENERATIONS/GEN_0063/TRAIN_RUN/lightning_logs/version_0/checkpoints/last.ckpt
386	2026-09-21T09:27:18.3748674000	/data/BASELINE_2026/NNUE_TUNING/C54_ITERATIVE_OVERNIGHT_V1/GENERATIONS/GEN_0063/TRAIN_RUN/lightning_logs/version_0/events.out.tfevents.1789982826.74700ca2d2bd.362729.0
227	2026-09-21T09:27:18.3884478000	/data/BASELINE_2026/NNUE_TUNING/C54_ITERATIVE_OVERNIGHT_V1/GENERATIONS/GEN_0063/TRAIN_RUN/lightning_logs/version_0/metrics.csv
0	2026-09-21T09:27:18.3975241000	/data/BASELINE_2026/NNUE_TUNING/C54_ITERATIVE_OVERNIGHT_V1/GENERATIONS/GEN_0063/TRAIN_RUN/training_finished
526	2026-09-21T09:27:03.1656204000	/data/BASELINE_2026/NNUE_TUNING/C54_ITERATIVE_OVERNIGHT_V1/GENERATIONS/GEN_0063/binpack.log
98961935	2026-09-21T09:27:39.6260606000	/data/BASELINE_2026/NNUE_TUNING/C54_ITERATIVE_OVERNIGHT_V1/GENERATIONS/GEN_0063/challenger.nnue
371605482	2026-09-21T09:27:28.4835703000	/data/BASELINE_2026/NNUE_TUNING/C54_ITERATIVE_OVERNIGHT_V1/GENERATIONS/GEN_0063/challenger.pt
1601	2026-09-21T09:27:44.8305949000	/data/BASELINE_2026/NNUE_TUNING/C54_ITERATIVE_OVERNIGHT_V1/GENERATIONS/GEN_0063/fixed_dev.txt
443441	2026-09-21T09:27:02.9198422000	/data/BASELINE_2026/NNUE_TUNING/C54_ITERATIVE_OVERNIGHT_V1/GENERATIONS/GEN_0063/metrics.log
200088	2026-09-21T09:27:02.7887826000	/data/BASELINE_2026/NNUE_TUNING/C54_ITERATIVE_OVERNIGHT_V1/GENERATIONS/GEN_0063/mining.log
1740800	2026-09-21T09:27:02.9198422000	/data/BASELINE_2026/NNUE_TUNING/C54_ITERATIVE_OVERNIGHT_V1/GENERATIONS/GEN_0063/mining.sqlite
21164	2026-09-21T09:27:39.6736902000	/data/BASELINE_2026/NNUE_TUNING/C54_ITERATIVE_OVERNIGHT_V1/GENERATIONS/GEN_0063/serialize_nnue.log
600	2026-09-21T09:27:28.5180520000	/data/BASELINE_2026/NNUE_TUNING/C54_ITERATIVE_OVERNIGHT_V1/GENERATIONS/GEN_0063/serialize_pt.log
2738	2026-09-21T09:27:18.3889947000	/data/BASELINE_2026/NNUE_TUNING/C54_ITERATIVE_OVERNIGHT_V1/GENERATIONS/GEN_0063/train.log
9	2026-09-21T09:35:34.1029447000	/data/BASELINE_2026/NNUE_TUNING/C54_ITERATIVE_OVERNIGHT_V1/GENERATIONS/GEN_0064/DONE
211666	2026-09-21T09:35:32.9317586000	/data/BASELINE_2026/NNUE_TUNING/C54_ITERATIVE_OVERNIGHT_V1/GENERATIONS/GEN_0064/MATCH/games.pgn
18799	2026-09-21T09:35:32.9378633000	/data/BASELINE_2026/NNUE_TUNING/C54_ITERATIVE_OVERNIGHT_V1/GENERATIONS/GEN_0064/MATCH/match.txt
145034	2026-09-21T09:28:55.3991127000	/data/BASELINE_2026/NNUE_TUNING/C54_ITERATIVE_OVERNIGHT_V1/GENERATIONS/GEN_0064/MINING_POOL.tsv
568	2026-09-21T09:35:34.0954035000	/data/BASELINE_2026/NNUE_TUNING/C54_ITERATIVE_OVERNIGHT_V1/GENERATIONS/GEN_0064/RESULT.json
690344	2026-09-21T09:33:44.2313484000	/data/BASELINE_2026/NNUE_TUNING/C54_ITERATIVE_OVERNIGHT_V1/GENERATIONS/GEN_0064/TARGETED_TRAIN.binpack
4166904	2026-09-21T09:33:44.1585492000	/data/BASELINE_2026/NNUE_TUNING/C54_ITERATIVE_OVERNIGHT_V1/GENERATIONS/GEN_0064/TARGETED_TRAIN.tsv
1857951552	2026-09-21T09:33:57.6435374000	/data/BASELINE_2026/NNUE_TUNING/C54_ITERATIVE_OVERNIGHT_V1/GENERATIONS/GEN_0064/TRAIN_RUN/lightning_logs/version_0/checkpoints/last.ckpt
386	2026-09-21T09:33:59.0652304000	/data/BASELINE_2026/NNUE_TUNING/C54_ITERATIVE_OVERNIGHT_V1/GENERATIONS/GEN_0064/TRAIN_RUN/lightning_logs/version_0/events.out.tfevents.1789983227.74700ca2d2bd.365616.0
227	2026-09-21T09:33:59.0763148000	/data/BASELINE_2026/NNUE_TUNING/C54_ITERATIVE_OVERNIGHT_V1/GENERATIONS/GEN_0064/TRAIN_RUN/lightning_logs/version_0/metrics.csv
0	2026-09-21T09:33:59.0879732000	/data/BASELINE_2026/NNUE_TUNING/C54_ITERATIVE_OVERNIGHT_V1/GENERATIONS/GEN_0064/TRAIN_RUN/training_finished
526	2026-09-21T09:33:44.2313484000	/data/BASELINE_2026/NNUE_TUNING/C54_ITERATIVE_OVERNIGHT_V1/GENERATIONS/GEN_0064/binpack.log
98961926	2026-09-21T09:34:20.0462497000	/data/BASELINE_2026/NNUE_TUNING/C54_ITERATIVE_OVERNIGHT_V1/GENERATIONS/GEN_0064/challenger.nnue
371605482	2026-09-21T09:34:09.0998224000	/data/BASELINE_2026/NNUE_TUNING/C54_ITERATIVE_OVERNIGHT_V1/GENERATIONS/GEN_0064/challenger.pt
1601	2026-09-21T09:34:25.2555226000	/data/BASELINE_2026/NNUE_TUNING/C54_ITERATIVE_OVERNIGHT_V1/GENERATIONS/GEN_0064/fixed_dev.txt
445313	2026-09-21T09:33:43.9854381000	/data/BASELINE_2026/NNUE_TUNING/C54_ITERATIVE_OVERNIGHT_V1/GENERATIONS/GEN_0064/metrics.log
199806	2026-09-21T09:33:43.8552111000	/data/BASELINE_2026/NNUE_TUNING/C54_ITERATIVE_OVERNIGHT_V1/GENERATIONS/GEN_0064/mining.log
1761280	2026-09-21T09:33:43.9829320000	/data/BASELINE_2026/NNUE_TUNING/C54_ITERATIVE_OVERNIGHT_V1/GENERATIONS/GEN_0064/mining.sqlite
21164	2026-09-21T09:34:20.0869782000	/data/BASELINE_2026/NNUE_TUNING/C54_ITERATIVE_OVERNIGHT_V1/GENERATIONS/GEN_0064/serialize_nnue.log
600	2026-09-21T09:34:09.1311940000	/data/BASELINE_2026/NNUE_TUNING/C54_ITERATIVE_OVERNIGHT_V1/GENERATIONS/GEN_0064/serialize_pt.log
2738	2026-09-21T09:33:59.0788206000	/data/BASELINE_2026/NNUE_TUNING/C54_ITERATIVE_OVERNIGHT_V1/GENERATIONS/GEN_0064/train.log
9	2026-09-21T09:42:14.9077963000	/data/BASELINE_2026/NNUE_TUNING/C54_ITERATIVE_OVERNIGHT_V1/GENERATIONS/GEN_0065/DONE
210843	2026-09-21T09:42:13.7496651000	/data/BASELINE_2026/NNUE_TUNING/C54_ITERATIVE_OVERNIGHT_V1/GENERATIONS/GEN_0065/MATCH/games.pgn
18718	2026-09-21T09:42:13.7496651000	/data/BASELINE_2026/NNUE_TUNING/C54_ITERATIVE_OVERNIGHT_V1/GENERATIONS/GEN_0065/MATCH/match.txt
145349	2026-09-21T09:35:37.3895105000	/data/BASELINE_2026/NNUE_TUNING/C54_ITERATIVE_OVERNIGHT_V1/GENERATIONS/GEN_0065/MINING_POOL.tsv
568	2026-09-21T09:42:14.8958674000	/data/BASELINE_2026/NNUE_TUNING/C54_ITERATIVE_OVERNIGHT_V1/GENERATIONS/GEN_0065/RESULT.json
696464	2026-09-21T09:40:27.0482947000	/data/BASELINE_2026/NNUE_TUNING/C54_ITERATIVE_OVERNIGHT_V1/GENERATIONS/GEN_0065/TARGETED_TRAIN.binpack
4216532	2026-09-21T09:40:26.9878436000	/data/BASELINE_2026/NNUE_TUNING/C54_ITERATIVE_OVERNIGHT_V1/GENERATIONS/GEN_0065/TARGETED_TRAIN.tsv
1857951552	2026-09-21T09:40:40.7817193000	/data/BASELINE_2026/NNUE_TUNING/C54_ITERATIVE_OVERNIGHT_V1/GENERATIONS/GEN_0065/TRAIN_RUN/lightning_logs/version_0/checkpoints/last.ckpt
386	2026-09-21T09:40:42.2014782000	/data/BASELINE_2026/NNUE_TUNING/C54_ITERATIVE_OVERNIGHT_V1/GENERATIONS/GEN_0065/TRAIN_RUN/lightning_logs/version_0/events.out.tfevents.1789983630.74700ca2d2bd.368507.0
227	2026-09-21T09:40:42.2116491000	/data/BASELINE_2026/NNUE_TUNING/C54_ITERATIVE_OVERNIGHT_V1/GENERATIONS/GEN_0065/TRAIN_RUN/lightning_logs/version_0/metrics.csv
0	2026-09-21T09:40:42.2241788000	/data/BASELINE_2026/NNUE_TUNING/C54_ITERATIVE_OVERNIGHT_V1/GENERATIONS/GEN_0065/TRAIN_RUN/training_finished
526	2026-09-21T09:40:27.0482947000	/data/BASELINE_2026/NNUE_TUNING/C54_ITERATIVE_OVERNIGHT_V1/GENERATIONS/GEN_0065/binpack.log
98961924	2026-09-21T09:41:03.1147691000	/data/BASELINE_2026/NNUE_TUNING/C54_ITERATIVE_OVERNIGHT_V1/GENERATIONS/GEN_0065/challenger.nnue
371605482	2026-09-21T09:40:52.1344184000	/data/BASELINE_2026/NNUE_TUNING/C54_ITERATIVE_OVERNIGHT_V1/GENERATIONS/GEN_0065/challenger.pt
1601	2026-09-21T09:41:08.2653070000	/data/BASELINE_2026/NNUE_TUNING/C54_ITERATIVE_OVERNIGHT_V1/GENERATIONS/GEN_0065/fixed_dev.txt
445121	2026-09-21T09:40:26.8264662000	/data/BASELINE_2026/NNUE_TUNING/C54_ITERATIVE_OVERNIGHT_V1/GENERATIONS/GEN_0065/metrics.log
200016	2026-09-21T09:40:26.6984531000	/data/BASELINE_2026/NNUE_TUNING/C54_ITERATIVE_OVERNIGHT_V1/GENERATIONS/GEN_0065/mining.log
1757184	2026-09-21T09:40:26.8184142000	/data/BASELINE_2026/NNUE_TUNING/C54_ITERATIVE_OVERNIGHT_V1/GENERATIONS/GEN_0065/mining.sqlite
21164	2026-09-21T09:41:03.1547505000	/data/BASELINE_2026/NNUE_TUNING/C54_ITERATIVE_OVERNIGHT_V1/GENERATIONS/GEN_0065/serialize_nnue.log
600	2026-09-21T09:40:52.1545442000	/data/BASELINE_2026/NNUE_TUNING/C54_ITERATIVE_OVERNIGHT_V1/GENERATIONS/GEN_0065/serialize_pt.log
2738	2026-09-21T09:40:42.2116491000	/data/BASELINE_2026/NNUE_TUNING/C54_ITERATIVE_OVERNIGHT_V1/GENERATIONS/GEN_0065/train.log
147069	2026-09-21T09:42:18.2358056000	/data/BASELINE_2026/NNUE_TUNING/C54_ITERATIVE_OVERNIGHT_V1/GENERATIONS/GEN_0066/MINING_POOL.tsv
680688	2026-09-21T09:47:09.6267736000	/data/BASELINE_2026/NNUE_TUNING/C54_ITERATIVE_OVERNIGHT_V1/GENERATIONS/GEN_0066/TARGETED_TRAIN.binpack
4153293	2026-09-21T09:47:09.5634928000	/data/BASELINE_2026/NNUE_TUNING/C54_ITERATIVE_OVERNIGHT_V1/GENERATIONS/GEN_0066/TARGETED_TRAIN.tsv
1857951552	2026-09-21T09:47:23.5977349000	/data/BASELINE_2026/NNUE_TUNING/C54_ITERATIVE_OVERNIGHT_V1/GENERATIONS/GEN_0066/TRAIN_RUN/lightning_logs/version_0/checkpoints/last.ckpt
386	2026-09-21T09:47:25.0185741000	/data/BASELINE_2026/NNUE_TUNING/C54_ITERATIVE_OVERNIGHT_V1/GENERATIONS/GEN_0066/TRAIN_RUN/lightning_logs/version_0/events.out.tfevents.1789984033.74700ca2d2bd.371398.0
228	2026-09-21T09:47:25.0304708000	/data/BASELINE_2026/NNUE_TUNING/C54_ITERATIVE_OVERNIGHT_V1/GENERATIONS/GEN_0066/TRAIN_RUN/lightning_logs/version_0/metrics.csv
0	2026-09-21T09:47:25.0363508000	/data/BASELINE_2026/NNUE_TUNING/C54_ITERATIVE_OVERNIGHT_V1/GENERATIONS/GEN_0066/TRAIN_RUN/training_finished
526	2026-09-21T09:47:09.6419667000	/data/BASELINE_2026/NNUE_TUNING/C54_ITERATIVE_OVERNIGHT_V1/GENERATIONS/GEN_0066/binpack.log
98961926	2026-09-21T09:47:45.9274716000	/data/BASELINE_2026/NNUE_TUNING/C54_ITERATIVE_OVERNIGHT_V1/GENERATIONS/GEN_0066/challenger.nnue
371605482	2026-09-21T09:47:35.0788704000	/data/BASELINE_2026/NNUE_TUNING/C54_ITERATIVE_OVERNIGHT_V1/GENERATIONS/GEN_0066/challenger.pt
686	2026-09-21T09:49:16.7351042000	/data/BASELINE_2026/NNUE_TUNING/C54_ITERATIVE_OVERNIGHT_V1/GENERATIONS/GEN_0066/fixed_dev.txt
444246	2026-09-21T09:47:09.3941696000	/data/BASELINE_2026/NNUE_TUNING/C54_ITERATIVE_OVERNIGHT_V1/GENERATIONS/GEN_0066/metrics.log
200352	2026-09-21T09:47:09.2646355000	/data/BASELINE_2026/NNUE_TUNING/C54_ITERATIVE_OVERNIGHT_V1/GENERATIONS/GEN_0066/mining.log
1757184	2026-09-21T09:47:09.3899628000	/data/BASELINE_2026/NNUE_TUNING/C54_ITERATIVE_OVERNIGHT_V1/GENERATIONS/GEN_0066/mining.sqlite
21164	2026-09-21T09:47:45.9650310000	/data/BASELINE_2026/NNUE_TUNING/C54_ITERATIVE_OVERNIGHT_V1/GENERATIONS/GEN_0066/serialize_nnue.log
600	2026-09-21T09:47:35.1149219000	/data/BASELINE_2026/NNUE_TUNING/C54_ITERATIVE_OVERNIGHT_V1/GENERATIONS/GEN_0066/serialize_pt.log
2738	2026-09-21T09:47:25.0310194000	/data/BASELINE_2026/NNUE_TUNING/C54_ITERATIVE_OVERNIGHT_V1/GENERATIONS/GEN_0066/train.log
9	2026-09-21T10:26:29.3130092000	/data/BASELINE_2026/NNUE_TUNING/C54_ITERATIVE_OVERNIGHT_V1/GENERATIONS/GEN_0066_RETRY_20260921_101946/DONE
201829	2026-09-21T10:26:28.0457354000	/data/BASELINE_2026/NNUE_TUNING/C54_ITERATIVE_OVERNIGHT_V1/GENERATIONS/GEN_0066_RETRY_20260921_101946/MATCH/games.pgn
18791	2026-09-21T10:26:28.0520672000	/data/BASELINE_2026/NNUE_TUNING/C54_ITERATIVE_OVERNIGHT_V1/GENERATIONS/GEN_0066_RETRY_20260921_101946/MATCH/match.txt
147069	2026-09-21T10:19:49.3478802000	/data/BASELINE_2026/NNUE_TUNING/C54_ITERATIVE_OVERNIGHT_V1/GENERATIONS/GEN_0066_RETRY_20260921_101946/MINING_POOL.tsv
568	2026-09-21T10:26:29.2966069000	/data/BASELINE_2026/NNUE_TUNING/C54_ITERATIVE_OVERNIGHT_V1/GENERATIONS/GEN_0066_RETRY_20260921_101946/RESULT.json
680688	2026-09-21T10:24:40.9779465000	/data/BASELINE_2026/NNUE_TUNING/C54_ITERATIVE_OVERNIGHT_V1/GENERATIONS/GEN_0066_RETRY_20260921_101946/TARGETED_TRAIN.binpack
4153293	2026-09-21T10:24:40.9078045000	/data/BASELINE_2026/NNUE_TUNING/C54_ITERATIVE_OVERNIGHT_V1/GENERATIONS/GEN_0066_RETRY_20260921_101946/TARGETED_TRAIN.tsv
1857951552	2026-09-21T10:24:56.5393133000	/data/BASELINE_2026/NNUE_TUNING/C54_ITERATIVE_OVERNIGHT_V1/GENERATIONS/GEN_0066_RETRY_20260921_101946/TRAIN_RUN/lightning_logs/version_0/checkpoints/last.ckpt
386	2026-09-21T10:24:57.9260798000	/data/BASELINE_2026/NNUE_TUNING/C54_ITERATIVE_OVERNIGHT_V1/GENERATIONS/GEN_0066_RETRY_20260921_101946/TRAIN_RUN/lightning_logs/version_0/events.out.tfevents.1789986285.74700ca2d2bd.385052.0
228	2026-09-21T10:24:57.9336286000	/data/BASELINE_2026/NNUE_TUNING/C54_ITERATIVE_OVERNIGHT_V1/GENERATIONS/GEN_0066_RETRY_20260921_101946/TRAIN_RUN/lightning_logs/version_0/metrics.csv
0	2026-09-21T10:24:57.9441097000	/data/BASELINE_2026/NNUE_TUNING/C54_ITERATIVE_OVERNIGHT_V1/GENERATIONS/GEN_0066_RETRY_20260921_101946/TRAIN_RUN/training_finished
570	2026-09-21T10:24:40.9867855000	/data/BASELINE_2026/NNUE_TUNING/C54_ITERATIVE_OVERNIGHT_V1/GENERATIONS/GEN_0066_RETRY_20260921_101946/binpack.log
98961926	2026-09-21T10:25:19.4407177000	/data/BASELINE_2026/NNUE_TUNING/C54_ITERATIVE_OVERNIGHT_V1/GENERATIONS/GEN_0066_RETRY_20260921_101946/challenger.nnue
371605482	2026-09-21T10:25:08.4078408000	/data/BASELINE_2026/NNUE_TUNING/C54_ITERATIVE_OVERNIGHT_V1/GENERATIONS/GEN_0066_RETRY_20260921_101946/challenger.pt
1623	2026-09-21T10:25:24.9815203000	/data/BASELINE_2026/NNUE_TUNING/C54_ITERATIVE_OVERNIGHT_V1/GENERATIONS/GEN_0066_RETRY_20260921_101946/fixed_dev.attempt_1.txt
1623	2026-09-21T10:25:24.9942894000	/data/BASELINE_2026/NNUE_TUNING/C54_ITERATIVE_OVERNIGHT_V1/GENERATIONS/GEN_0066_RETRY_20260921_101946/fixed_dev.txt
444268	2026-09-21T10:24:40.7114191000	/data/BASELINE_2026/NNUE_TUNING/C54_ITERATIVE_OVERNIGHT_V1/GENERATIONS/GEN_0066_RETRY_20260921_101946/metrics.log
200396	2026-09-21T10:24:40.5859619000	/data/BASELINE_2026/NNUE_TUNING/C54_ITERATIVE_OVERNIGHT_V1/GENERATIONS/GEN_0066_RETRY_20260921_101946/mining.log
1757184	2026-09-21T10:24:40.7076453000	/data/BASELINE_2026/NNUE_TUNING/C54_ITERATIVE_OVERNIGHT_V1/GENERATIONS/GEN_0066_RETRY_20260921_101946/mining.sqlite
21274	2026-09-21T10:25:19.4744447000	/data/BASELINE_2026/NNUE_TUNING/C54_ITERATIVE_OVERNIGHT_V1/GENERATIONS/GEN_0066_RETRY_20260921_101946/serialize_nnue.log
688	2026-09-21T10:25:08.4469946000	/data/BASELINE_2026/NNUE_TUNING/C54_ITERATIVE_OVERNIGHT_V1/GENERATIONS/GEN_0066_RETRY_20260921_101946/serialize_pt.log
2826	2026-09-21T10:24:57.9356375000	/data/BASELINE_2026/NNUE_TUNING/C54_ITERATIVE_OVERNIGHT_V1/GENERATIONS/GEN_0066_RETRY_20260921_101946/train.log
9	2026-09-21T10:33:08.2114513000	/data/BASELINE_2026/NNUE_TUNING/C54_ITERATIVE_OVERNIGHT_V1/GENERATIONS/GEN_0067/DONE
204920	2026-09-21T10:33:07.0470783000	/data/BASELINE_2026/NNUE_TUNING/C54_ITERATIVE_OVERNIGHT_V1/GENERATIONS/GEN_0067/MATCH/games.pgn
18753	2026-09-21T10:33:07.0533143000	/data/BASELINE_2026/NNUE_TUNING/C54_ITERATIVE_OVERNIGHT_V1/GENERATIONS/GEN_0067/MATCH/match.txt
144924	2026-09-21T10:26:32.6242227000	/data/BASELINE_2026/NNUE_TUNING/C54_ITERATIVE_OVERNIGHT_V1/GENERATIONS/GEN_0067/MINING_POOL.tsv
566	2026-09-21T10:33:08.1936470000	/data/BASELINE_2026/NNUE_TUNING/C54_ITERATIVE_OVERNIGHT_V1/GENERATIONS/GEN_0067/RESULT.json
676064	2026-09-21T10:31:21.8824637000	/data/BASELINE_2026/NNUE_TUNING/C54_ITERATIVE_OVERNIGHT_V1/GENERATIONS/GEN_0067/TARGETED_TRAIN.binpack
4069323	2026-09-21T10:31:21.8118448000	/data/BASELINE_2026/NNUE_TUNING/C54_ITERATIVE_OVERNIGHT_V1/GENERATIONS/GEN_0067/TARGETED_TRAIN.tsv
1857951552	2026-09-21T10:31:35.2975488000	/data/BASELINE_2026/NNUE_TUNING/C54_ITERATIVE_OVERNIGHT_V1/GENERATIONS/GEN_0067/TRAIN_RUN/lightning_logs/version_0/checkpoints/last.ckpt
386	2026-09-21T10:31:36.6696719000	/data/BASELINE_2026/NNUE_TUNING/C54_ITERATIVE_OVERNIGHT_V1/GENERATIONS/GEN_0067/TRAIN_RUN/lightning_logs/version_0/events.out.tfevents.1789986685.74700ca2d2bd.387928.0
227	2026-09-21T10:31:36.6797675000	/data/BASELINE_2026/NNUE_TUNING/C54_ITERATIVE_OVERNIGHT_V1/GENERATIONS/GEN_0067/TRAIN_RUN/lightning_logs/version_0/metrics.csv
0	2026-09-21T10:31:36.6903334000	/data/BASELINE_2026/NNUE_TUNING/C54_ITERATIVE_OVERNIGHT_V1/GENERATIONS/GEN_0067/TRAIN_RUN/training_finished
526	2026-09-21T10:31:21.8915293000	/data/BASELINE_2026/NNUE_TUNING/C54_ITERATIVE_OVERNIGHT_V1/GENERATIONS/GEN_0067/binpack.log
98961923	2026-09-21T10:31:57.7108538000	/data/BASELINE_2026/NNUE_TUNING/C54_ITERATIVE_OVERNIGHT_V1/GENERATIONS/GEN_0067/challenger.nnue
371605482	2026-09-21T10:31:46.6763570000	/data/BASELINE_2026/NNUE_TUNING/C54_ITERATIVE_OVERNIGHT_V1/GENERATIONS/GEN_0067/challenger.pt
1601	2026-09-21T10:32:02.8476607000	/data/BASELINE_2026/NNUE_TUNING/C54_ITERATIVE_OVERNIGHT_V1/GENERATIONS/GEN_0067/fixed_dev.attempt_1.txt
1601	2026-09-21T10:32:02.8538687000	/data/BASELINE_2026/NNUE_TUNING/C54_ITERATIVE_OVERNIGHT_V1/GENERATIONS/GEN_0067/fixed_dev.txt
444126	2026-09-21T10:31:21.6585965000	/data/BASELINE_2026/NNUE_TUNING/C54_ITERATIVE_OVERNIGHT_V1/GENERATIONS/GEN_0067/metrics.log
199994	2026-09-21T10:31:21.5277145000	/data/BASELINE_2026/NNUE_TUNING/C54_ITERATIVE_OVERNIGHT_V1/GENERATIONS/GEN_0067/mining.log
1744896	2026-09-21T10:31:21.6558791000	/data/BASELINE_2026/NNUE_TUNING/C54_ITERATIVE_OVERNIGHT_V1/GENERATIONS/GEN_0067/mining.sqlite
21164	2026-09-21T10:31:57.7529800000	/data/BASELINE_2026/NNUE_TUNING/C54_ITERATIVE_OVERNIGHT_V1/GENERATIONS/GEN_0067/serialize_nnue.log
600	2026-09-21T10:31:46.7095080000	/data/BASELINE_2026/NNUE_TUNING/C54_ITERATIVE_OVERNIGHT_V1/GENERATIONS/GEN_0067/serialize_pt.log
2738	2026-09-21T10:31:36.6807744000	/data/BASELINE_2026/NNUE_TUNING/C54_ITERATIVE_OVERNIGHT_V1/GENERATIONS/GEN_0067/train.log
9	2026-09-21T10:39:49.1742382000	/data/BASELINE_2026/NNUE_TUNING/C54_ITERATIVE_OVERNIGHT_V1/GENERATIONS/GEN_0068/DONE
214733	2026-09-21T10:39:47.9876377000	/data/BASELINE_2026/NNUE_TUNING/C54_ITERATIVE_OVERNIGHT_V1/GENERATIONS/GEN_0068/MATCH/games.pgn
18725	2026-09-21T10:39:47.9968642000	/data/BASELINE_2026/NNUE_TUNING/C54_ITERATIVE_OVERNIGHT_V1/GENERATIONS/GEN_0068/MATCH/match.txt
144952	2026-09-21T10:33:11.5306997000	/data/BASELINE_2026/NNUE_TUNING/C54_ITERATIVE_OVERNIGHT_V1/GENERATIONS/GEN_0068/MINING_POOL.tsv
569	2026-09-21T10:39:49.1628589000	/data/BASELINE_2026/NNUE_TUNING/C54_ITERATIVE_OVERNIGHT_V1/GENERATIONS/GEN_0068/RESULT.json
706120	2026-09-21T10:37:57.1932569000	/data/BASELINE_2026/NNUE_TUNING/C54_ITERATIVE_OVERNIGHT_V1/GENERATIONS/GEN_0068/TARGETED_TRAIN.binpack
4268209	2026-09-21T10:37:57.1298917000	/data/BASELINE_2026/NNUE_TUNING/C54_ITERATIVE_OVERNIGHT_V1/GENERATIONS/GEN_0068/TARGETED_TRAIN.tsv
1857951552	2026-09-21T10:38:11.0625810000	/data/BASELINE_2026/NNUE_TUNING/C54_ITERATIVE_OVERNIGHT_V1/GENERATIONS/GEN_0068/TRAIN_RUN/lightning_logs/version_0/checkpoints/last.ckpt
386	2026-09-21T10:38:12.4675477000	/data/BASELINE_2026/NNUE_TUNING/C54_ITERATIVE_OVERNIGHT_V1/GENERATIONS/GEN_0068/TRAIN_RUN/lightning_logs/version_0/events.out.tfevents.1789987080.74700ca2d2bd.390765.0
228	2026-09-21T10:38:12.4766118000	/data/BASELINE_2026/NNUE_TUNING/C54_ITERATIVE_OVERNIGHT_V1/GENERATIONS/GEN_0068/TRAIN_RUN/lightning_logs/version_0/metrics.csv
0	2026-09-21T10:38:12.4867950000	/data/BASELINE_2026/NNUE_TUNING/C54_ITERATIVE_OVERNIGHT_V1/GENERATIONS/GEN_0068/TRAIN_RUN/training_finished
526	2026-09-21T10:37:57.2106173000	/data/BASELINE_2026/NNUE_TUNING/C54_ITERATIVE_OVERNIGHT_V1/GENERATIONS/GEN_0068/binpack.log
98961931	2026-09-21T10:38:33.5739862000	/data/BASELINE_2026/NNUE_TUNING/C54_ITERATIVE_OVERNIGHT_V1/GENERATIONS/GEN_0068/challenger.nnue
371605482	2026-09-21T10:38:22.4566958000	/data/BASELINE_2026/NNUE_TUNING/C54_ITERATIVE_OVERNIGHT_V1/GENERATIONS/GEN_0068/challenger.pt
1601	2026-09-21T10:38:38.7842435000	/data/BASELINE_2026/NNUE_TUNING/C54_ITERATIVE_OVERNIGHT_V1/GENERATIONS/GEN_0068/fixed_dev.attempt_1.txt
1601	2026-09-21T10:38:38.7842435000	/data/BASELINE_2026/NNUE_TUNING/C54_ITERATIVE_OVERNIGHT_V1/GENERATIONS/GEN_0068/fixed_dev.txt
444751	2026-09-21T10:37:56.9566187000	/data/BASELINE_2026/NNUE_TUNING/C54_ITERATIVE_OVERNIGHT_V1/GENERATIONS/GEN_0068/metrics.log
199792	2026-09-21T10:37:56.8294214000	/data/BASELINE_2026/NNUE_TUNING/C54_ITERATIVE_OVERNIGHT_V1/GENERATIONS/GEN_0068/mining.log
1740800	2026-09-21T10:37:56.9566187000	/data/BASELINE_2026/NNUE_TUNING/C54_ITERATIVE_OVERNIGHT_V1/GENERATIONS/GEN_0068/mining.sqlite
21164	2026-09-21T10:38:33.6046614000	/data/BASELINE_2026/NNUE_TUNING/C54_ITERATIVE_OVERNIGHT_V1/GENERATIONS/GEN_0068/serialize_nnue.log
600	2026-09-21T10:38:22.4890009000	/data/BASELINE_2026/NNUE_TUNING/C54_ITERATIVE_OVERNIGHT_V1/GENERATIONS/GEN_0068/serialize_pt.log
2738	2026-09-21T10:38:12.4766118000	/data/BASELINE_2026/NNUE_TUNING/C54_ITERATIVE_OVERNIGHT_V1/GENERATIONS/GEN_0068/train.log
9	2026-09-21T10:46:30.7611764000	/data/BASELINE_2026/NNUE_TUNING/C54_ITERATIVE_OVERNIGHT_V1/GENERATIONS/GEN_0069/DONE
214871	2026-09-21T10:46:29.5893044000	/data/BASELINE_2026/NNUE_TUNING/C54_ITERATIVE_OVERNIGHT_V1/GENERATIONS/GEN_0069/MATCH/games.pgn
18859	2026-09-21T10:46:29.5980935000	/data/BASELINE_2026/NNUE_TUNING/C54_ITERATIVE_OVERNIGHT_V1/GENERATIONS/GEN_0069/MATCH/match.txt
145454	2026-09-21T10:39:52.5306758000	/data/BASELINE_2026/NNUE_TUNING/C54_ITERATIVE_OVERNIGHT_V1/GENERATIONS/GEN_0069/MINING_POOL.tsv
567	2026-09-21T10:46:30.7326791000	/data/BASELINE_2026/NNUE_TUNING/C54_ITERATIVE_OVERNIGHT_V1/GENERATIONS/GEN_0069/RESULT.json
706120	2026-09-21T10:44:41.1887866000	/data/BASELINE_2026/NNUE_TUNING/C54_ITERATIVE_OVERNIGHT_V1/GENERATIONS/GEN_0069/TARGETED_TRAIN.binpack
4259214	2026-09-21T10:44:41.1185840000	/data/BASELINE_2026/NNUE_TUNING/C54_ITERATIVE_OVERNIGHT_V1/GENERATIONS/GEN_0069/TARGETED_TRAIN.tsv
1857951552	2026-09-21T10:44:54.8635498000	/data/BASELINE_2026/NNUE_TUNING/C54_ITERATIVE_OVERNIGHT_V1/GENERATIONS/GEN_0069/TRAIN_RUN/lightning_logs/version_0/checkpoints/last.ckpt
386	2026-09-21T10:44:56.2439753000	/data/BASELINE_2026/NNUE_TUNING/C54_ITERATIVE_OVERNIGHT_V1/GENERATIONS/GEN_0069/TRAIN_RUN/lightning_logs/version_0/events.out.tfevents.1789987484.74700ca2d2bd.393678.0
228	2026-09-21T10:44:56.2540818000	/data/BASELINE_2026/NNUE_TUNING/C54_ITERATIVE_OVERNIGHT_V1/GENERATIONS/GEN_0069/TRAIN_RUN/lightning_logs/version_0/metrics.csv
0	2026-09-21T10:44:56.2636177000	/data/BASELINE_2026/NNUE_TUNING/C54_ITERATIVE_OVERNIGHT_V1/GENERATIONS/GEN_0069/TRAIN_RUN/training_finished
526	2026-09-21T10:44:41.1973464000	/data/BASELINE_2026/NNUE_TUNING/C54_ITERATIVE_OVERNIGHT_V1/GENERATIONS/GEN_0069/binpack.log
98961928	2026-09-21T10:45:17.3602244000	/data/BASELINE_2026/NNUE_TUNING/C54_ITERATIVE_OVERNIGHT_V1/GENERATIONS/GEN_0069/challenger.nnue
371605482	2026-09-21T10:45:06.3675380000	/data/BASELINE_2026/NNUE_TUNING/C54_ITERATIVE_OVERNIGHT_V1/GENERATIONS/GEN_0069/challenger.pt
1601	2026-09-21T10:45:22.6544913000	/data/BASELINE_2026/NNUE_TUNING/C54_ITERATIVE_OVERNIGHT_V1/GENERATIONS/GEN_0069/fixed_dev.attempt_1.txt
1601	2026-09-21T10:45:22.6719435000	/data/BASELINE_2026/NNUE_TUNING/C54_ITERATIVE_OVERNIGHT_V1/GENERATIONS/GEN_0069/fixed_dev.txt
445521	2026-09-21T10:44:40.9124480000	/data/BASELINE_2026/NNUE_TUNING/C54_ITERATIVE_OVERNIGHT_V1/GENERATIONS/GEN_0069/metrics.log
200053	2026-09-21T10:44:40.7843073000	/data/BASELINE_2026/NNUE_TUNING/C54_ITERATIVE_OVERNIGHT_V1/GENERATIONS/GEN_0069/mining.log
1757184	2026-09-21T10:44:40.9124480000	/data/BASELINE_2026/NNUE_TUNING/C54_ITERATIVE_OVERNIGHT_V1/GENERATIONS/GEN_0069/mining.sqlite
21164	2026-09-21T10:45:17.3991843000	/data/BASELINE_2026/NNUE_TUNING/C54_ITERATIVE_OVERNIGHT_V1/GENERATIONS/GEN_0069/serialize_nnue.log
600	2026-09-21T10:45:06.4050633000	/data/BASELINE_2026/NNUE_TUNING/C54_ITERATIVE_OVERNIGHT_V1/GENERATIONS/GEN_0069/serialize_pt.log
2738	2026-09-21T10:44:56.2560860000	/data/BASELINE_2026/NNUE_TUNING/C54_ITERATIVE_OVERNIGHT_V1/GENERATIONS/GEN_0069/train.log
9	2026-09-21T10:53:04.9155823000	/data/BASELINE_2026/NNUE_TUNING/C54_ITERATIVE_OVERNIGHT_V1/GENERATIONS/GEN_0070/DONE
195033	2026-09-21T10:53:03.7495872000	/data/BASELINE_2026/NNUE_TUNING/C54_ITERATIVE_OVERNIGHT_V1/GENERATIONS/GEN_0070/MATCH/games.pgn
18810	2026-09-21T10:53:03.7566195000	/data/BASELINE_2026/NNUE_TUNING/C54_ITERATIVE_OVERNIGHT_V1/GENERATIONS/GEN_0070/MATCH/match.txt
146131	2026-09-21T10:46:34.1253059000	/data/BASELINE_2026/NNUE_TUNING/C54_ITERATIVE_OVERNIGHT_V1/GENERATIONS/GEN_0070/MINING_POOL.tsv
566	2026-09-21T10:53:04.9042330000	/data/BASELINE_2026/NNUE_TUNING/C54_ITERATIVE_OVERNIGHT_V1/GENERATIONS/GEN_0070/RESULT.json
712512	2026-09-21T10:51:20.8982294000	/data/BASELINE_2026/NNUE_TUNING/C54_ITERATIVE_OVERNIGHT_V1/GENERATIONS/GEN_0070/TARGETED_TRAIN.binpack
4331221	2026-09-21T10:51:20.8106578000	/data/BASELINE_2026/NNUE_TUNING/C54_ITERATIVE_OVERNIGHT_V1/GENERATIONS/GEN_0070/TARGETED_TRAIN.tsv
1857951552	2026-09-21T10:51:34.6520470000	/data/BASELINE_2026/NNUE_TUNING/C54_ITERATIVE_OVERNIGHT_V1/GENERATIONS/GEN_0070/TRAIN_RUN/lightning_logs/version_0/checkpoints/last.ckpt
386	2026-09-21T10:51:36.0680281000	/data/BASELINE_2026/NNUE_TUNING/C54_ITERATIVE_OVERNIGHT_V1/GENERATIONS/GEN_0070/TRAIN_RUN/lightning_logs/version_0/events.out.tfevents.1789987884.74700ca2d2bd.396545.0
227	2026-09-21T10:51:36.0796254000	/data/BASELINE_2026/NNUE_TUNING/C54_ITERATIVE_OVERNIGHT_V1/GENERATIONS/GEN_0070/TRAIN_RUN/lightning_logs/version_0/metrics.csv
0	2026-09-21T10:51:36.0866565000	/data/BASELINE_2026/NNUE_TUNING/C54_ITERATIVE_OVERNIGHT_V1/GENERATIONS/GEN_0070/TRAIN_RUN/training_finished
526	2026-09-21T10:51:20.9048011000	/data/BASELINE_2026/NNUE_TUNING/C54_ITERATIVE_OVERNIGHT_V1/GENERATIONS/GEN_0070/binpack.log
98961925	2026-09-21T10:51:57.0923711000	/data/BASELINE_2026/NNUE_TUNING/C54_ITERATIVE_OVERNIGHT_V1/GENERATIONS/GEN_0070/challenger.nnue
371605482	2026-09-21T10:51:46.1370882000	/data/BASELINE_2026/NNUE_TUNING/C54_ITERATIVE_OVERNIGHT_V1/GENERATIONS/GEN_0070/challenger.pt
1601	2026-09-21T10:52:02.2158719000	/data/BASELINE_2026/NNUE_TUNING/C54_ITERATIVE_OVERNIGHT_V1/GENERATIONS/GEN_0070/fixed_dev.attempt_1.txt
1601	2026-09-21T10:52:02.2317469000	/data/BASELINE_2026/NNUE_TUNING/C54_ITERATIVE_OVERNIGHT_V1/GENERATIONS/GEN_0070/fixed_dev.txt
445574	2026-09-21T10:51:20.6453747000	/data/BASELINE_2026/NNUE_TUNING/C54_ITERATIVE_OVERNIGHT_V1/GENERATIONS/GEN_0070/metrics.log
199673	2026-09-21T10:51:20.5036195000	/data/BASELINE_2026/NNUE_TUNING/C54_ITERATIVE_OVERNIGHT_V1/GENERATIONS/GEN_0070/mining.log
1748992	2026-09-21T10:51:20.6443307000	/data/BASELINE_2026/NNUE_TUNING/C54_ITERATIVE_OVERNIGHT_V1/GENERATIONS/GEN_0070/mining.sqlite
21164	2026-09-21T10:51:57.1333346000	/data/BASELINE_2026/NNUE_TUNING/C54_ITERATIVE_OVERNIGHT_V1/GENERATIONS/GEN_0070/serialize_nnue.log
600	2026-09-21T10:51:46.1710450000	/data/BASELINE_2026/NNUE_TUNING/C54_ITERATIVE_OVERNIGHT_V1/GENERATIONS/GEN_0070/serialize_pt.log
2738	2026-09-21T10:51:36.0806326000	/data/BASELINE_2026/NNUE_TUNING/C54_ITERATIVE_OVERNIGHT_V1/GENERATIONS/GEN_0070/train.log
9	2026-09-21T10:59:41.9980346000	/data/BASELINE_2026/NNUE_TUNING/C54_ITERATIVE_OVERNIGHT_V1/GENERATIONS/GEN_0071/DONE
220066	2026-09-21T10:59:40.7763842000	/data/BASELINE_2026/NNUE_TUNING/C54_ITERATIVE_OVERNIGHT_V1/GENERATIONS/GEN_0071/MATCH/games.pgn
18746	2026-09-21T10:59:40.7823530000	/data/BASELINE_2026/NNUE_TUNING/C54_ITERATIVE_OVERNIGHT_V1/GENERATIONS/GEN_0071/MATCH/match.txt
145593	2026-09-21T10:53:08.2576102000	/data/BASELINE_2026/NNUE_TUNING/C54_ITERATIVE_OVERNIGHT_V1/GENERATIONS/GEN_0071/MINING_POOL.tsv
569	2026-09-21T10:59:41.9875338000	/data/BASELINE_2026/NNUE_TUNING/C54_ITERATIVE_OVERNIGHT_V1/GENERATIONS/GEN_0071/RESULT.json
697552	2026-09-21T10:57:51.3924148000	/data/BASELINE_2026/NNUE_TUNING/C54_ITERATIVE_OVERNIGHT_V1/GENERATIONS/GEN_0071/TARGETED_TRAIN.binpack
4237788	2026-09-21T10:57:51.3216388000	/data/BASELINE_2026/NNUE_TUNING/C54_ITERATIVE_OVERNIGHT_V1/GENERATIONS/GEN_0071/TARGETED_TRAIN.tsv
1857951552	2026-09-21T10:58:05.0374431000	/data/BASELINE_2026/NNUE_TUNING/C54_ITERATIVE_OVERNIGHT_V1/GENERATIONS/GEN_0071/TRAIN_RUN/lightning_logs/version_0/checkpoints/last.ckpt
386	2026-09-21T10:58:06.4170966000	/data/BASELINE_2026/NNUE_TUNING/C54_ITERATIVE_OVERNIGHT_V1/GENERATIONS/GEN_0071/TRAIN_RUN/lightning_logs/version_0/events.out.tfevents.1789988274.74700ca2d2bd.399352.0
227	2026-09-21T10:58:06.4271916000	/data/BASELINE_2026/NNUE_TUNING/C54_ITERATIVE_OVERNIGHT_V1/GENERATIONS/GEN_0071/TRAIN_RUN/lightning_logs/version_0/metrics.csv
0	2026-09-21T10:58:06.4376805000	/data/BASELINE_2026/NNUE_TUNING/C54_ITERATIVE_OVERNIGHT_V1/GENERATIONS/GEN_0071/TRAIN_RUN/training_finished
526	2026-09-21T10:57:51.4029665000	/data/BASELINE_2026/NNUE_TUNING/C54_ITERATIVE_OVERNIGHT_V1/GENERATIONS/GEN_0071/binpack.log
98961920	2026-09-21T10:58:27.2859144000	/data/BASELINE_2026/NNUE_TUNING/C54_ITERATIVE_OVERNIGHT_V1/GENERATIONS/GEN_0071/challenger.nnue
371605482	2026-09-21T10:58:16.3389390000	/data/BASELINE_2026/NNUE_TUNING/C54_ITERATIVE_OVERNIGHT_V1/GENERATIONS/GEN_0071/challenger.pt
1601	2026-09-21T10:58:32.4522105000	/data/BASELINE_2026/NNUE_TUNING/C54_ITERATIVE_OVERNIGHT_V1/GENERATIONS/GEN_0071/fixed_dev.attempt_1.txt
1601	2026-09-21T10:58:32.4584829000	/data/BASELINE_2026/NNUE_TUNING/C54_ITERATIVE_OVERNIGHT_V1/GENERATIONS/GEN_0071/fixed_dev.txt
444044	2026-09-21T10:57:51.1572310000	/data/BASELINE_2026/NNUE_TUNING/C54_ITERATIVE_OVERNIGHT_V1/GENERATIONS/GEN_0071/metrics.log
199683	2026-09-21T10:57:51.0378578000	/data/BASELINE_2026/NNUE_TUNING/C54_ITERATIVE_OVERNIGHT_V1/GENERATIONS/GEN_0071/mining.log
1736704	2026-09-21T10:57:51.1572310000	/data/BASELINE_2026/NNUE_TUNING/C54_ITERATIVE_OVERNIGHT_V1/GENERATIONS/GEN_0071/mining.sqlite
21164	2026-09-21T10:58:27.3260646000	/data/BASELINE_2026/NNUE_TUNING/C54_ITERATIVE_OVERNIGHT_V1/GENERATIONS/GEN_0071/serialize_nnue.log
600	2026-09-21T10:58:16.3708526000	/data/BASELINE_2026/NNUE_TUNING/C54_ITERATIVE_OVERNIGHT_V1/GENERATIONS/GEN_0071/serialize_pt.log
2738	2026-09-21T10:58:06.4296991000	/data/BASELINE_2026/NNUE_TUNING/C54_ITERATIVE_OVERNIGHT_V1/GENERATIONS/GEN_0071/train.log
9	2026-09-21T11:06:24.5325213000	/data/BASELINE_2026/NNUE_TUNING/C54_ITERATIVE_OVERNIGHT_V1/GENERATIONS/GEN_0072/DONE
200666	2026-09-21T11:06:23.3733015000	/data/BASELINE_2026/NNUE_TUNING/C54_ITERATIVE_OVERNIGHT_V1/GENERATIONS/GEN_0072/MATCH/games.pgn
18754	2026-09-21T11:06:23.3794073000	/data/BASELINE_2026/NNUE_TUNING/C54_ITERATIVE_OVERNIGHT_V1/GENERATIONS/GEN_0072/MATCH/match.txt
145665	2026-09-21T10:59:45.2178635000	/data/BASELINE_2026/NNUE_TUNING/C54_ITERATIVE_OVERNIGHT_V1/GENERATIONS/GEN_0072/MINING_POOL.tsv
568	2026-09-21T11:06:24.5130853000	/data/BASELINE_2026/NNUE_TUNING/C54_ITERATIVE_OVERNIGHT_V1/GENERATIONS/GEN_0072/RESULT.json
668040	2026-09-21T11:04:35.8001582000	/data/BASELINE_2026/NNUE_TUNING/C54_ITERATIVE_OVERNIGHT_V1/GENERATIONS/GEN_0072/TARGETED_TRAIN.binpack
4045958	2026-09-21T11:04:35.7349825000	/data/BASELINE_2026/NNUE_TUNING/C54_ITERATIVE_OVERNIGHT_V1/GENERATIONS/GEN_0072/TARGETED_TRAIN.tsv
1857951552	2026-09-21T11:04:49.9907122000	/data/BASELINE_2026/NNUE_TUNING/C54_ITERATIVE_OVERNIGHT_V1/GENERATIONS/GEN_0072/TRAIN_RUN/lightning_logs/version_0/checkpoints/last.ckpt
386	2026-09-21T11:04:51.3799027000	/data/BASELINE_2026/NNUE_TUNING/C54_ITERATIVE_OVERNIGHT_V1/GENERATIONS/GEN_0072/TRAIN_RUN/lightning_logs/version_0/events.out.tfevents.1789988679.74700ca2d2bd.402247.0
226	2026-09-21T11:04:51.3895854000	/data/BASELINE_2026/NNUE_TUNING/C54_ITERATIVE_OVERNIGHT_V1/GENERATIONS/GEN_0072/TRAIN_RUN/lightning_logs/version_0/metrics.csv
0	2026-09-21T11:04:51.3992075000	/data/BASELINE_2026/NNUE_TUNING/C54_ITERATIVE_OVERNIGHT_V1/GENERATIONS/GEN_0072/TRAIN_RUN/training_finished
526	2026-09-21T11:04:35.8068070000	/data/BASELINE_2026/NNUE_TUNING/C54_ITERATIVE_OVERNIGHT_V1/GENERATIONS/GEN_0072/binpack.log
98961929	2026-09-21T11:05:12.3140205000	/data/BASELINE_2026/NNUE_TUNING/C54_ITERATIVE_OVERNIGHT_V1/GENERATIONS/GEN_0072/challenger.nnue
371605482	2026-09-21T11:05:01.4484174000	/data/BASELINE_2026/NNUE_TUNING/C54_ITERATIVE_OVERNIGHT_V1/GENERATIONS/GEN_0072/challenger.pt
1601	2026-09-21T11:05:17.5185527000	/data/BASELINE_2026/NNUE_TUNING/C54_ITERATIVE_OVERNIGHT_V1/GENERATIONS/GEN_0072/fixed_dev.attempt_1.txt
1601	2026-09-21T11:05:17.5304753000	/data/BASELINE_2026/NNUE_TUNING/C54_ITERATIVE_OVERNIGHT_V1/GENERATIONS/GEN_0072/fixed_dev.txt
444663	2026-09-21T11:04:35.5668590000	/data/BASELINE_2026/NNUE_TUNING/C54_ITERATIVE_OVERNIGHT_V1/GENERATIONS/GEN_0072/metrics.log
200156	2026-09-21T11:04:35.4409819000	/data/BASELINE_2026/NNUE_TUNING/C54_ITERATIVE_OVERNIGHT_V1/GENERATIONS/GEN_0072/mining.log
1753088	2026-09-21T11:04:35.5668590000	/data/BASELINE_2026/NNUE_TUNING/C54_ITERATIVE_OVERNIGHT_V1/GENERATIONS/GEN_0072/mining.sqlite
21164	2026-09-21T11:05:12.3638190000	/data/BASELINE_2026/NNUE_TUNING/C54_ITERATIVE_OVERNIGHT_V1/GENERATIONS/GEN_0072/serialize_nnue.log
600	2026-09-21T11:05:01.4818109000	/data/BASELINE_2026/NNUE_TUNING/C54_ITERATIVE_OVERNIGHT_V1/GENERATIONS/GEN_0072/serialize_pt.log
2738	2026-09-21T11:04:51.3910924000	/data/BASELINE_2026/NNUE_TUNING/C54_ITERATIVE_OVERNIGHT_V1/GENERATIONS/GEN_0072/train.log
9	2026-09-21T11:13:05.2468831000	/data/BASELINE_2026/NNUE_TUNING/C54_ITERATIVE_OVERNIGHT_V1/GENERATIONS/GEN_0073/DONE
219733	2026-09-21T11:13:04.0410573000	/data/BASELINE_2026/NNUE_TUNING/C54_ITERATIVE_OVERNIGHT_V1/GENERATIONS/GEN_0073/MATCH/games.pgn
18743	2026-09-21T11:13:04.0520636000	/data/BASELINE_2026/NNUE_TUNING/C54_ITERATIVE_OVERNIGHT_V1/GENERATIONS/GEN_0073/MATCH/match.txt
145788	2026-09-21T11:06:27.7367073000	/data/BASELINE_2026/NNUE_TUNING/C54_ITERATIVE_OVERNIGHT_V1/GENERATIONS/GEN_0073/MINING_POOL.tsv
565	2026-09-21T11:13:05.2324101000	/data/BASELINE_2026/NNUE_TUNING/C54_ITERATIVE_OVERNIGHT_V1/GENERATIONS/GEN_0073/RESULT.json
701360	2026-09-21T11:11:15.4964373000	/data/BASELINE_2026/NNUE_TUNING/C54_ITERATIVE_OVERNIGHT_V1/GENERATIONS/GEN_0073/TARGETED_TRAIN.binpack
4256289	2026-09-21T11:11:15.4281353000	/data/BASELINE_2026/NNUE_TUNING/C54_ITERATIVE_OVERNIGHT_V1/GENERATIONS/GEN_0073/TARGETED_TRAIN.tsv
1857951552	2026-09-21T11:11:29.1639337000	/data/BASELINE_2026/NNUE_TUNING/C54_ITERATIVE_OVERNIGHT_V1/GENERATIONS/GEN_0073/TRAIN_RUN/lightning_logs/version_0/checkpoints/last.ckpt
386	2026-09-21T11:11:30.5556300000	/data/BASELINE_2026/NNUE_TUNING/C54_ITERATIVE_OVERNIGHT_V1/GENERATIONS/GEN_0073/TRAIN_RUN/lightning_logs/version_0/events.out.tfevents.1789989079.74700ca2d2bd.405132.0
228	2026-09-21T11:11:30.5654626000	/data/BASELINE_2026/NNUE_TUNING/C54_ITERATIVE_OVERNIGHT_V1/GENERATIONS/GEN_0073/TRAIN_RUN/lightning_logs/version_0/metrics.csv
0	2026-09-21T11:11:30.5787065000	/data/BASELINE_2026/NNUE_TUNING/C54_ITERATIVE_OVERNIGHT_V1/GENERATIONS/GEN_0073/TRAIN_RUN/training_finished
526	2026-09-21T11:11:15.5016695000	/data/BASELINE_2026/NNUE_TUNING/C54_ITERATIVE_OVERNIGHT_V1/GENERATIONS/GEN_0073/binpack.log
98961924	2026-09-21T11:11:51.4708852000	/data/BASELINE_2026/NNUE_TUNING/C54_ITERATIVE_OVERNIGHT_V1/GENERATIONS/GEN_0073/challenger.nnue
371605482	2026-09-21T11:11:40.6163381000	/data/BASELINE_2026/NNUE_TUNING/C54_ITERATIVE_OVERNIGHT_V1/GENERATIONS/GEN_0073/challenger.pt
1601	2026-09-21T11:11:56.5347276000	/data/BASELINE_2026/NNUE_TUNING/C54_ITERATIVE_OVERNIGHT_V1/GENERATIONS/GEN_0073/fixed_dev.attempt_1.txt
1601	2026-09-21T11:11:56.5456486000	/data/BASELINE_2026/NNUE_TUNING/C54_ITERATIVE_OVERNIGHT_V1/GENERATIONS/GEN_0073/fixed_dev.txt
444146	2026-09-21T11:11:15.2630073000	/data/BASELINE_2026/NNUE_TUNING/C54_ITERATIVE_OVERNIGHT_V1/GENERATIONS/GEN_0073/metrics.log
200007	2026-09-21T11:11:15.1334729000	/data/BASELINE_2026/NNUE_TUNING/C54_ITERATIVE_OVERNIGHT_V1/GENERATIONS/GEN_0073/mining.log
1757184	2026-09-21T11:11:15.2521427000	/data/BASELINE_2026/NNUE_TUNING/C54_ITERATIVE_OVERNIGHT_V1/GENERATIONS/GEN_0073/mining.sqlite
21164	2026-09-21T11:11:51.5040370000	/data/BASELINE_2026/NNUE_TUNING/C54_ITERATIVE_OVERNIGHT_V1/GENERATIONS/GEN_0073/serialize_nnue.log
600	2026-09-21T11:11:40.6436781000	/data/BASELINE_2026/NNUE_TUNING/C54_ITERATIVE_OVERNIGHT_V1/GENERATIONS/GEN_0073/serialize_pt.log
2738	2026-09-21T11:11:30.5654626000	/data/BASELINE_2026/NNUE_TUNING/C54_ITERATIVE_OVERNIGHT_V1/GENERATIONS/GEN_0073/train.log
9	2026-09-21T11:19:51.8034158000	/data/BASELINE_2026/NNUE_TUNING/C54_ITERATIVE_OVERNIGHT_V1/GENERATIONS/GEN_0074/DONE
224261	2026-09-21T11:19:50.4903402000	/data/BASELINE_2026/NNUE_TUNING/C54_ITERATIVE_OVERNIGHT_V1/GENERATIONS/GEN_0074/MATCH/games.pgn
18726	2026-09-21T11:19:50.4949510000	/data/BASELINE_2026/NNUE_TUNING/C54_ITERATIVE_OVERNIGHT_V1/GENERATIONS/GEN_0074/MATCH/match.txt
146214	2026-09-21T11:13:08.5420694000	/data/BASELINE_2026/NNUE_TUNING/C54_ITERATIVE_OVERNIGHT_V1/GENERATIONS/GEN_0074/MINING_POOL.tsv
568	2026-09-21T11:19:51.7930023000	/data/BASELINE_2026/NNUE_TUNING/C54_ITERATIVE_OVERNIGHT_V1/GENERATIONS/GEN_0074/RESULT.json
668856	2026-09-21T11:17:59.1591042000	/data/BASELINE_2026/NNUE_TUNING/C54_ITERATIVE_OVERNIGHT_V1/GENERATIONS/GEN_0074/TARGETED_TRAIN.binpack
4051657	2026-09-21T11:17:59.0957382000	/data/BASELINE_2026/NNUE_TUNING/C54_ITERATIVE_OVERNIGHT_V1/GENERATIONS/GEN_0074/TARGETED_TRAIN.tsv
1857951552	2026-09-21T11:18:13.2566735000	/data/BASELINE_2026/NNUE_TUNING/C54_ITERATIVE_OVERNIGHT_V1/GENERATIONS/GEN_0074/TRAIN_RUN/lightning_logs/version_0/checkpoints/last.ckpt
386	2026-09-21T11:18:14.6003322000	/data/BASELINE_2026/NNUE_TUNING/C54_ITERATIVE_OVERNIGHT_V1/GENERATIONS/GEN_0074/TRAIN_RUN/lightning_logs/version_0/events.out.tfevents.1789989482.74700ca2d2bd.408025.0
224	2026-09-21T11:18:14.6100811000	/data/BASELINE_2026/NNUE_TUNING/C54_ITERATIVE_OVERNIGHT_V1/GENERATIONS/GEN_0074/TRAIN_RUN/lightning_logs/version_0/metrics.csv
0	2026-09-21T11:18:14.6207454000	/data/BASELINE_2026/NNUE_TUNING/C54_ITERATIVE_OVERNIGHT_V1/GENERATIONS/GEN_0074/TRAIN_RUN/training_finished
526	2026-09-21T11:17:59.1591042000	/data/BASELINE_2026/NNUE_TUNING/C54_ITERATIVE_OVERNIGHT_V1/GENERATIONS/GEN_0074/binpack.log
98961928	2026-09-21T11:18:36.7390608000	/data/BASELINE_2026/NNUE_TUNING/C54_ITERATIVE_OVERNIGHT_V1/GENERATIONS/GEN_0074/challenger.nnue
371605482	2026-09-21T11:18:25.5538684000	/data/BASELINE_2026/NNUE_TUNING/C54_ITERATIVE_OVERNIGHT_V1/GENERATIONS/GEN_0074/challenger.pt
1601	2026-09-21T11:18:42.0303741000	/data/BASELINE_2026/NNUE_TUNING/C54_ITERATIVE_OVERNIGHT_V1/GENERATIONS/GEN_0074/fixed_dev.attempt_1.txt
1601	2026-09-21T11:18:42.0303741000	/data/BASELINE_2026/NNUE_TUNING/C54_ITERATIVE_OVERNIGHT_V1/GENERATIONS/GEN_0074/fixed_dev.txt
444210	2026-09-21T11:17:58.9264594000	/data/BASELINE_2026/NNUE_TUNING/C54_ITERATIVE_OVERNIGHT_V1/GENERATIONS/GEN_0074/metrics.log
200044	2026-09-21T11:17:58.8131696000	/data/BASELINE_2026/NNUE_TUNING/C54_ITERATIVE_OVERNIGHT_V1/GENERATIONS/GEN_0074/mining.log
1744896	2026-09-21T11:17:58.9264594000	/data/BASELINE_2026/NNUE_TUNING/C54_ITERATIVE_OVERNIGHT_V1/GENERATIONS/GEN_0074/mining.sqlite
21164	2026-09-21T11:18:36.7820480000	/data/BASELINE_2026/NNUE_TUNING/C54_ITERATIVE_OVERNIGHT_V1/GENERATIONS/GEN_0074/serialize_nnue.log
600	2026-09-21T11:18:25.5869952000	/data/BASELINE_2026/NNUE_TUNING/C54_ITERATIVE_OVERNIGHT_V1/GENERATIONS/GEN_0074/serialize_pt.log
2738	2026-09-21T11:18:14.6118234000	/data/BASELINE_2026/NNUE_TUNING/C54_ITERATIVE_OVERNIGHT_V1/GENERATIONS/GEN_0074/train.log
9	2026-09-21T11:28:08.2289441000	/data/BASELINE_2026/NNUE_TUNING/C54_ITERATIVE_OVERNIGHT_V1/GENERATIONS/GEN_0075/DONE
225708	2026-09-21T11:28:07.0308792000	/data/BASELINE_2026/NNUE_TUNING/C54_ITERATIVE_OVERNIGHT_V1/GENERATIONS/GEN_0075/MATCH/games.pgn
18763	2026-09-21T11:28:07.0383925000	/data/BASELINE_2026/NNUE_TUNING/C54_ITERATIVE_OVERNIGHT_V1/GENERATIONS/GEN_0075/MATCH/match.txt
145578	2026-09-21T11:19:55.0933355000	/data/BASELINE_2026/NNUE_TUNING/C54_ITERATIVE_OVERNIGHT_V1/GENERATIONS/GEN_0075/MINING_POOL.tsv
565	2026-09-21T11:28:08.2114689000	/data/BASELINE_2026/NNUE_TUNING/C54_ITERATIVE_OVERNIGHT_V1/GENERATIONS/GEN_0075/RESULT.json
691840	2026-09-21T11:24:42.6816996000	/data/BASELINE_2026/NNUE_TUNING/C54_ITERATIVE_OVERNIGHT_V1/GENERATIONS/GEN_0075/TARGETED_TRAIN.binpack
4175429	2026-09-21T11:24:42.6213253000	/data/BASELINE_2026/NNUE_TUNING/C54_ITERATIVE_OVERNIGHT_V1/GENERATIONS/GEN_0075/TARGETED_TRAIN.tsv
1857951552	2026-09-21T11:24:56.0678025000	/data/BASELINE_2026/NNUE_TUNING/C54_ITERATIVE_OVERNIGHT_V1/GENERATIONS/GEN_0075/TRAIN_RUN/lightning_logs/version_0/checkpoints/last.ckpt
386	2026-09-21T11:24:57.4170462000	/data/BASELINE_2026/NNUE_TUNING/C54_ITERATIVE_OVERNIGHT_V1/GENERATIONS/GEN_0075/TRAIN_RUN/lightning_logs/version_0/events.out.tfevents.1789989886.74700ca2d2bd.410916.0
229	2026-09-21T11:24:57.4311311000	/data/BASELINE_2026/NNUE_TUNING/C54_ITERATIVE_OVERNIGHT_V1/GENERATIONS/GEN_0075/TRAIN_RUN/lightning_logs/version_0/metrics.csv
0	2026-09-21T11:24:57.4398509000	/data/BASELINE_2026/NNUE_TUNING/C54_ITERATIVE_OVERNIGHT_V1/GENERATIONS/GEN_0075/TRAIN_RUN/training_finished
526	2026-09-21T11:24:42.6900763000	/data/BASELINE_2026/NNUE_TUNING/C54_ITERATIVE_OVERNIGHT_V1/GENERATIONS/GEN_0075/binpack.log
98961929	2026-09-21T11:25:18.3837919000	/data/BASELINE_2026/NNUE_TUNING/C54_ITERATIVE_OVERNIGHT_V1/GENERATIONS/GEN_0075/challenger.nnue
371605482	2026-09-21T11:25:07.5061848000	/data/BASELINE_2026/NNUE_TUNING/C54_ITERATIVE_OVERNIGHT_V1/GENERATIONS/GEN_0075/challenger.pt
686	2026-09-21T11:26:49.2279169000	/data/BASELINE_2026/NNUE_TUNING/C54_ITERATIVE_OVERNIGHT_V1/GENERATIONS/GEN_0075/fixed_dev.attempt_1.txt
1601	2026-09-21T11:26:55.9658108000	/data/BASELINE_2026/NNUE_TUNING/C54_ITERATIVE_OVERNIGHT_V1/GENERATIONS/GEN_0075/fixed_dev.attempt_2.txt
1601	2026-09-21T11:26:55.9695499000	/data/BASELINE_2026/NNUE_TUNING/C54_ITERATIVE_OVERNIGHT_V1/GENERATIONS/GEN_0075/fixed_dev.txt
445611	2026-09-21T11:24:42.4580479000	/data/BASELINE_2026/NNUE_TUNING/C54_ITERATIVE_OVERNIGHT_V1/GENERATIONS/GEN_0075/metrics.log
199880	2026-09-21T11:24:42.3375315000	/data/BASELINE_2026/NNUE_TUNING/C54_ITERATIVE_OVERNIGHT_V1/GENERATIONS/GEN_0075/mining.log
1769472	2026-09-21T11:24:42.4580479000	/data/BASELINE_2026/NNUE_TUNING/C54_ITERATIVE_OVERNIGHT_V1/GENERATIONS/GEN_0075/mining.sqlite
21164	2026-09-21T11:25:18.4287587000	/data/BASELINE_2026/NNUE_TUNING/C54_ITERATIVE_OVERNIGHT_V1/GENERATIONS/GEN_0075/serialize_nnue.log
600	2026-09-21T11:25:07.5468904000	/data/BASELINE_2026/NNUE_TUNING/C54_ITERATIVE_OVERNIGHT_V1/GENERATIONS/GEN_0075/serialize_pt.log
2738	2026-09-21T11:24:57.4316359000	/data/BASELINE_2026/NNUE_TUNING/C54_ITERATIVE_OVERNIGHT_V1/GENERATIONS/GEN_0075/train.log
9	2026-09-21T11:34:48.8066760000	/data/BASELINE_2026/NNUE_TUNING/C54_ITERATIVE_OVERNIGHT_V1/GENERATIONS/GEN_0076/DONE
211532	2026-09-21T11:34:47.6319589000	/data/BASELINE_2026/NNUE_TUNING/C54_ITERATIVE_OVERNIGHT_V1/GENERATIONS/GEN_0076/MATCH/games.pgn
18692	2026-09-21T11:34:47.6397021000	/data/BASELINE_2026/NNUE_TUNING/C54_ITERATIVE_OVERNIGHT_V1/GENERATIONS/GEN_0076/MATCH/match.txt
145544	2026-09-21T11:28:11.4447583000	/data/BASELINE_2026/NNUE_TUNING/C54_ITERATIVE_OVERNIGHT_V1/GENERATIONS/GEN_0076/MINING_POOL.tsv
570	2026-09-21T11:34:48.7946866000	/data/BASELINE_2026/NNUE_TUNING/C54_ITERATIVE_OVERNIGHT_V1/GENERATIONS/GEN_0076/RESULT.json
686944	2026-09-21T11:32:57.7950405000	/data/BASELINE_2026/NNUE_TUNING/C54_ITERATIVE_OVERNIGHT_V1/GENERATIONS/GEN_0076/TARGETED_TRAIN.binpack
4146498	2026-09-21T11:32:57.7245932000	/data/BASELINE_2026/NNUE_TUNING/C54_ITERATIVE_OVERNIGHT_V1/GENERATIONS/GEN_0076/TARGETED_TRAIN.tsv
1857951552	2026-09-21T11:33:11.5936328000	/data/BASELINE_2026/NNUE_TUNING/C54_ITERATIVE_OVERNIGHT_V1/GENERATIONS/GEN_0076/TRAIN_RUN/lightning_logs/version_0/checkpoints/last.ckpt
386	2026-09-21T11:33:13.0085327000	/data/BASELINE_2026/NNUE_TUNING/C54_ITERATIVE_OVERNIGHT_V1/GENERATIONS/GEN_0076/TRAIN_RUN/lightning_logs/version_0/events.out.tfevents.1789990381.74700ca2d2bd.414353.0
226	2026-09-21T11:33:13.0191042000	/data/BASELINE_2026/NNUE_TUNING/C54_ITERATIVE_OVERNIGHT_V1/GENERATIONS/GEN_0076/TRAIN_RUN/lightning_logs/version_0/metrics.csv
0	2026-09-21T11:33:13.0281407000	/data/BASELINE_2026/NNUE_TUNING/C54_ITERATIVE_OVERNIGHT_V1/GENERATIONS/GEN_0076/TRAIN_RUN/training_finished
526	2026-09-21T11:32:57.7991023000	/data/BASELINE_2026/NNUE_TUNING/C54_ITERATIVE_OVERNIGHT_V1/GENERATIONS/GEN_0076/binpack.log
98961924	2026-09-21T11:33:34.2138664000	/data/BASELINE_2026/NNUE_TUNING/C54_ITERATIVE_OVERNIGHT_V1/GENERATIONS/GEN_0076/challenger.nnue
371605482	2026-09-21T11:33:22.9761804000	/data/BASELINE_2026/NNUE_TUNING/C54_ITERATIVE_OVERNIGHT_V1/GENERATIONS/GEN_0076/challenger.pt
1601	2026-09-21T11:33:39.5303880000	/data/BASELINE_2026/NNUE_TUNING/C54_ITERATIVE_OVERNIGHT_V1/GENERATIONS/GEN_0076/fixed_dev.attempt_1.txt
1601	2026-09-21T11:33:39.5349583000	/data/BASELINE_2026/NNUE_TUNING/C54_ITERATIVE_OVERNIGHT_V1/GENERATIONS/GEN_0076/fixed_dev.txt
444529	2026-09-21T11:32:57.5600154000	/data/BASELINE_2026/NNUE_TUNING/C54_ITERATIVE_OVERNIGHT_V1/GENERATIONS/GEN_0076/metrics.log
199867	2026-09-21T11:32:57.4272847000	/data/BASELINE_2026/NNUE_TUNING/C54_ITERATIVE_OVERNIGHT_V1/GENERATIONS/GEN_0076/mining.log
1748992	2026-09-21T11:32:57.5600154000	/data/BASELINE_2026/NNUE_TUNING/C54_ITERATIVE_OVERNIGHT_V1/GENERATIONS/GEN_0076/mining.sqlite
21164	2026-09-21T11:33:34.2544172000	/data/BASELINE_2026/NNUE_TUNING/C54_ITERATIVE_OVERNIGHT_V1/GENERATIONS/GEN_0076/serialize_nnue.log
600	2026-09-21T11:33:23.0065933000	/data/BASELINE_2026/NNUE_TUNING/C54_ITERATIVE_OVERNIGHT_V1/GENERATIONS/GEN_0076/serialize_pt.log
2738	2026-09-21T11:33:13.0191042000	/data/BASELINE_2026/NNUE_TUNING/C54_ITERATIVE_OVERNIGHT_V1/GENERATIONS/GEN_0076/train.log
9	2026-09-21T11:41:28.9362369000	/data/BASELINE_2026/NNUE_TUNING/C54_ITERATIVE_OVERNIGHT_V1/GENERATIONS/GEN_0077/DONE
214112	2026-09-21T11:41:27.7434636000	/data/BASELINE_2026/NNUE_TUNING/C54_ITERATIVE_OVERNIGHT_V1/GENERATIONS/GEN_0077/MATCH/games.pgn
18739	2026-09-21T11:41:27.7481921000	/data/BASELINE_2026/NNUE_TUNING/C54_ITERATIVE_OVERNIGHT_V1/GENERATIONS/GEN_0077/MATCH/match.txt
145595	2026-09-21T11:34:52.0181944000	/data/BASELINE_2026/NNUE_TUNING/C54_ITERATIVE_OVERNIGHT_V1/GENERATIONS/GEN_0077/MINING_POOL.tsv
568	2026-09-21T11:41:28.9177555000	/data/BASELINE_2026/NNUE_TUNING/C54_ITERATIVE_OVERNIGHT_V1/GENERATIONS/GEN_0077/RESULT.json
686264	2026-09-21T11:39:39.9088288000	/data/BASELINE_2026/NNUE_TUNING/C54_ITERATIVE_OVERNIGHT_V1/GENERATIONS/GEN_0077/TARGETED_TRAIN.binpack
4172434	2026-09-21T11:39:39.8406030000	/data/BASELINE_2026/NNUE_TUNING/C54_ITERATIVE_OVERNIGHT_V1/GENERATIONS/GEN_0077/TARGETED_TRAIN.tsv
1857951552	2026-09-21T11:39:53.5383159000	/data/BASELINE_2026/NNUE_TUNING/C54_ITERATIVE_OVERNIGHT_V1/GENERATIONS/GEN_0077/TRAIN_RUN/lightning_logs/version_0/checkpoints/last.ckpt
386	2026-09-21T11:39:54.9449392000	/data/BASELINE_2026/NNUE_TUNING/C54_ITERATIVE_OVERNIGHT_V1/GENERATIONS/GEN_0077/TRAIN_RUN/lightning_logs/version_0/events.out.tfevents.1789990783.74700ca2d2bd.417242.0
224	2026-09-21T11:39:54.9560582000	/data/BASELINE_2026/NNUE_TUNING/C54_ITERATIVE_OVERNIGHT_V1/GENERATIONS/GEN_0077/TRAIN_RUN/lightning_logs/version_0/metrics.csv
0	2026-09-21T11:39:54.9641115000	/data/BASELINE_2026/NNUE_TUNING/C54_ITERATIVE_OVERNIGHT_V1/GENERATIONS/GEN_0077/TRAIN_RUN/training_finished
526	2026-09-21T11:39:39.9169128000	/data/BASELINE_2026/NNUE_TUNING/C54_ITERATIVE_OVERNIGHT_V1/GENERATIONS/GEN_0077/binpack.log
98961925	2026-09-21T11:40:16.1299460000	/data/BASELINE_2026/NNUE_TUNING/C54_ITERATIVE_OVERNIGHT_V1/GENERATIONS/GEN_0077/challenger.nnue
371605482	2026-09-21T11:40:05.1506460000	/data/BASELINE_2026/NNUE_TUNING/C54_ITERATIVE_OVERNIGHT_V1/GENERATIONS/GEN_0077/challenger.pt
1601	2026-09-21T11:40:21.4217283000	/data/BASELINE_2026/NNUE_TUNING/C54_ITERATIVE_OVERNIGHT_V1/GENERATIONS/GEN_0077/fixed_dev.attempt_1.txt
1601	2026-09-21T11:40:21.4242422000	/data/BASELINE_2026/NNUE_TUNING/C54_ITERATIVE_OVERNIGHT_V1/GENERATIONS/GEN_0077/fixed_dev.txt
444120	2026-09-21T11:39:39.6809184000	/data/BASELINE_2026/NNUE_TUNING/C54_ITERATIVE_OVERNIGHT_V1/GENERATIONS/GEN_0077/metrics.log
200031	2026-09-21T11:39:39.5448804000	/data/BASELINE_2026/NNUE_TUNING/C54_ITERATIVE_OVERNIGHT_V1/GENERATIONS/GEN_0077/mining.log
1740800	2026-09-21T11:39:39.6809184000	/data/BASELINE_2026/NNUE_TUNING/C54_ITERATIVE_OVERNIGHT_V1/GENERATIONS/GEN_0077/mining.sqlite
21164	2026-09-21T11:40:16.1788447000	/data/BASELINE_2026/NNUE_TUNING/C54_ITERATIVE_OVERNIGHT_V1/GENERATIONS/GEN_0077/serialize_nnue.log
600	2026-09-21T11:40:05.1885503000	/data/BASELINE_2026/NNUE_TUNING/C54_ITERATIVE_OVERNIGHT_V1/GENERATIONS/GEN_0077/serialize_pt.log
2738	2026-09-21T11:39:54.9570667000	/data/BASELINE_2026/NNUE_TUNING/C54_ITERATIVE_OVERNIGHT_V1/GENERATIONS/GEN_0077/train.log
9	2026-09-21T11:48:05.9820493000	/data/BASELINE_2026/NNUE_TUNING/C54_ITERATIVE_OVERNIGHT_V1/GENERATIONS/GEN_0078/DONE
219397	2026-09-21T11:48:04.7790895000	/data/BASELINE_2026/NNUE_TUNING/C54_ITERATIVE_OVERNIGHT_V1/GENERATIONS/GEN_0078/MATCH/games.pgn
18738	2026-09-21T11:48:04.7852969000	/data/BASELINE_2026/NNUE_TUNING/C54_ITERATIVE_OVERNIGHT_V1/GENERATIONS/GEN_0078/MATCH/match.txt
144759	2026-09-21T11:41:32.2221534000	/data/BASELINE_2026/NNUE_TUNING/C54_ITERATIVE_OVERNIGHT_V1/GENERATIONS/GEN_0078/MINING_POOL.tsv
567	2026-09-21T11:48:05.9739836000	/data/BASELINE_2026/NNUE_TUNING/C54_ITERATIVE_OVERNIGHT_V1/GENERATIONS/GEN_0078/RESULT.json
687488	2026-09-21T11:46:14.7936858000	/data/BASELINE_2026/NNUE_TUNING/C54_ITERATIVE_OVERNIGHT_V1/GENERATIONS/GEN_0078/TARGETED_TRAIN.binpack
4149020	2026-09-21T11:46:14.7281369000	/data/BASELINE_2026/NNUE_TUNING/C54_ITERATIVE_OVERNIGHT_V1/GENERATIONS/GEN_0078/TARGETED_TRAIN.tsv
1857951552	2026-09-21T11:46:28.7737279000	/data/BASELINE_2026/NNUE_TUNING/C54_ITERATIVE_OVERNIGHT_V1/GENERATIONS/GEN_0078/TRAIN_RUN/lightning_logs/version_0/checkpoints/last.ckpt
386	2026-09-21T11:46:30.1527741000	/data/BASELINE_2026/NNUE_TUNING/C54_ITERATIVE_OVERNIGHT_V1/GENERATIONS/GEN_0078/TRAIN_RUN/lightning_logs/version_0/events.out.tfevents.1789991178.74700ca2d2bd.420079.0
226	2026-09-21T11:46:30.1655600000	/data/BASELINE_2026/NNUE_TUNING/C54_ITERATIVE_OVERNIGHT_V1/GENERATIONS/GEN_0078/TRAIN_RUN/lightning_logs/version_0/metrics.csv
0	2026-09-21T11:46:30.1707161000	/data/BASELINE_2026/NNUE_TUNING/C54_ITERATIVE_OVERNIGHT_V1/GENERATIONS/GEN_0078/TRAIN_RUN/training_finished
526	2026-09-21T11:46:14.8040408000	/data/BASELINE_2026/NNUE_TUNING/C54_ITERATIVE_OVERNIGHT_V1/GENERATIONS/GEN_0078/binpack.log
98961926	2026-09-21T11:46:51.2804689000	/data/BASELINE_2026/NNUE_TUNING/C54_ITERATIVE_OVERNIGHT_V1/GENERATIONS/GEN_0078/challenger.nnue
371605482	2026-09-21T11:46:40.2419596000	/data/BASELINE_2026/NNUE_TUNING/C54_ITERATIVE_OVERNIGHT_V1/GENERATIONS/GEN_0078/challenger.pt
1601	2026-09-21T11:46:56.5035494000	/data/BASELINE_2026/NNUE_TUNING/C54_ITERATIVE_OVERNIGHT_V1/GENERATIONS/GEN_0078/fixed_dev.attempt_1.txt
1601	2026-09-21T11:46:56.5147803000	/data/BASELINE_2026/NNUE_TUNING/C54_ITERATIVE_OVERNIGHT_V1/GENERATIONS/GEN_0078/fixed_dev.txt
444433	2026-09-21T11:46:14.5717349000	/data/BASELINE_2026/NNUE_TUNING/C54_ITERATIVE_OVERNIGHT_V1/GENERATIONS/GEN_0078/metrics.log
199531	2026-09-21T11:46:14.4427327000	/data/BASELINE_2026/NNUE_TUNING/C54_ITERATIVE_OVERNIGHT_V1/GENERATIONS/GEN_0078/mining.log
1748992	2026-09-21T11:46:14.5712214000	/data/BASELINE_2026/NNUE_TUNING/C54_ITERATIVE_OVERNIGHT_V1/GENERATIONS/GEN_0078/mining.sqlite
21164	2026-09-21T11:46:51.3201860000	/data/BASELINE_2026/NNUE_TUNING/C54_ITERATIVE_OVERNIGHT_V1/GENERATIONS/GEN_0078/serialize_nnue.log
600	2026-09-21T11:46:40.2736020000	/data/BASELINE_2026/NNUE_TUNING/C54_ITERATIVE_OVERNIGHT_V1/GENERATIONS/GEN_0078/serialize_pt.log
2738	2026-09-21T11:46:30.1665652000	/data/BASELINE_2026/NNUE_TUNING/C54_ITERATIVE_OVERNIGHT_V1/GENERATIONS/GEN_0078/train.log
9	2026-09-21T11:54:45.8388987000	/data/BASELINE_2026/NNUE_TUNING/C54_ITERATIVE_OVERNIGHT_V1/GENERATIONS/GEN_0079/DONE
217640	2026-09-21T11:54:44.5916160000	/data/BASELINE_2026/NNUE_TUNING/C54_ITERATIVE_OVERNIGHT_V1/GENERATIONS/GEN_0079/MATCH/games.pgn
18791	2026-09-21T11:54:44.5997258000	/data/BASELINE_2026/NNUE_TUNING/C54_ITERATIVE_OVERNIGHT_V1/GENERATIONS/GEN_0079/MATCH/match.txt
147047	2026-09-21T11:48:09.2873526000	/data/BASELINE_2026/NNUE_TUNING/C54_ITERATIVE_OVERNIGHT_V1/GENERATIONS/GEN_0079/MINING_POOL.tsv
567	2026-09-21T11:54:45.8302901000	/data/BASELINE_2026/NNUE_TUNING/C54_ITERATIVE_OVERNIGHT_V1/GENERATIONS/GEN_0079/RESULT.json
679056	2026-09-21T11:52:56.1168236000	/data/BASELINE_2026/NNUE_TUNING/C54_ITERATIVE_OVERNIGHT_V1/GENERATIONS/GEN_0079/TARGETED_TRAIN.binpack
4144905	2026-09-21T11:52:56.0531250000	/data/BASELINE_2026/NNUE_TUNING/C54_ITERATIVE_OVERNIGHT_V1/GENERATIONS/GEN_0079/TARGETED_TRAIN.tsv
1857951552	2026-09-21T11:53:09.9309137000	/data/BASELINE_2026/NNUE_TUNING/C54_ITERATIVE_OVERNIGHT_V1/GENERATIONS/GEN_0079/TRAIN_RUN/lightning_logs/version_0/checkpoints/last.ckpt
386	2026-09-21T11:53:11.3040580000	/data/BASELINE_2026/NNUE_TUNING/C54_ITERATIVE_OVERNIGHT_V1/GENERATIONS/GEN_0079/TRAIN_RUN/lightning_logs/version_0/events.out.tfevents.1789991579.74700ca2d2bd.422966.0
227	2026-09-21T11:53:11.3150372000	/data/BASELINE_2026/NNUE_TUNING/C54_ITERATIVE_OVERNIGHT_V1/GENERATIONS/GEN_0079/TRAIN_RUN/lightning_logs/version_0/metrics.csv
0	2026-09-21T11:53:11.3259089000	/data/BASELINE_2026/NNUE_TUNING/C54_ITERATIVE_OVERNIGHT_V1/GENERATIONS/GEN_0079/TRAIN_RUN/training_finished
526	2026-09-21T11:52:56.1264366000	/data/BASELINE_2026/NNUE_TUNING/C54_ITERATIVE_OVERNIGHT_V1/GENERATIONS/GEN_0079/binpack.log
98961926	2026-09-21T11:53:32.4370065000	/data/BASELINE_2026/NNUE_TUNING/C54_ITERATIVE_OVERNIGHT_V1/GENERATIONS/GEN_0079/challenger.nnue
371605482	2026-09-21T11:53:21.4947923000	/data/BASELINE_2026/NNUE_TUNING/C54_ITERATIVE_OVERNIGHT_V1/GENERATIONS/GEN_0079/challenger.pt
1601	2026-09-21T11:53:37.8248945000	/data/BASELINE_2026/NNUE_TUNING/C54_ITERATIVE_OVERNIGHT_V1/GENERATIONS/GEN_0079/fixed_dev.attempt_1.txt
1601	2026-09-21T11:53:37.8313376000	/data/BASELINE_2026/NNUE_TUNING/C54_ITERATIVE_OVERNIGHT_V1/GENERATIONS/GEN_0079/fixed_dev.txt
444153	2026-09-21T11:52:55.8882309000	/data/BASELINE_2026/NNUE_TUNING/C54_ITERATIVE_OVERNIGHT_V1/GENERATIONS/GEN_0079/metrics.log
199816	2026-09-21T11:52:55.7693296000	/data/BASELINE_2026/NNUE_TUNING/C54_ITERATIVE_OVERNIGHT_V1/GENERATIONS/GEN_0079/mining.log
1736704	2026-09-21T11:52:55.8882309000	/data/BASELINE_2026/NNUE_TUNING/C54_ITERATIVE_OVERNIGHT_V1/GENERATIONS/GEN_0079/mining.sqlite
21164	2026-09-21T11:53:32.4809820000	/data/BASELINE_2026/NNUE_TUNING/C54_ITERATIVE_OVERNIGHT_V1/GENERATIONS/GEN_0079/serialize_nnue.log
600	2026-09-21T11:53:21.5304826000	/data/BASELINE_2026/NNUE_TUNING/C54_ITERATIVE_OVERNIGHT_V1/GENERATIONS/GEN_0079/serialize_pt.log
2738	2026-09-21T11:53:11.3170394000	/data/BASELINE_2026/NNUE_TUNING/C54_ITERATIVE_OVERNIGHT_V1/GENERATIONS/GEN_0079/train.log
9	2026-09-21T12:01:30.6043282000	/data/BASELINE_2026/NNUE_TUNING/C54_ITERATIVE_OVERNIGHT_V1/GENERATIONS/GEN_0080/DONE
219573	2026-09-21T12:01:29.4408588000	/data/BASELINE_2026/NNUE_TUNING/C54_ITERATIVE_OVERNIGHT_V1/GENERATIONS/GEN_0080/MATCH/games.pgn
18751	2026-09-21T12:01:29.4507537000	/data/BASELINE_2026/NNUE_TUNING/C54_ITERATIVE_OVERNIGHT_V1/GENERATIONS/GEN_0080/MATCH/match.txt
146999	2026-09-21T11:54:49.0951961000	/data/BASELINE_2026/NNUE_TUNING/C54_ITERATIVE_OVERNIGHT_V1/GENERATIONS/GEN_0080/MINING_POOL.tsv
567	2026-09-21T12:01:30.5953365000	/data/BASELINE_2026/NNUE_TUNING/C54_ITERATIVE_OVERNIGHT_V1/GENERATIONS/GEN_0080/RESULT.json
689528	2026-09-21T11:59:40.6105577000	/data/BASELINE_2026/NNUE_TUNING/C54_ITERATIVE_OVERNIGHT_V1/GENERATIONS/GEN_0080/TARGETED_TRAIN.binpack
4198069	2026-09-21T11:59:40.5429029000	/data/BASELINE_2026/NNUE_TUNING/C54_ITERATIVE_OVERNIGHT_V1/GENERATIONS/GEN_0080/TARGETED_TRAIN.tsv
1857951552	2026-09-21T11:59:54.4240466000	/data/BASELINE_2026/NNUE_TUNING/C54_ITERATIVE_OVERNIGHT_V1/GENERATIONS/GEN_0080/TRAIN_RUN/lightning_logs/version_0/checkpoints/last.ckpt
386	2026-09-21T11:59:55.8745196000	/data/BASELINE_2026/NNUE_TUNING/C54_ITERATIVE_OVERNIGHT_V1/GENERATIONS/GEN_0080/TRAIN_RUN/lightning_logs/version_0/events.out.tfevents.1789991984.74700ca2d2bd.425859.0
227	2026-09-21T11:59:55.8861219000	/data/BASELINE_2026/NNUE_TUNING/C54_ITERATIVE_OVERNIGHT_V1/GENERATIONS/GEN_0080/TRAIN_RUN/lightning_logs/version_0/metrics.csv
0	2026-09-21T11:59:55.8941478000	/data/BASELINE_2026/NNUE_TUNING/C54_ITERATIVE_OVERNIGHT_V1/GENERATIONS/GEN_0080/TRAIN_RUN/training_finished
526	2026-09-21T11:59:40.6237336000	/data/BASELINE_2026/NNUE_TUNING/C54_ITERATIVE_OVERNIGHT_V1/GENERATIONS/GEN_0080/binpack.log
98961917	2026-09-21T12:00:16.7808729000	/data/BASELINE_2026/NNUE_TUNING/C54_ITERATIVE_OVERNIGHT_V1/GENERATIONS/GEN_0080/challenger.nnue
371605482	2026-09-21T12:00:05.8957183000	/data/BASELINE_2026/NNUE_TUNING/C54_ITERATIVE_OVERNIGHT_V1/GENERATIONS/GEN_0080/challenger.pt
1601	2026-09-21T12:00:22.0042429000	/data/BASELINE_2026/NNUE_TUNING/C54_ITERATIVE_OVERNIGHT_V1/GENERATIONS/GEN_0080/fixed_dev.attempt_1.txt
1601	2026-09-21T12:00:22.0229728000	/data/BASELINE_2026/NNUE_TUNING/C54_ITERATIVE_OVERNIGHT_V1/GENERATIONS/GEN_0080/fixed_dev.txt
444705	2026-09-21T11:59:40.3763371000	/data/BASELINE_2026/NNUE_TUNING/C54_ITERATIVE_OVERNIGHT_V1/GENERATIONS/GEN_0080/metrics.log
200195	2026-09-21T11:59:40.2430181000	/data/BASELINE_2026/NNUE_TUNING/C54_ITERATIVE_OVERNIGHT_V1/GENERATIONS/GEN_0080/mining.log
1761280	2026-09-21T11:59:40.3763371000	/data/BASELINE_2026/NNUE_TUNING/C54_ITERATIVE_OVERNIGHT_V1/GENERATIONS/GEN_0080/mining.sqlite
21164	2026-09-21T12:00:16.8227615000	/data/BASELINE_2026/NNUE_TUNING/C54_ITERATIVE_OVERNIGHT_V1/GENERATIONS/GEN_0080/serialize_nnue.log
600	2026-09-21T12:00:05.9353670000	/data/BASELINE_2026/NNUE_TUNING/C54_ITERATIVE_OVERNIGHT_V1/GENERATIONS/GEN_0080/serialize_pt.log
2738	2026-09-21T11:59:55.8861219000	/data/BASELINE_2026/NNUE_TUNING/C54_ITERATIVE_OVERNIGHT_V1/GENERATIONS/GEN_0080/train.log
9	2026-09-21T12:08:10.8011431000	/data/BASELINE_2026/NNUE_TUNING/C54_ITERATIVE_OVERNIGHT_V1/GENERATIONS/GEN_0081/DONE
210186	2026-09-21T12:08:09.6247942000	/data/BASELINE_2026/NNUE_TUNING/C54_ITERATIVE_OVERNIGHT_V1/GENERATIONS/GEN_0081/MATCH/games.pgn
18772	2026-09-21T12:08:09.6374472000	/data/BASELINE_2026/NNUE_TUNING/C54_ITERATIVE_OVERNIGHT_V1/GENERATIONS/GEN_0081/MATCH/match.txt
145334	2026-09-21T12:01:33.8204984000	/data/BASELINE_2026/NNUE_TUNING/C54_ITERATIVE_OVERNIGHT_V1/GENERATIONS/GEN_0081/MINING_POOL.tsv
569	2026-09-21T12:08:10.8011431000	/data/BASELINE_2026/NNUE_TUNING/C54_ITERATIVE_OVERNIGHT_V1/GENERATIONS/GEN_0081/RESULT.json
667088	2026-09-21T12:06:22.6196456000	/data/BASELINE_2026/NNUE_TUNING/C54_ITERATIVE_OVERNIGHT_V1/GENERATIONS/GEN_0081/TARGETED_TRAIN.binpack
4039845	2026-09-21T12:06:22.5555630000	/data/BASELINE_2026/NNUE_TUNING/C54_ITERATIVE_OVERNIGHT_V1/GENERATIONS/GEN_0081/TARGETED_TRAIN.tsv
1857951552	2026-09-21T12:06:36.3280834000	/data/BASELINE_2026/NNUE_TUNING/C54_ITERATIVE_OVERNIGHT_V1/GENERATIONS/GEN_0081/TRAIN_RUN/lightning_logs/version_0/checkpoints/last.ckpt
386	2026-09-21T12:06:37.6932849000	/data/BASELINE_2026/NNUE_TUNING/C54_ITERATIVE_OVERNIGHT_V1/GENERATIONS/GEN_0081/TRAIN_RUN/lightning_logs/version_0/events.out.tfevents.1789992386.74700ca2d2bd.428748.0
228	2026-09-21T12:06:37.7023589000	/data/BASELINE_2026/NNUE_TUNING/C54_ITERATIVE_OVERNIGHT_V1/GENERATIONS/GEN_0081/TRAIN_RUN/lightning_logs/version_0/metrics.csv
0	2026-09-21T12:06:37.7133918000	/data/BASELINE_2026/NNUE_TUNING/C54_ITERATIVE_OVERNIGHT_V1/GENERATIONS/GEN_0081/TRAIN_RUN/training_finished
526	2026-09-21T12:06:22.6283930000	/data/BASELINE_2026/NNUE_TUNING/C54_ITERATIVE_OVERNIGHT_V1/GENERATIONS/GEN_0081/binpack.log
98961923	2026-09-21T12:06:58.6506421000	/data/BASELINE_2026/NNUE_TUNING/C54_ITERATIVE_OVERNIGHT_V1/GENERATIONS/GEN_0081/challenger.nnue
371605482	2026-09-21T12:06:47.6712919000	/data/BASELINE_2026/NNUE_TUNING/C54_ITERATIVE_OVERNIGHT_V1/GENERATIONS/GEN_0081/challenger.pt
1601	2026-09-21T12:07:03.8990906000	/data/BASELINE_2026/NNUE_TUNING/C54_ITERATIVE_OVERNIGHT_V1/GENERATIONS/GEN_0081/fixed_dev.attempt_1.txt
1601	2026-09-21T12:07:03.9040528000	/data/BASELINE_2026/NNUE_TUNING/C54_ITERATIVE_OVERNIGHT_V1/GENERATIONS/GEN_0081/fixed_dev.txt
444557	2026-09-21T12:06:22.3980019000	/data/BASELINE_2026/NNUE_TUNING/C54_ITERATIVE_OVERNIGHT_V1/GENERATIONS/GEN_0081/metrics.log
199706	2026-09-21T12:06:22.2666276000	/data/BASELINE_2026/NNUE_TUNING/C54_ITERATIVE_OVERNIGHT_V1/GENERATIONS/GEN_0081/mining.log
1744896	2026-09-21T12:06:22.3980019000	/data/BASELINE_2026/NNUE_TUNING/C54_ITERATIVE_OVERNIGHT_V1/GENERATIONS/GEN_0081/mining.sqlite
21164	2026-09-21T12:06:58.6853331000	/data/BASELINE_2026/NNUE_TUNING/C54_ITERATIVE_OVERNIGHT_V1/GENERATIONS/GEN_0081/serialize_nnue.log
600	2026-09-21T12:06:47.7056928000	/data/BASELINE_2026/NNUE_TUNING/C54_ITERATIVE_OVERNIGHT_V1/GENERATIONS/GEN_0081/serialize_pt.log
2738	2026-09-21T12:06:37.7043658000	/data/BASELINE_2026/NNUE_TUNING/C54_ITERATIVE_OVERNIGHT_V1/GENERATIONS/GEN_0081/train.log
9	2026-09-21T12:14:52.6671734000	/data/BASELINE_2026/NNUE_TUNING/C54_ITERATIVE_OVERNIGHT_V1/GENERATIONS/GEN_0082/DONE
201278	2026-09-21T12:14:51.4985576000	/data/BASELINE_2026/NNUE_TUNING/C54_ITERATIVE_OVERNIGHT_V1/GENERATIONS/GEN_0082/MATCH/games.pgn
18757	2026-09-21T12:14:51.5098051000	/data/BASELINE_2026/NNUE_TUNING/C54_ITERATIVE_OVERNIGHT_V1/GENERATIONS/GEN_0082/MATCH/match.txt
145817	2026-09-21T12:08:13.9895865000	/data/BASELINE_2026/NNUE_TUNING/C54_ITERATIVE_OVERNIGHT_V1/GENERATIONS/GEN_0082/MINING_POOL.tsv
568	2026-09-21T12:14:52.6579799000	/data/BASELINE_2026/NNUE_TUNING/C54_ITERATIVE_OVERNIGHT_V1/GENERATIONS/GEN_0082/RESULT.json
693472	2026-09-21T12:13:04.3497432000	/data/BASELINE_2026/NNUE_TUNING/C54_ITERATIVE_OVERNIGHT_V1/GENERATIONS/GEN_0082/TARGETED_TRAIN.binpack
4180865	2026-09-21T12:13:04.2805334000	/data/BASELINE_2026/NNUE_TUNING/C54_ITERATIVE_OVERNIGHT_V1/GENERATIONS/GEN_0082/TARGETED_TRAIN.tsv
1857951552	2026-09-21T12:13:17.9978963000	/data/BASELINE_2026/NNUE_TUNING/C54_ITERATIVE_OVERNIGHT_V1/GENERATIONS/GEN_0082/TRAIN_RUN/lightning_logs/version_0/checkpoints/last.ckpt
386	2026-09-21T12:13:19.3952988000	/data/BASELINE_2026/NNUE_TUNING/C54_ITERATIVE_OVERNIGHT_V1/GENERATIONS/GEN_0082/TRAIN_RUN/lightning_logs/version_0/events.out.tfevents.1789992788.74700ca2d2bd.431617.0
226	2026-09-21T12:13:19.4075229000	/data/BASELINE_2026/NNUE_TUNING/C54_ITERATIVE_OVERNIGHT_V1/GENERATIONS/GEN_0082/TRAIN_RUN/lightning_logs/version_0/metrics.csv
0	2026-09-21T12:13:19.4170638000	/data/BASELINE_2026/NNUE_TUNING/C54_ITERATIVE_OVERNIGHT_V1/GENERATIONS/GEN_0082/TRAIN_RUN/training_finished
526	2026-09-21T12:13:04.3564689000	/data/BASELINE_2026/NNUE_TUNING/C54_ITERATIVE_OVERNIGHT_V1/GENERATIONS/GEN_0082/binpack.log
98961917	2026-09-21T12:13:40.3857930000	/data/BASELINE_2026/NNUE_TUNING/C54_ITERATIVE_OVERNIGHT_V1/GENERATIONS/GEN_0082/challenger.nnue
371605482	2026-09-21T12:13:29.4861071000	/data/BASELINE_2026/NNUE_TUNING/C54_ITERATIVE_OVERNIGHT_V1/GENERATIONS/GEN_0082/challenger.pt
1601	2026-09-21T12:13:45.6162690000	/data/BASELINE_2026/NNUE_TUNING/C54_ITERATIVE_OVERNIGHT_V1/GENERATIONS/GEN_0082/fixed_dev.attempt_1.txt
1601	2026-09-21T12:13:45.6202743000	/data/BASELINE_2026/NNUE_TUNING/C54_ITERATIVE_OVERNIGHT_V1/GENERATIONS/GEN_0082/fixed_dev.txt
445131	2026-09-21T12:13:04.1186666000	/data/BASELINE_2026/NNUE_TUNING/C54_ITERATIVE_OVERNIGHT_V1/GENERATIONS/GEN_0082/metrics.log
200055	2026-09-21T12:13:03.9865836000	/data/BASELINE_2026/NNUE_TUNING/C54_ITERATIVE_OVERNIGHT_V1/GENERATIONS/GEN_0082/mining.log
1761280	2026-09-21T12:13:04.1076499000	/data/BASELINE_2026/NNUE_TUNING/C54_ITERATIVE_OVERNIGHT_V1/GENERATIONS/GEN_0082/mining.sqlite
21164	2026-09-21T12:13:40.4323063000	/data/BASELINE_2026/NNUE_TUNING/C54_ITERATIVE_OVERNIGHT_V1/GENERATIONS/GEN_0082/serialize_nnue.log
600	2026-09-21T12:13:29.5179854000	/data/BASELINE_2026/NNUE_TUNING/C54_ITERATIVE_OVERNIGHT_V1/GENERATIONS/GEN_0082/serialize_pt.log
2738	2026-09-21T12:13:19.4075229000	/data/BASELINE_2026/NNUE_TUNING/C54_ITERATIVE_OVERNIGHT_V1/GENERATIONS/GEN_0082/train.log
9	2026-09-21T12:21:32.5850931000	/data/BASELINE_2026/NNUE_TUNING/C54_ITERATIVE_OVERNIGHT_V1/GENERATIONS/GEN_0083/DONE
216729	2026-09-21T12:21:31.4214341000	/data/BASELINE_2026/NNUE_TUNING/C54_ITERATIVE_OVERNIGHT_V1/GENERATIONS/GEN_0083/MATCH/games.pgn
18807	2026-09-21T12:21:31.4299648000	/data/BASELINE_2026/NNUE_TUNING/C54_ITERATIVE_OVERNIGHT_V1/GENERATIONS/GEN_0083/MATCH/match.txt
144505	2026-09-21T12:14:55.9190941000	/data/BASELINE_2026/NNUE_TUNING/C54_ITERATIVE_OVERNIGHT_V1/GENERATIONS/GEN_0083/MINING_POOL.tsv
568	2026-09-21T12:21:32.5692326000	/data/BASELINE_2026/NNUE_TUNING/C54_ITERATIVE_OVERNIGHT_V1/GENERATIONS/GEN_0083/RESULT.json
696056	2026-09-21T12:19:43.5066864000	/data/BASELINE_2026/NNUE_TUNING/C54_ITERATIVE_OVERNIGHT_V1/GENERATIONS/GEN_0083/TARGETED_TRAIN.binpack
4198536	2026-09-21T12:19:43.4433875000	/data/BASELINE_2026/NNUE_TUNING/C54_ITERATIVE_OVERNIGHT_V1/GENERATIONS/GEN_0083/TARGETED_TRAIN.tsv
1857951552	2026-09-21T12:19:56.5880238000	/data/BASELINE_2026/NNUE_TUNING/C54_ITERATIVE_OVERNIGHT_V1/GENERATIONS/GEN_0083/TRAIN_RUN/lightning_logs/version_0/checkpoints/last.ckpt
386	2026-09-21T12:19:57.9438838000	/data/BASELINE_2026/NNUE_TUNING/C54_ITERATIVE_OVERNIGHT_V1/GENERATIONS/GEN_0083/TRAIN_RUN/lightning_logs/version_0/events.out.tfevents.1789993187.74700ca2d2bd.434484.0
225	2026-09-21T12:19:57.9549569000	/data/BASELINE_2026/NNUE_TUNING/C54_ITERATIVE_OVERNIGHT_V1/GENERATIONS/GEN_0083/TRAIN_RUN/lightning_logs/version_0/metrics.csv
0	2026-09-21T12:19:57.9631767000	/data/BASELINE_2026/NNUE_TUNING/C54_ITERATIVE_OVERNIGHT_V1/GENERATIONS/GEN_0083/TRAIN_RUN/training_finished
526	2026-09-21T12:19:43.5117479000	/data/BASELINE_2026/NNUE_TUNING/C54_ITERATIVE_OVERNIGHT_V1/GENERATIONS/GEN_0083/binpack.log
98961920	2026-09-21T12:20:18.3876365000	/data/BASELINE_2026/NNUE_TUNING/C54_ITERATIVE_OVERNIGHT_V1/GENERATIONS/GEN_0083/challenger.nnue
371605482	2026-09-21T12:20:07.6610752000	/data/BASELINE_2026/NNUE_TUNING/C54_ITERATIVE_OVERNIGHT_V1/GENERATIONS/GEN_0083/challenger.pt
1601	2026-09-21T12:20:23.5963122000	/data/BASELINE_2026/NNUE_TUNING/C54_ITERATIVE_OVERNIGHT_V1/GENERATIONS/GEN_0083/fixed_dev.attempt_1.txt
1601	2026-09-21T12:20:23.6067704000	/data/BASELINE_2026/NNUE_TUNING/C54_ITERATIVE_OVERNIGHT_V1/GENERATIONS/GEN_0083/fixed_dev.txt
445705	2026-09-21T12:19:43.2805125000	/data/BASELINE_2026/NNUE_TUNING/C54_ITERATIVE_OVERNIGHT_V1/GENERATIONS/GEN_0083/metrics.log
199731	2026-09-21T12:19:43.1633311000	/data/BASELINE_2026/NNUE_TUNING/C54_ITERATIVE_OVERNIGHT_V1/GENERATIONS/GEN_0083/mining.log
1769472	2026-09-21T12:19:43.2805125000	/data/BASELINE_2026/NNUE_TUNING/C54_ITERATIVE_OVERNIGHT_V1/GENERATIONS/GEN_0083/mining.sqlite
21164	2026-09-21T12:20:18.4271619000	/data/BASELINE_2026/NNUE_TUNING/C54_ITERATIVE_OVERNIGHT_V1/GENERATIONS/GEN_0083/serialize_nnue.log
600	2026-09-21T12:20:07.6927901000	/data/BASELINE_2026/NNUE_TUNING/C54_ITERATIVE_OVERNIGHT_V1/GENERATIONS/GEN_0083/serialize_pt.log
2738	2026-09-21T12:19:57.9549569000	/data/BASELINE_2026/NNUE_TUNING/C54_ITERATIVE_OVERNIGHT_V1/GENERATIONS/GEN_0083/train.log
9	2026-09-21T12:28:12.2086013000	/data/BASELINE_2026/NNUE_TUNING/C54_ITERATIVE_OVERNIGHT_V1/GENERATIONS/GEN_0084/DONE
201856	2026-09-21T12:28:11.0251065000	/data/BASELINE_2026/NNUE_TUNING/C54_ITERATIVE_OVERNIGHT_V1/GENERATIONS/GEN_0084/MATCH/games.pgn
18849	2026-09-21T12:28:11.0360705000	/data/BASELINE_2026/NNUE_TUNING/C54_ITERATIVE_OVERNIGHT_V1/GENERATIONS/GEN_0084/MATCH/match.txt
145927	2026-09-21T12:21:35.8354726000	/data/BASELINE_2026/NNUE_TUNING/C54_ITERATIVE_OVERNIGHT_V1/GENERATIONS/GEN_0084/MINING_POOL.tsv
567	2026-09-21T12:28:12.1936384000	/data/BASELINE_2026/NNUE_TUNING/C54_ITERATIVE_OVERNIGHT_V1/GENERATIONS/GEN_0084/RESULT.json
681232	2026-09-21T12:26:25.3931048000	/data/BASELINE_2026/NNUE_TUNING/C54_ITERATIVE_OVERNIGHT_V1/GENERATIONS/GEN_0084/TARGETED_TRAIN.binpack
4126999	2026-09-21T12:26:25.3339196000	/data/BASELINE_2026/NNUE_TUNING/C54_ITERATIVE_OVERNIGHT_V1/GENERATIONS/GEN_0084/TARGETED_TRAIN.tsv
1857951552	2026-09-21T12:26:39.0501518000	/data/BASELINE_2026/NNUE_TUNING/C54_ITERATIVE_OVERNIGHT_V1/GENERATIONS/GEN_0084/TRAIN_RUN/lightning_logs/version_0/checkpoints/last.ckpt
386	2026-09-21T12:26:40.4386649000	/data/BASELINE_2026/NNUE_TUNING/C54_ITERATIVE_OVERNIGHT_V1/GENERATIONS/GEN_0084/TRAIN_RUN/lightning_logs/version_0/events.out.tfevents.1789993589.74700ca2d2bd.437373.0
226	2026-09-21T12:26:40.4482239000	/data/BASELINE_2026/NNUE_TUNING/C54_ITERATIVE_OVERNIGHT_V1/GENERATIONS/GEN_0084/TRAIN_RUN/lightning_logs/version_0/metrics.csv
0	2026-09-21T12:26:40.4612637000	/data/BASELINE_2026/NNUE_TUNING/C54_ITERATIVE_OVERNIGHT_V1/GENERATIONS/GEN_0084/TRAIN_RUN/training_finished
526	2026-09-21T12:26:25.4026469000	/data/BASELINE_2026/NNUE_TUNING/C54_ITERATIVE_OVERNIGHT_V1/GENERATIONS/GEN_0084/binpack.log
98961915	2026-09-21T12:27:01.7092526000	/data/BASELINE_2026/NNUE_TUNING/C54_ITERATIVE_OVERNIGHT_V1/GENERATIONS/GEN_0084/challenger.nnue
371605482	2026-09-21T12:26:50.6776026000	/data/BASELINE_2026/NNUE_TUNING/C54_ITERATIVE_OVERNIGHT_V1/GENERATIONS/GEN_0084/challenger.pt
1601	2026-09-21T12:27:07.0306498000	/data/BASELINE_2026/NNUE_TUNING/C54_ITERATIVE_OVERNIGHT_V1/GENERATIONS/GEN_0084/fixed_dev.attempt_1.txt
1601	2026-09-21T12:27:07.0377480000	/data/BASELINE_2026/NNUE_TUNING/C54_ITERATIVE_OVERNIGHT_V1/GENERATIONS/GEN_0084/fixed_dev.txt
444214	2026-09-21T12:26:25.1775521000	/data/BASELINE_2026/NNUE_TUNING/C54_ITERATIVE_OVERNIGHT_V1/GENERATIONS/GEN_0084/metrics.log
200107	2026-09-21T12:26:25.0466457000	/data/BASELINE_2026/NNUE_TUNING/C54_ITERATIVE_OVERNIGHT_V1/GENERATIONS/GEN_0084/mining.log
1757184	2026-09-21T12:26:25.1775521000	/data/BASELINE_2026/NNUE_TUNING/C54_ITERATIVE_OVERNIGHT_V1/GENERATIONS/GEN_0084/mining.sqlite
21164	2026-09-21T12:27:01.7420010000	/data/BASELINE_2026/NNUE_TUNING/C54_ITERATIVE_OVERNIGHT_V1/GENERATIONS/GEN_0084/serialize_nnue.log
600	2026-09-21T12:26:50.7111069000	/data/BASELINE_2026/NNUE_TUNING/C54_ITERATIVE_OVERNIGHT_V1/GENERATIONS/GEN_0084/serialize_pt.log
2738	2026-09-21T12:26:40.4519322000	/data/BASELINE_2026/NNUE_TUNING/C54_ITERATIVE_OVERNIGHT_V1/GENERATIONS/GEN_0084/train.log
9	2026-09-21T12:35:01.5304448000	/data/BASELINE_2026/NNUE_TUNING/C54_ITERATIVE_OVERNIGHT_V1/GENERATIONS/GEN_0085/DONE
223398	2026-09-21T12:35:00.2649606000	/data/BASELINE_2026/NNUE_TUNING/C54_ITERATIVE_OVERNIGHT_V1/GENERATIONS/GEN_0085/MATCH/games.pgn
18772	2026-09-21T12:35:00.2649606000	/data/BASELINE_2026/NNUE_TUNING/C54_ITERATIVE_OVERNIGHT_V1/GENERATIONS/GEN_0085/MATCH/match.txt
146513	2026-09-21T12:28:15.4523576000	/data/BASELINE_2026/NNUE_TUNING/C54_ITERATIVE_OVERNIGHT_V1/GENERATIONS/GEN_0085/MINING_POOL.tsv
569	2026-09-21T12:35:01.5177781000	/data/BASELINE_2026/NNUE_TUNING/C54_ITERATIVE_OVERNIGHT_V1/GENERATIONS/GEN_0085/RESULT.json
681504	2026-09-21T12:33:09.1219158000	/data/BASELINE_2026/NNUE_TUNING/C54_ITERATIVE_OVERNIGHT_V1/GENERATIONS/GEN_0085/TARGETED_TRAIN.binpack
4139772	2026-09-21T12:33:09.0576463000	/data/BASELINE_2026/NNUE_TUNING/C54_ITERATIVE_OVERNIGHT_V1/GENERATIONS/GEN_0085/TARGETED_TRAIN.tsv
1857951552	2026-09-21T12:33:23.0953977000	/data/BASELINE_2026/NNUE_TUNING/C54_ITERATIVE_OVERNIGHT_V1/GENERATIONS/GEN_0085/TRAIN_RUN/lightning_logs/version_0/checkpoints/last.ckpt
386	2026-09-21T12:33:24.4893493000	/data/BASELINE_2026/NNUE_TUNING/C54_ITERATIVE_OVERNIGHT_V1/GENERATIONS/GEN_0085/TRAIN_RUN/lightning_logs/version_0/events.out.tfevents.1789993992.74700ca2d2bd.440266.0
227	2026-09-21T12:33:24.4994409000	/data/BASELINE_2026/NNUE_TUNING/C54_ITERATIVE_OVERNIGHT_V1/GENERATIONS/GEN_0085/TRAIN_RUN/lightning_logs/version_0/metrics.csv
0	2026-09-21T12:33:24.5099739000	/data/BASELINE_2026/NNUE_TUNING/C54_ITERATIVE_OVERNIGHT_V1/GENERATIONS/GEN_0085/TRAIN_RUN/training_finished
526	2026-09-21T12:33:09.1260347000	/data/BASELINE_2026/NNUE_TUNING/C54_ITERATIVE_OVERNIGHT_V1/GENERATIONS/GEN_0085/binpack.log
98961917	2026-09-21T12:33:46.5994889000	/data/BASELINE_2026/NNUE_TUNING/C54_ITERATIVE_OVERNIGHT_V1/GENERATIONS/GEN_0085/challenger.nnue
371605482	2026-09-21T12:33:35.4264745000	/data/BASELINE_2026/NNUE_TUNING/C54_ITERATIVE_OVERNIGHT_V1/GENERATIONS/GEN_0085/challenger.pt
1601	2026-09-21T12:33:51.6901959000	/data/BASELINE_2026/NNUE_TUNING/C54_ITERATIVE_OVERNIGHT_V1/GENERATIONS/GEN_0085/fixed_dev.attempt_1.txt
1601	2026-09-21T12:33:51.6942057000	/data/BASELINE_2026/NNUE_TUNING/C54_ITERATIVE_OVERNIGHT_V1/GENERATIONS/GEN_0085/fixed_dev.txt
444981	2026-09-21T12:33:08.8934288000	/data/BASELINE_2026/NNUE_TUNING/C54_ITERATIVE_OVERNIGHT_V1/GENERATIONS/GEN_0085/metrics.log
200314	2026-09-21T12:33:08.7197170000	/data/BASELINE_2026/NNUE_TUNING/C54_ITERATIVE_OVERNIGHT_V1/GENERATIONS/GEN_0085/mining.log
1761280	2026-09-21T12:33:08.8838184000	/data/BASELINE_2026/NNUE_TUNING/C54_ITERATIVE_OVERNIGHT_V1/GENERATIONS/GEN_0085/mining.sqlite
21164	2026-09-21T12:33:46.6393308000	/data/BASELINE_2026/NNUE_TUNING/C54_ITERATIVE_OVERNIGHT_V1/GENERATIONS/GEN_0085/serialize_nnue.log
600	2026-09-21T12:33:35.4695809000	/data/BASELINE_2026/NNUE_TUNING/C54_ITERATIVE_OVERNIGHT_V1/GENERATIONS/GEN_0085/serialize_pt.log
2738	2026-09-21T12:33:24.5014453000	/data/BASELINE_2026/NNUE_TUNING/C54_ITERATIVE_OVERNIGHT_V1/GENERATIONS/GEN_0085/train.log
9	2026-09-21T12:41:36.6926179000	/data/BASELINE_2026/NNUE_TUNING/C54_ITERATIVE_OVERNIGHT_V1/GENERATIONS/GEN_0086/DONE
199851	2026-09-21T12:41:35.4709238000	/data/BASELINE_2026/NNUE_TUNING/C54_ITERATIVE_OVERNIGHT_V1/GENERATIONS/GEN_0086/MATCH/games.pgn
18816	2026-09-21T12:41:35.4709238000	/data/BASELINE_2026/NNUE_TUNING/C54_ITERATIVE_OVERNIGHT_V1/GENERATIONS/GEN_0086/MATCH/match.txt
145864	2026-09-21T12:35:04.7258649000	/data/BASELINE_2026/NNUE_TUNING/C54_ITERATIVE_OVERNIGHT_V1/GENERATIONS/GEN_0086/MINING_POOL.tsv
566	2026-09-21T12:41:36.6779897000	/data/BASELINE_2026/NNUE_TUNING/C54_ITERATIVE_OVERNIGHT_V1/GENERATIONS/GEN_0086/RESULT.json
687488	2026-09-21T12:39:51.6145954000	/data/BASELINE_2026/NNUE_TUNING/C54_ITERATIVE_OVERNIGHT_V1/GENERATIONS/GEN_0086/TARGETED_TRAIN.binpack
4187083	2026-09-21T12:39:51.5461695000	/data/BASELINE_2026/NNUE_TUNING/C54_ITERATIVE_OVERNIGHT_V1/GENERATIONS/GEN_0086/TARGETED_TRAIN.tsv
1857951552	2026-09-21T12:40:05.5868021000	/data/BASELINE_2026/NNUE_TUNING/C54_ITERATIVE_OVERNIGHT_V1/GENERATIONS/GEN_0086/TRAIN_RUN/lightning_logs/version_0/checkpoints/last.ckpt
386	2026-09-21T12:40:06.9859594000	/data/BASELINE_2026/NNUE_TUNING/C54_ITERATIVE_OVERNIGHT_V1/GENERATIONS/GEN_0086/TRAIN_RUN/lightning_logs/version_0/events.out.tfevents.1789994395.74700ca2d2bd.443164.0
226	2026-09-21T12:40:06.9940176000	/data/BASELINE_2026/NNUE_TUNING/C54_ITERATIVE_OVERNIGHT_V1/GENERATIONS/GEN_0086/TRAIN_RUN/lightning_logs/version_0/metrics.csv
0	2026-09-21T12:40:07.0059659000	/data/BASELINE_2026/NNUE_TUNING/C54_ITERATIVE_OVERNIGHT_V1/GENERATIONS/GEN_0086/TRAIN_RUN/training_finished
526	2026-09-21T12:39:51.6161124000	/data/BASELINE_2026/NNUE_TUNING/C54_ITERATIVE_OVERNIGHT_V1/GENERATIONS/GEN_0086/binpack.log
98961921	2026-09-21T12:40:28.4688328000	/data/BASELINE_2026/NNUE_TUNING/C54_ITERATIVE_OVERNIGHT_V1/GENERATIONS/GEN_0086/challenger.nnue
371605482	2026-09-21T12:40:17.0965719000	/data/BASELINE_2026/NNUE_TUNING/C54_ITERATIVE_OVERNIGHT_V1/GENERATIONS/GEN_0086/challenger.pt
1601	2026-09-21T12:40:33.8747229000	/data/BASELINE_2026/NNUE_TUNING/C54_ITERATIVE_OVERNIGHT_V1/GENERATIONS/GEN_0086/fixed_dev.attempt_1.txt
1601	2026-09-21T12:40:33.8747229000	/data/BASELINE_2026/NNUE_TUNING/C54_ITERATIVE_OVERNIGHT_V1/GENERATIONS/GEN_0086/fixed_dev.txt
444211	2026-09-21T12:39:51.3723450000	/data/BASELINE_2026/NNUE_TUNING/C54_ITERATIVE_OVERNIGHT_V1/GENERATIONS/GEN_0086/metrics.log
199713	2026-09-21T12:39:51.2303374000	/data/BASELINE_2026/NNUE_TUNING/C54_ITERATIVE_OVERNIGHT_V1/GENERATIONS/GEN_0086/mining.log
1736704	2026-09-21T12:39:51.3723450000	/data/BASELINE_2026/NNUE_TUNING/C54_ITERATIVE_OVERNIGHT_V1/GENERATIONS/GEN_0086/mining.sqlite
21164	2026-09-21T12:40:28.5125532000	/data/BASELINE_2026/NNUE_TUNING/C54_ITERATIVE_OVERNIGHT_V1/GENERATIONS/GEN_0086/serialize_nnue.log
600	2026-09-21T12:40:17.1272146000	/data/BASELINE_2026/NNUE_TUNING/C54_ITERATIVE_OVERNIGHT_V1/GENERATIONS/GEN_0086/serialize_pt.log
2738	2026-09-21T12:40:06.9940176000	/data/BASELINE_2026/NNUE_TUNING/C54_ITERATIVE_OVERNIGHT_V1/GENERATIONS/GEN_0086/train.log
146713	2026-09-21T12:41:39.8213831000	/data/BASELINE_2026/NNUE_TUNING/C54_ITERATIVE_OVERNIGHT_V1/GENERATIONS/GEN_0087/MINING_POOL.tsv
98639	2026-09-21T12:44:01.7383652000	/data/BASELINE_2026/NNUE_TUNING/C54_ITERATIVE_OVERNIGHT_V1/GENERATIONS/GEN_0087/mining.log
905216	2026-09-21T12:44:05.0031966000	/data/BASELINE_2026/NNUE_TUNING/C54_ITERATIVE_OVERNIGHT_V1/GENERATIONS/GEN_0087/mining.sqlite
